people_count,occupancy_ratio,avg_person_area,avg_distance,min_distance,spatial_spread,top_region_count,middle_region_count,bottom_region_count,frame_occupancy_density,density_label
4,0.00823,0.020842,1.0,0.914069,0.034966,1,2,1,5.0,LOW
10,0.418038,0.056899,0.320861,0.13604,0.31633,1,1,8,16.735145,MEDIUM
3,0.22916,0.077063,0.221662,0.120384,0.447473,0,3,0,7.47625,MEDIUM
3,0.036213,0.004494,1.0,0.894522,0.426982,2,1,0,3.927576,LOW
2,0.024603,0.015556,0.887187,0.812745,0.216536,1,1,0,2.564805,LOW
3,0.003754,0.001,0.72678,0.548859,0.340816,3,0,0,1.775164,LOW
1,0.012487,0.01269,0.58539,0.423086,0.261267,0,0,1,1.158601,LOW
6,0.380657,0.070632,0.237593,0.084601,0.203992,0,1,5,14.588892,MEDIUM
12,0.224119,0.00925,0.232022,0.12172,0.225699,1,5,6,22.178452,MEDIUM
0,0.0,0.0,1.0,1.0,0.0,0,0,0,0.0,LOW
6,0.29632,0.052071,0.587566,0.459062,0.208298,6,0,0,14.777827,MEDIUM
0,0.0,0.0,1.0,1.0,0.0,0,0,0,0.0,LOW
0,0.0,0.0,1.0,1.0,0.0,0,0,0,0.0,LOW
0,0.0,0.0,1.0,1.0,0.0,0,0,0,0.0,LOW
6,0.187596,0.032369,0.05,0.02,0.053263,0,5,1,8.239464,MEDIUM
11,0.68238,0.062168,0.037313,0.002,0.203275,2,7,2,34.12054,HIGH
2,0.026287,0.001,0.789814,0.726164,0.497735,0,1,1,1.463858,LOW
63,0.758713,0.008565,0.061745,0.047856,0.087323,13,34,16,118.148057,HIGH
8,0.143233,0.012136,0.7,0.525831,0.242444,1,5,2,19.97368,MEDIUM
1,0.001,0.001,0.321187,0.150962,0.093004,0,1,0,1.623903,LOW
4,0.014616,0.001,0.838238,0.638285,0.447168,2,2,0,2.504573,LOW
11,0.199031,0.010639,0.457452,0.374237,0.269437,5,5,1,24.254679,MEDIUM
1,0.015116,0.003544,0.424899,0.234739,0.351889,0,1,0,1.432129,LOW
0,0.0,0.0,1.0,1.0,0.0,0,0,0,0.0,LOW
28,0.841133,0.030237,0.019486,0.002,0.345549,4,5,19,93.828808,HIGH
0,0.0,0.0,1.0,1.0,0.0,0,0,0,0.0,LOW
27,0.512407,0.018819,0.256887,0.167336,0.092386,2,23,2,80.013839,HIGH
4,0.05515,0.001,0.616853,0.530922,0.310331,0,2,2,2.586675,LOW
21,0.702247,0.033138,0.165641,0.095057,0.184782,4,1,16,39.34598,HIGH
2,0.045903,0.013093,0.460462,0.264541,0.137776,2,0,0,1.603746,LOW
4,0.08,0.016338,0.060967,0.02,0.242165,0,2,2,8.609252,MEDIUM
2,0.026273,0.014397,0.702858,0.50155,0.162392,0,1,1,2.685847,LOW
25,0.568744,0.020934,0.073552,0.002,0.323407,7,3,15,59.925815,HIGH
17,0.815385,0.044313,0.120849,0.029445,0.071679,2,1,14,31.676944,HIGH
7,0.227253,0.024931,0.198793,0.105647,0.170424,4,1,2,20.331207,MEDIUM
11,0.445579,0.035511,0.323537,0.193275,0.05,0,7,4,18.605142,MEDIUM
49,0.647487,0.015261,0.005,0.002,0.093994,3,17,29,84.327503,HIGH
30,0.546013,0.015845,0.151539,0.065862,0.33065,8,21,1,59.179334,HIGH
47,0.616547,0.016046,0.037945,0.002,0.368252,2,4,41,127.858887,HIGH
6,0.215213,0.023433,0.664884,0.491182,0.339937,1,0,5,9.859101,MEDIUM
77,0.773915,0.007402,0.286515,0.227363,0.141999,44,5,28,118.502334,HIGH
27,0.709896,0.022586,0.212781,0.203652,0.416837,3,4,20,101.903795,HIGH
3,0.046253,0.013977,0.74017,0.648343,0.371138,2,0,1,3.61062,LOW
4,0.059018,0.02698,0.672972,0.505901,0.462224,0,4,0,5.0,LOW
2,0.001824,0.006588,0.622659,0.426808,0.04867,1,0,1,1.687953,LOW
14,0.601683,0.044752,0.110501,0.014472,0.143078,4,10,0,47.457932,HIGH
40,0.460689,0.012824,0.077238,0.051969,0.356234,3,31,6,76.368697,HIGH
41,0.611935,0.012495,0.214941,0.130169,0.138628,2,12,27,93.05834,HIGH
3,0.106616,0.027272,0.673904,0.518609,0.33613,0,0,3,8.190377,MEDIUM
6,0.308142,0.064949,0.489199,0.335887,0.379476,5,1,0,10.992402,MEDIUM
125,0.339782,0.002,0.070127,0.04264,0.364775,24,27,74,239.219576,HIGH
43,0.450521,0.01366,0.277239,0.218534,0.289893,2,19,22,99.591499,HIGH
3,0.157352,0.057952,0.566364,0.395163,0.235632,1,0,2,6.643481,MEDIUM
12,0.16774,0.009693,0.289155,0.151309,0.344484,2,8,2,25.0,MEDIUM
4,0.001,0.001,0.557077,0.308638,0.164278,0,4,0,5.0,LOW
10,0.08,0.008262,0.60961,0.446259,0.166078,2,6,2,10.757702,MEDIUM
1,0.001,0.001,0.555001,0.384089,0.038197,1,0,0,1.189066,LOW
3,0.001,0.001,0.239275,0.154427,0.459585,0,0,3,3.240677,LOW
4,0.08,0.016945,0.536028,0.391799,0.067586,1,0,3,5.555701,MEDIUM
4,0.247792,0.065662,0.598919,0.53878,0.354313,0,2,2,11.335293,MEDIUM
7,0.327977,0.041212,0.403941,0.265553,0.302737,1,1,5,16.596083,MEDIUM
45,0.70725,0.016273,0.034644,0.002,0.303194,14,23,8,109.956014,HIGH
50,0.484202,0.012197,0.316374,0.241109,0.362682,26,2,22,98.787325,HIGH
48,0.60486,0.010591,0.072784,0.013356,0.118326,12,2,34,134.358982,HIGH
1,0.024127,0.027025,0.897951,0.777907,0.251702,1,0,0,1.070962,LOW
8,0.223861,0.029349,0.546594,0.380027,0.357267,3,1,4,13.187097,MEDIUM
32,0.694917,0.020513,0.146548,0.081438,0.024861,0,21,11,108.375482,HIGH
4,0.252682,0.065184,0.22988,0.118237,0.387327,3,0,1,3.89298,MEDIUM
32,0.575691,0.009973,0.222657,0.150251,0.21399,6,19,7,117.881984,HIGH
42,0.543049,0.009761,0.22243,0.181134,0.14667,26,7,9,89.342015,HIGH
5,0.257384,0.052573,0.237819,0.114758,0.363502,1,3,1,12.346556,MEDIUM
1,0.004123,0.009917,1.0,0.82414,0.114797,1,0,0,0.546352,LOW
4,0.015288,0.005845,0.931808,0.819494,0.486229,2,1,1,4.623199,LOW
3,0.019303,0.005158,0.688377,0.617999,0.079012,2,1,0,3.600423,LOW
0,0.0,0.0,1.0,1.0,0.0,0,0,0,0.0,LOW
4,0.08,0.01916,0.45957,0.309435,0.460656,2,2,0,10.446773,MEDIUM
1,0.016374,0.016941,0.871684,0.627425,0.153694,0,1,0,0.408653,LOW
12,0.174892,0.021104,0.483409,0.385096,0.328689,4,3,5,17.095077,MEDIUM
5,0.280116,0.054967,0.396258,0.319332,0.402684,0,1,4,13.241617,MEDIUM
33,0.720389,0.024748,0.085605,0.053274,0.301576,18,11,4,77.35737,HIGH
11,0.25985,0.023601,0.170021,0.02,0.290941,1,5,5,11.222672,MEDIUM
11,0.169054,0.005,0.150587,0.06472,0.241374,0,7,4,15.670797,MEDIUM
54,0.430183,0.009,0.174072,0.097433,0.360042,6,40,8,173.863416,HIGH
1,0.013955,0.015633,0.184872,0.133891,0.129697,0,0,1,0.66014,LOW
10,0.115328,0.006796,0.267666,0.122026,0.404674,3,5,2,22.390158,MEDIUM
3,0.023177,0.012091,1.0,0.819752,0.320672,0,0,3,0.870484,LOW
4,0.027847,0.001,1.0,0.8407,0.499255,0,4,0,2.846184,LOW
1,0.014558,0.001943,0.469304,0.261271,0.490147,1,0,0,0.772978,LOW
57,0.583375,0.011773,0.148463,0.083793,0.239569,15,36,6,227.615271,HIGH
95,0.652589,0.006229,0.148906,0.080927,0.349172,23,23,49,253.596843,HIGH
21,0.391557,0.021418,0.092723,0.033004,0.327323,5,12,4,37.944921,HIGH
2,0.021921,0.001,0.857655,0.806529,0.174271,0,0,2,1.844513,LOW
3,0.001,0.012399,0.835133,0.649638,0.351277,0,2,1,3.900358,LOW
3,0.039927,0.01675,0.694902,0.619931,0.387739,1,0,2,4.243087,LOW
2,0.044124,0.032859,0.532723,0.310477,0.071921,0,2,0,2.152391,LOW
28,0.621393,0.025004,0.103651,0.00623,0.079657,14,1,13,65.937247,HIGH
10,0.128781,0.009854,0.158373,0.038084,0.230573,0,7,3,11.328294,MEDIUM
56,0.671185,0.010888,0.07629,0.002,0.41294,21,4,31,99.093332,HIGH
1,0.026185,0.021134,0.76926,0.530897,0.309329,0,1,0,0.705387,LOW
2,0.031185,0.020958,0.635111,0.389989,0.32718,0,1,1,1.51962,LOW
2,0.018692,0.015411,0.726725,0.586842,0.166898,1,0,1,1.295034,LOW
5,0.167681,0.035626,0.331736,0.23765,0.05,2,1,2,6.704381,MEDIUM
8,0.211374,0.019384,0.130512,0.02,0.163929,0,4,4,23.381733,MEDIUM
15,0.816205,0.053538,0.041953,0.029352,0.26472,4,5,6,48.043094,HIGH
2,0.051018,0.023379,0.883752,0.633852,0.255078,0,1,1,0.892779,LOW
0,0.0,0.0,1.0,1.0,0.0,0,0,0,0.0,LOW
1,0.089725,0.094571,1.0,0.91087,0.081528,0,0,1,1.027648,LOW
0,0.0,0.0,1.0,1.0,0.0,0,0,0,0.0,LOW
18,0.776682,0.043947,0.092815,0.074531,0.146218,2,8,8,61.470729,HIGH
0,0.0,0.0,1.0,1.0,0.0,0,0,0,0.0,LOW
3,0.001,0.001,0.821992,0.603083,0.217914,1,2,0,1.237709,LOW
1,0.087987,0.077686,0.546052,0.363836,0.347422,0,0,1,0.956711,LOW
44,0.772882,0.019052,0.12791,0.028907,0.277108,34,10,0,139.295198,HIGH
2,0.016382,0.016359,0.748107,0.625064,0.178033,0,0,2,1.916298,LOW
6,0.340449,0.061135,0.366819,0.188988,0.134652,0,5,1,9.769698,MEDIUM
44,0.514566,0.008161,0.28241,0.215651,0.334887,34,6,4,90.946229,HIGH
10,0.15141,0.023913,0.502337,0.406757,0.156681,5,1,4,19.794534,MEDIUM
12,0.168606,0.016019,0.424078,0.225961,0.32684,10,2,0,25.0,MEDIUM
1,0.005845,0.007422,0.425113,0.300697,0.421706,0,0,1,0.602544,LOW
8,0.168734,0.013154,0.638867,0.457898,0.218026,7,1,0,13.922182,MEDIUM
2,0.069875,0.026185,0.392637,0.273059,0.553419,1,1,0,1.505226,LOW
0,0.0,0.0,1.0,1.0,0.0,0,0,0,0.0,LOW
30,0.462171,0.015566,0.177432,0.156531,0.140957,7,0,23,75.504718,HIGH
4,0.049881,0.001,0.801927,0.674181,0.14399,1,0,3,4.851093,LOW
3,0.098701,0.042201,0.448544,0.255102,0.239503,0,3,0,8.644802,MEDIUM
54,0.718114,0.010008,0.105591,0.01093,0.313531,5,31,18,147.279558,HIGH
11,0.158273,0.017183,0.390366,0.207674,0.414469,5,5,1,13.796154,MEDIUM
45,0.695481,0.018058,0.181053,0.170061,0.25448,1,35,9,139.043095,HIGH
3,0.196945,0.06522,0.602388,0.421809,0.314521,0,1,2,8.182256,MEDIUM
5,0.188261,0.040234,0.3448,0.15554,0.195389,1,4,0,14.379559,MEDIUM
19,0.578626,0.030426,0.107805,0.036447,0.168533,1,17,1,34.112262,HIGH
9,0.08,0.005,0.277658,0.123031,0.469031,2,4,3,25.0,MEDIUM
6,0.126132,0.025704,0.280016,0.22445,0.267147,0,2,4,12.083413,MEDIUM
3,0.034211,0.008061,1.0,0.758272,0.217701,0,3,0,3.730044,LOW
123,0.762346,0.002338,0.090955,0.005284,0.334067,23,59,41,218.554606,HIGH
72,0.493241,0.007601,0.027006,0.002,0.300958,21,35,16,152.99289,HIGH
14,0.6498,0.052386,0.13293,0.069932,0.224862,0,7,7,41.528928,HIGH
45,0.866349,0.015682,0.1164,0.105431,0.02,11,19,15,140.821796,HIGH
0,0.0,0.0,1.0,1.0,0.0,0,0,0,0.0,LOW
3,0.026045,0.001611,0.464205,0.326193,0.362287,0,2,1,4.361145,LOW
19,0.518151,0.025285,0.175291,0.122553,0.193167,8,8,3,28.270776,HIGH
129,0.561128,0.004499,0.097442,0.073811,0.075983,92,5,32,222.003196,HIGH
46,0.405865,0.004681,0.118682,0.01965,0.326495,10,1,35,94.827423,HIGH
24,0.714533,0.026073,0.149541,0.129043,0.053951,0,7,17,41.624022,HIGH
22,0.60181,0.026317,0.005,0.002,0.213222,0,3,19,54.159706,HIGH
4,0.219458,0.05254,0.390414,0.318328,0.229247,0,1,3,8.36248,MEDIUM
12,0.211632,0.023953,0.363742,0.266353,0.320813,2,1,9,25.0,MEDIUM
53,0.399977,0.004958,0.050321,0.002,0.246207,15,2,36,103.573796,HIGH
8,0.19928,0.028277,0.516193,0.421691,0.164279,0,1,7,23.209396,MEDIUM
9,0.284333,0.032717,0.349383,0.287763,0.311005,1,5,3,16.831758,MEDIUM
0,0.0,0.0,1.0,1.0,0.0,0,0,0,0.0,LOW
31,0.826394,0.025761,0.044302,0.037657,0.304889,6,22,3,84.791691,HIGH
30,0.517038,0.019397,0.122279,0.094585,0.073295,5,4,21,59.001761,HIGH
57,0.704282,0.011207,0.170887,0.152994,0.120495,31,20,6,90.026763,HIGH
6,0.255076,0.050965,0.250314,0.149209,0.243701,0,4,2,15.359193,MEDIUM
0,0.0,0.0,1.0,1.0,0.0,0,0,0,0.0,LOW
6,0.159407,0.027206,0.183701,0.022877,0.153009,0,6,0,9.50535,MEDIUM
3,0.247614,0.091186,0.41212,0.284529,0.435627,0,1,2,8.874574,MEDIUM
14,0.737899,0.055853,0.113738,0.041911,0.100702,12,1,1,50.956423,HIGH
1,0.001,0.001,0.65653,0.486996,0.467317,0,1,0,0.165363,LOW
3,0.340906,0.1,0.362439,0.288388,0.305995,2,0,1,6.154728,MEDIUM
3,0.08,0.030203,0.634201,0.553966,0.381927,1,0,2,8.190357,MEDIUM
3,0.003777,0.024372,0.999528,0.877046,0.371641,1,1,1,3.117928,LOW
2,0.015738,0.010171,1.0,0.776764,0.339606,0,2,0,0.745108,LOW
4,0.016128,0.001,0.884191,0.698803,0.411382,2,2,0,1.671608,LOW
27,0.466822,0.015142,0.15641,0.09454,0.213896,3,13,11,102.056457,HIGH
3,0.015928,0.020059,0.38448,0.296161,0.238332,0,0,3,1.981692,LOW
0,0.0,0.0,1.0,1.0,0.0,0,0,0,0.0,LOW
11,0.103322,0.005,0.503462,0.38949,0.430284,1,2,8,25.0,MEDIUM
7,0.391516,0.064743,0.309762,0.249352,0.09784,1,2,4,9.590096,MEDIUM
55,0.552498,0.013325,0.010713,0.002,0.26269,21,9,25,215.719577,HIGH
8,0.23108,0.024499,0.477609,0.367726,0.162841,0,1,7,17.364044,MEDIUM
12,0.152382,0.021408,0.198059,0.129833,0.131486,2,9,1,15.838752,MEDIUM
11,0.08,0.007623,0.05,0.02,0.474841,3,6,2,16.932097,MEDIUM
4,0.001,0.001,0.810827,0.628867,0.237679,0,0,4,5.0,LOW
7,0.213625,0.027133,0.441866,0.247727,0.178464,3,4,0,19.785781,MEDIUM
35,0.370403,0.014061,0.280837,0.181074,0.265867,6,14,15,122.061656,HIGH
26,0.70435,0.028912,0.164776,0.145144,0.151761,1,15,10,96.644004,HIGH
0,0.0,0.0,1.0,1.0,0.0,0,0,0,0.0,LOW
4,0.08,0.022971,0.16539,0.092264,0.258098,1,1,2,10.044749,MEDIUM
48,0.337199,0.008628,0.05677,0.046479,0.358002,16,3,29,154.711094,HIGH
11,0.330661,0.03235,0.364787,0.194425,0.091354,0,7,4,23.163087,MEDIUM
6,0.238429,0.038982,0.438485,0.293344,0.277782,0,6,0,15.066652,MEDIUM
1,0.020407,0.01637,0.628494,0.548073,0.286191,1,0,0,1.102085,LOW
10,0.326757,0.029519,0.18195,0.118914,0.189993,0,9,1,24.41657,MEDIUM
42,0.743997,0.019107,0.129988,0.040258,0.38689,0,10,32,131.241096,HIGH
49,0.342666,0.012187,0.174544,0.120616,0.255138,7,7,35,133.397324,HIGH
29,0.457021,0.016476,0.083947,0.074254,0.297627,7,21,1,65.569596,HIGH
1,0.064466,0.066332,0.486458,0.28114,0.101397,0,0,1,0.799618,LOW
3,0.098328,0.027784,0.330412,0.140879,0.307606,0,2,1,6.758613,MEDIUM
1,0.013652,0.004182,0.558403,0.312869,0.274783,0,1,0,1.148005,LOW
52,0.35006,0.006292,0.200171,0.103311,0.28746,1,50,1,157.416593,HIGH
47,0.593041,0.014758,0.332554,0.307701,0.23769,6,19,22,138.99352,HIGH
23,0.663527,0.032003,0.101309,0.062002,0.203192,10,12,1,81.698676,HIGH
4,0.132884,0.04106,0.407301,0.257115,0.27976,1,3,0,11.386688,MEDIUM
2,0.011542,0.005499,0.779757,0.651457,0.170071,1,0,1,0.923618,LOW
1,0.033013,0.046115,0.833944,0.707058,0.333117,0,1,0,0.715324,LOW
3,0.14037,0.042206,0.134796,0.039387,0.357455,0,2,1,3.299663,MEDIUM
26,0.54441,0.016049,0.168162,0.1059,0.141029,6,18,2,79.070336,HIGH
39,0.502437,0.009721,0.138364,0.104934,0.232374,0,29,10,144.849243,HIGH
19,0.604239,0.033721,0.230474,0.166322,0.119242,2,14,3,37.133486,HIGH
0,0.0,0.0,1.0,1.0,0.0,0,0,0,0.0,LOW
10,0.08,0.008517,0.339728,0.257053,0.304412,6,4,0,22.964569,MEDIUM
16,0.866972,0.060044,0.065457,0.00457,0.02,2,9,5,32.27764,HIGH
8,0.107027,0.005,0.7,0.602059,0.204787,1,7,0,23.239041,MEDIUM
4,0.143133,0.032021,0.437046,0.282448,0.290307,0,1,3,8.648268,MEDIUM
3,0.220141,0.07454,0.48572,0.330108,0.371896,1,0,2,4.921466,MEDIUM
39,0.706298,0.019181,0.028109,0.002,0.109802,8,12,19,123.584845,HIGH
30,0.633957,0.019016,0.201667,0.188917,0.307111,6,9,15,93.015284,HIGH
2,0.040187,0.029131,1.0,0.9086,0.511024,0,1,1,2.334236,LOW
6,0.194969,0.030225,0.7,0.553016,0.338197,1,0,5,12.086721,MEDIUM
0,0.0,0.0,1.0,1.0,0.0,0,0,0,0.0,LOW
23,0.497204,0.021682,0.046839,0.002,0.40662,2,19,2,69.078896,HIGH
4,0.120798,0.02931,0.152327,0.02,0.399889,4,0,0,9.707925,MEDIUM
53,0.795595,0.013255,0.018452,0.002,0.192794,19,20,14,180.463004,HIGH
11,0.08,0.016524,0.567819,0.394812,0.436862,2,3,6,25.0,MEDIUM
92,0.37548,0.003054,0.115092,0.059018,0.375306,38,44,10,176.715708,HIGH
2,0.005671,0.02368,0.896633,0.770878,0.213151,1,1,0,1.120175,LOW
53,0.568105,0.012988,0.258043,0.252027,0.083648,4,7,42,91.300043,HIGH
1,0.093311,0.091083,0.841981,0.783683,0.155979,0,0,1,0.566628,LOW
1,0.028448,0.036872,1.0,0.819105,0.477714,1,0,0,0.349564,LOW
2,0.027329,0.008761,0.773215,0.698568,0.318275,0,2,0,0.522582,LOW
13,0.673242,0.049268,0.202153,0.178541,0.248304,0,3,10,26.970504,HIGH
9,0.137587,0.009538,0.454141,0.400691,0.115882,6,0,3,19.246965,MEDIUM
2,0.028284,0.006709,0.517704,0.288849,0.105572,0,0,2,2.075757,LOW
3,0.29746,0.1,0.257575,0.186717,0.17816,1,2,0,5.378465,MEDIUM
4,0.252204,0.067375,0.252389,0.19613,0.403855,3,0,1,7.326651,MEDIUM
12,0.185512,0.024381,0.41018,0.310298,0.119176,2,1,9,20.166154,MEDIUM
4,0.064948,0.012195,0.68023,0.467305,0.503553,2,2,0,3.075361,LOW
9,0.08,0.013665,0.555777,0.358623,0.28323,0,9,0,15.304083,MEDIUM
1,0.033166,0.043931,0.481836,0.345235,0.37457,0,0,1,1.023016,LOW
11,0.450203,0.037478,0.03289,0.002,0.136554,0,3,8,38.884547,HIGH
4,0.00667,0.001,0.575577,0.350279,0.193892,0,2,2,1.4388,LOW
43,0.801896,0.017543,0.240506,0.155604,0.318731,32,4,7,72.555007,HIGH
3,0.028507,0.001298,0.874906,0.674853,0.154617,1,1,1,3.321447,LOW
6,0.235998,0.045923,0.287943,0.22115,0.25772,1,5,0,9.523341,MEDIUM
7,0.149462,0.019029,0.434269,0.307634,0.182975,1,3,3,17.170181,MEDIUM
3,0.037317,0.010573,1.0,0.766746,0.225692,0,3,0,4.406271,LOW
7,0.200194,0.035686,0.441622,0.350256,0.42329,2,5,0,13.075884,MEDIUM
38,0.655968,0.017166,0.172683,0.136965,0.336112,2,8,28,127.632799,HIGH
2,0.007052,0.001,0.673394,0.499004,0.468088,1,1,0,2.575211,LOW
2,0.050296,0.018519,0.640981,0.578623,0.36184,0,1,1,2.805896,LOW
36,0.884417,0.023792,0.005,0.002,0.176052,0,9,27,75.777856,HIGH
11,0.866297,0.08,0.204665,0.140243,0.108006,6,2,3,16.518249,HIGH
4,0.039748,0.009657,0.513773,0.419284,0.171458,3,1,0,4.795771,LOW
9,0.11353,0.014334,0.179185,0.09604,0.150537,3,1,5,11.528136,MEDIUM
10,0.228835,0.025539,0.522249,0.425443,0.292159,3,2,5,19.886554,MEDIUM
4,0.018877,0.004504,0.727032,0.486906,0.190797,0,0,4,1.775936,LOW
9,0.113024,0.016707,0.227904,0.149129,0.235578,0,6,3,16.364931,MEDIUM
40,0.59953,0.01414,0.164527,0.111872,0.355486,10,7,23,89.287381,HIGH
22,0.504903,0.021724,0.222093,0.13606,0.08104,0,10,12,44.203793,HIGH
59,0.399855,0.009221,0.197806,0.115616,0.282444,23,22,14,205.420551,HIGH
2,0.001,0.001,0.355206,0.208994,0.178033,1,0,1,2.924807,LOW
4,0.001652,0.00542,0.818059,0.714037,0.501145,3,1,0,5.0,LOW
5,0.319244,0.057731,0.439567,0.347625,0.467491,2,0,3,13.269849,MEDIUM
3,0.001,0.001,0.643932,0.554615,0.516267,1,1,1,1.964027,LOW
32,0.34313,0.015097,0.206455,0.141572,0.321005,4,12,16,125.430539,HIGH
11,0.213002,0.014463,0.361285,0.265218,0.338822,2,1,8,25.0,MEDIUM
4,0.057414,0.021583,0.716026,0.473881,0.309037,0,1,3,1.287453,LOW
0,0.0,0.0,1.0,1.0,0.0,0,0,0,0.0,LOW
0,0.0,0.0,1.0,1.0,0.0,0,0,0,0.0,LOW
4,0.08,0.01807,0.522724,0.401769,0.271263,0,1,3,8.737566,MEDIUM
7,0.08,0.02359,0.380465,0.321531,0.314645,0,0,7,14.322324,MEDIUM
76,0.568252,0.00829,0.194805,0.12809,0.328018,22,9,45,239.047771,HIGH
0,0.0,0.0,1.0,1.0,0.0,0,0,0,0.0,LOW
3,0.08,0.031721,0.238004,0.072435,0.336723,0,3,0,5.038021,MEDIUM
6,0.316116,0.044982,0.430035,0.243708,0.225401,1,0,5,12.170012,MEDIUM
6,0.182811,0.027651,0.397737,0.340596,0.40892,0,3,3,16.409969,MEDIUM
10,0.123307,0.006844,0.05,0.02,0.103264,1,6,3,25.0,MEDIUM
2,0.012439,0.012632,0.675529,0.484437,0.277067,0,0,2,0.81414,LOW
1,0.016728,0.017167,0.572328,0.514367,0.466074,0,1,0,1.457833,LOW
0,0.0,0.0,1.0,1.0,0.0,0,0,0,0.0,LOW
27,0.612418,0.019537,0.072772,0.023988,0.197759,20,4,3,71.551249,HIGH
2,0.024221,0.014433,0.469606,0.417767,0.138032,0,1,1,1.285257,LOW
5,0.082672,0.011686,0.673364,0.496507,0.355179,2,2,1,11.493962,MEDIUM
12,0.112462,0.013648,0.305852,0.200988,0.193959,11,1,0,25.0,MEDIUM
2,0.020267,0.031277,0.692056,0.46446,0.335072,0,0,2,1.311353,LOW
4,0.201936,0.055805,0.615795,0.510004,0.229995,0,2,2,9.646545,MEDIUM
87,0.291248,0.00342,0.167149,0.071451,0.110544,3,64,20,168.789587,HIGH
2,0.028659,0.005251,0.859313,0.72449,0.27608,1,0,1,1.398668,LOW
33,0.734315,0.022671,0.136953,0.087657,0.082779,6,25,2,127.479057,HIGH
26,0.289777,0.011631,0.228497,0.191973,0.058906,1,17,8,102.791739,HIGH
1,0.005278,0.001,0.36099,0.221646,0.318486,0,1,0,1.034462,LOW
0,0.0,0.0,1.0,1.0,0.0,0,0,0,0.0,LOW
3,0.0162,0.003939,0.562526,0.482251,0.145041,0,0,3,4.035153,LOW
41,0.697833,0.014978,0.169218,0.094222,0.320419,4,17,20,160.876774,HIGH
4,0.025183,0.004299,1.0,0.928653,0.30629,0,2,2,2.088445,LOW
11,0.224328,0.022738,0.2435,0.108827,0.448247,4,4,3,22.104679,MEDIUM
8,0.263519,0.036613,0.246881,0.058274,0.302819,1,4,3,16.477067,MEDIUM
2,0.035201,0.012095,0.244778,0.05,0.291243,0,1,1,0.745434,LOW
0,0.0,0.0,1.0,1.0,0.0,0,0,0,0.0,LOW
12,0.08,0.011673,0.578621,0.412556,0.273188,2,0,10,21.994787,MEDIUM
6,0.098716,0.019331,0.054249,0.02,0.276013,0,1,5,16.739627,MEDIUM
5,0.201429,0.038738,0.596164,0.399002,0.424156,0,1,4,10.336472,MEDIUM
4,0.233211,0.054715,0.294297,0.184494,0.05,4,0,0,10.809444,MEDIUM
0,0.0,0.0,1.0,1.0,0.0,0,0,0,0.0,LOW
11,0.324923,0.0333,0.417259,0.294927,0.240184,4,0,7,24.509412,MEDIUM
8,0.307336,0.032142,0.549611,0.372819,0.05,2,5,1,14.457902,MEDIUM
41,0.417693,0.007209,0.318264,0.224136,0.201999,18,11,12,100.352871,HIGH
2,0.036189,0.007569,0.721977,0.522439,0.301352,1,1,0,1.829037,LOW
3,0.033482,0.009943,1.0,0.795382,0.173611,0,1,2,2.83817,LOW
1,0.027612,0.031033,0.769222,0.651167,0.32889,1,0,0,0.248166,LOW
7,0.228323,0.030519,0.14408,0.02,0.188205,2,3,2,9.960319,MEDIUM
3,0.013066,0.001,0.664296,0.435687,0.137104,0,0,3,2.967135,LOW
10,0.165732,0.021664,0.276575,0.172691,0.227075,1,1,8,11.138511,MEDIUM
12,0.62763,0.054234,0.305073,0.258351,0.124541,7,1,4,26.697856,HIGH
44,0.674802,0.019195,0.010479,0.002,0.369347,0,29,15,97.664849,HIGH
8,0.121148,0.02696,0.559614,0.381337,0.223944,2,2,4,18.839378,MEDIUM
3,0.032638,0.007428,0.668901,0.471694,0.131334,0,3,0,2.515462,LOW
3,0.234206,0.078134,0.05,0.02,0.252584,0,3,0,6.375166,MEDIUM
10,0.08,0.016622,0.564273,0.386116,0.245323,6,1,3,17.294234,MEDIUM
51,0.696187,0.018339,0.27147,0.21607,0.292762,26,14,11,124.66236,HIGH
11,0.136385,0.017815,0.435189,0.324396,0.266685,7,1,3,19.839476,MEDIUM
22,0.635417,0.030054,0.158581,0.142958,0.311007,4,14,4,50.299475,HIGH
3,0.029322,0.005046,1.0,0.823029,0.128738,2,0,1,3.960118,LOW
4,0.003991,0.004624,0.588261,0.507353,0.276611,0,1,3,4.429893,LOW
5,0.158421,0.027256,0.202068,0.150268,0.36445,2,3,0,10.190134,MEDIUM
6,0.196828,0.031745,0.44229,0.269285,0.176553,2,4,0,6.068292,MEDIUM
41,0.714074,0.017859,0.214945,0.196881,0.324708,13,20,8,100.619232,HIGH
10,0.562375,0.053266,0.226982,0.17907,0.231792,1,4,5,31.126785,HIGH
51,0.375776,0.003347,0.127617,0.040101,0.388326,17,25,9,126.860657,HIGH
45,0.308557,0.007724,0.300336,0.250965,0.124073,12,24,9,178.423949,HIGH
4,0.08,0.021283,0.7,0.623283,0.286195,2,0,2,9.877223,MEDIUM
8,0.273242,0.026739,0.681241,0.61652,0.136509,5,1,2,11.558383,MEDIUM
4,0.011245,0.001,1.0,0.845964,0.103285,0,3,1,1.516556,LOW
2,0.070624,0.043176,0.637544,0.515516,0.146149,0,0,2,2.652487,LOW
9,0.133167,0.017361,0.478293,0.41237,0.359083,1,3,5,10.919236,MEDIUM
2,0.043866,0.007848,0.814797,0.688238,0.281526,1,1,0,1.480645,LOW
41,0.689069,0.019752,0.166323,0.121609,0.235581,12,25,4,110.325464,HIGH
26,0.540553,0.016392,0.172986,0.106926,0.187256,3,4,19,70.572782,HIGH
25,0.466495,0.019508,0.230611,0.135785,0.112405,2,9,14,89.428962,HIGH
0,0.0,0.0,1.0,1.0,0.0,0,0,0,0.0,LOW
53,0.749123,0.013936,0.119494,0.044835,0.19087,0,42,11,118.766496,HIGH
3,0.025103,0.008936,0.44897,0.209766,0.321599,2,1,0,3.676554,LOW
3,0.034252,0.003781,0.583081,0.498709,0.250981,1,2,0,4.33033,LOW
2,0.006641,0.020497,0.757232,0.555125,0.422713,0,2,0,2.025906,LOW
2,0.010905,0.006416,0.889872,0.772377,0.235408,0,2,0,0.883285,LOW
4,0.062629,0.017387,0.770452,0.587585,0.171106,0,2,2,2.49552,LOW
11,0.32821,0.027315,0.266238,0.252083,0.087576,3,2,6,22.58231,HIGH
3,0.026026,0.027969,0.758837,0.551845,0.372957,2,1,0,2.840008,LOW
26,0.453112,0.018163,0.081844,0.016179,0.161327,8,14,4,45.610496,HIGH
34,0.535328,0.018293,0.306112,0.270626,0.145009,2,21,11,106.909636,HIGH
1,0.008311,0.005997,0.884279,0.667251,0.207342,1,0,0,1.300108,LOW
7,0.277069,0.043715,0.554501,0.452202,0.170243,3,4,0,9.101932,MEDIUM
33,0.25,0.010848,0.129654,0.103682,0.431084,21,8,4,53.58216,HIGH
50,0.75326,0.012712,0.111153,0.052197,0.02,17,4,29,143.238233,HIGH
29,0.615418,0.019905,0.212952,0.151489,0.186996,20,6,3,107.792064,HIGH
3,0.08,0.033924,0.36418,0.209413,0.203879,0,1,2,7.791947,MEDIUM
12,0.134661,0.016095,0.347371,0.253412,0.23402,4,2,6,25.0,MEDIUM
9,0.121775,0.010179,0.595578,0.518921,0.324972,2,6,1,10.81202,MEDIUM
4,0.17967,0.044079,0.276586,0.142959,0.198665,0,0,4,9.156653,MEDIUM
50,0.4899,0.010357,0.048765,0.002,0.294996,1,11,38,104.117438,HIGH
3,0.00962,0.001,0.729847,0.541329,0.215805,0,2,1,1.993137,LOW
0,0.0,0.0,1.0,1.0,0.0,0,0,0,0.0,LOW
29,0.487121,0.021321,0.216138,0.184078,0.183998,15,1,13,57.525777,HIGH
4,0.007521,0.002377,0.612973,0.385925,0.077802,3,1,0,4.705931,LOW
11,0.239592,0.028569,0.264427,0.104908,0.261002,4,0,7,13.011269,MEDIUM
4,0.011505,0.001,0.513631,0.39873,0.459286,1,0,3,5.0,LOW
2,0.001,0.007832,0.985917,0.776805,0.235215,0,1,1,1.974356,LOW
12,0.287173,0.023925,0.175926,0.124762,0.242559,1,0,11,25.0,MEDIUM
1,0.028588,0.026836,0.784598,0.641888,0.279934,0,0,1,1.359516,LOW
0,0.0,0.0,1.0,1.0,0.0,0,0,0,0.0,LOW
24,0.482563,0.019887,0.19875,0.179794,0.315507,9,7,8,64.130071,HIGH
3,0.127925,0.037201,0.234294,0.036626,0.287584,0,3,0,6.126759,MEDIUM
2,0.00954,0.007652,0.832808,0.776086,0.306575,0,1,1,1.627312,LOW
4,0.318156,0.076546,0.05,0.02,0.428196,3,1,0,8.106275,MEDIUM
1,0.053423,0.034296,0.958352,0.771406,0.057166,0,1,0,1.101351,LOW
3,0.038411,0.00394,0.671076,0.459796,0.140626,0,2,1,1.876029,LOW
2,0.016489,0.015966,0.605529,0.528437,0.400534,0,0,2,2.325983,LOW
41,0.816745,0.022028,0.012997,0.002,0.041548,2,12,27,63.864337,HIGH
21,0.538636,0.024878,0.135114,0.042492,0.236601,0,10,11,47.047827,HIGH
120,0.434228,0.003271,0.026617,0.002,0.260096,39,11,70,233.403676,HIGH
4,0.021834,0.005672,0.815917,0.743334,0.212224,0,1,3,4.544723,LOW
5,0.157449,0.042373,0.392338,0.216499,0.365175,2,0,3,9.830638,MEDIUM
12,0.279563,0.022239,0.52942,0.391079,0.130023,2,2,8,12.790065,MEDIUM
24,0.741484,0.028796,0.070643,0.013438,0.234979,18,3,3,69.836905,HIGH
10,0.304081,0.021555,0.05,0.02,0.087086,1,9,0,23.019405,MEDIUM
4,0.031041,0.01573,0.470446,0.404949,0.146959,0,2,2,3.496572,LOW
0,0.0,0.0,1.0,1.0,0.0,0,0,0,0.0,LOW
11,0.616354,0.058857,0.090414,0.053449,0.2791,0,10,1,19.463272,HIGH
17,0.542093,0.031776,0.194242,0.172202,0.021542,5,5,7,26.694018,HIGH
46,0.838219,0.017144,0.226253,0.218404,0.385315,3,10,33,117.088563,HIGH
12,0.249617,0.021067,0.286332,0.20888,0.40019,2,1,9,25.0,MEDIUM
8,0.230712,0.031332,0.544765,0.470018,0.175534,2,4,2,11.675813,MEDIUM
3,0.05197,0.013518,0.878544,0.769915,0.13317,1,0,2,1.86959,LOW
2,0.039254,0.016309,0.398468,0.206972,0.370173,0,0,2,1.976931,LOW
53,0.503577,0.00742,0.052855,0.002,0.178286,16,13,24,163.859756,HIGH
1,0.036293,0.027324,0.729445,0.664338,0.272367,0,1,0,1.584495,LOW
3,0.026506,0.001,0.721939,0.661467,0.474383,1,1,1,4.156533,LOW
7,0.200487,0.028906,0.353916,0.268446,0.195749,0,2,5,8.721051,MEDIUM
0,0.0,0.0,1.0,1.0,0.0,0,0,0,0.0,LOW
37,0.570228,0.012035,0.09378,0.014696,0.290502,15,2,20,84.517297,HIGH
8,0.347695,0.044255,0.584354,0.534248,0.166313,2,4,2,12.042492,MEDIUM
2,0.08784,0.054145,0.579554,0.386456,0.271025,0,1,1,1.714452,LOW
1,0.021342,0.012535,0.470346,0.409755,0.339108,0,1,0,0.601052,LOW
12,0.222432,0.012076,0.465207,0.391545,0.173291,1,5,6,12.683251,MEDIUM
0,0.0,0.0,1.0,1.0,0.0,0,0,0,0.0,LOW
3,0.006212,0.001,0.841579,0.636524,0.122728,0,0,3,2.593253,LOW
65,0.492688,0.005348,0.16922,0.139392,0.283041,32,27,6,204.855348,HIGH
3,0.08,0.021202,0.7,0.570146,0.330846,2,0,1,6.975033,MEDIUM
4,0.027316,0.001,0.499872,0.306326,0.460826,3,1,0,4.634521,LOW
18,0.636027,0.029848,0.215789,0.17034,0.287379,0,8,10,54.311692,HIGH
4,0.005428,0.001,0.444313,0.368188,0.44066,0,1,3,4.015973,LOW
8,0.232135,0.030289,0.288946,0.133209,0.300824,1,7,0,15.927883,MEDIUM
27,0.525277,0.018719,0.159058,0.059467,0.374142,6,15,6,80.45293,HIGH
8,0.13253,0.020664,0.493682,0.324222,0.094236,0,4,4,17.098786,MEDIUM
10,0.08,0.005,0.453202,0.265076,0.327964,1,8,1,22.876233,MEDIUM
4,0.006721,0.018935,0.767378,0.668334,0.266434,0,4,0,5.0,LOW
2,0.001,0.001,0.385695,0.296069,0.0,1,1,0,2.622923,LOW
4,0.437721,0.1,0.248887,0.134858,0.099596,0,2,2,9.113082,MEDIUM
0,0.0,0.0,1.0,1.0,0.0,0,0,0,0.0,LOW
12,0.08,0.009623,0.408484,0.353744,0.470077,0,2,10,24.030172,MEDIUM
8,0.420981,0.057384,0.209124,0.136528,0.158096,0,4,4,15.618828,MEDIUM
1,0.033552,0.042493,1.0,0.911269,0.187589,0,1,0,1.038395,LOW
2,0.001,0.001,0.818873,0.602373,0.482418,1,1,0,2.85916,LOW
58,0.290956,0.011147,0.011086,0.002,0.192339,4,52,2,201.414296,HIGH
2,0.012358,0.005538,0.848628,0.765588,0.254401,1,1,0,0.507154,LOW
29,0.497963,0.018035,0.279464,0.217027,0.137342,29,0,0,53.633385,HIGH
53,0.87042,0.015623,0.032666,0.002,0.133995,1,1,51,180.424337,HIGH
5,0.442995,0.090887,0.479891,0.389357,0.260422,0,1,4,7.974067,MEDIUM
10,0.219953,0.022717,0.442464,0.278452,0.119066,1,4,5,10.571973,MEDIUM
3,0.168662,0.059974,0.363133,0.223467,0.334269,3,0,0,7.009118,MEDIUM
7,0.386194,0.05648,0.217208,0.065591,0.165343,0,2,5,13.738011,MEDIUM
4,0.05135,0.012257,0.611259,0.439852,0.145425,1,1,2,4.890286,LOW
6,0.258324,0.04817,0.271761,0.142226,0.146297,0,3,3,16.646206,MEDIUM
50,0.544632,0.014306,0.242238,0.215112,0.231737,14,25,11,181.419279,HIGH
0,0.0,0.0,1.0,1.0,0.0,0,0,0,0.0,LOW
2,0.006813,0.008708,0.426035,0.326019,0.467702,0,0,2,2.883962,LOW
34,0.472351,0.017867,0.131827,0.112177,0.28734,24,3,7,52.611733,HIGH
3,0.056303,0.001,0.821843,0.633865,0.467869,1,1,1,2.784959,LOW
2,0.001,0.011405,0.75035,0.671172,0.243064,1,1,0,0.441883,LOW
57,0.85806,0.013003,0.103208,0.038613,0.24917,19,0,38,159.424359,HIGH
11,0.239747,0.012508,0.576848,0.407698,0.343339,4,1,6,24.427592,MEDIUM
10,0.267232,0.024748,0.321844,0.141459,0.182903,2,7,1,15.166537,MEDIUM
6,0.282293,0.04966,0.321771,0.1353,0.15493,2,2,2,16.792547,MEDIUM
8,0.08,0.01007,0.570426,0.430466,0.171823,4,1,3,13.485546,MEDIUM
5,0.190952,0.037769,0.179371,0.02,0.231879,0,1,4,8.423365,MEDIUM
36,0.356239,0.008686,0.223121,0.182617,0.132552,2,22,12,140.911105,HIGH
2,0.015756,0.001,0.427202,0.329205,0.325549,0,0,2,0.948033,LOW
6,0.081806,0.008016,0.668539,0.606777,0.365167,1,1,4,9.650539,MEDIUM
21,0.453456,0.017821,0.109939,0.051358,0.178878,4,7,10,69.027326,HIGH
1,0.007292,0.00971,0.814917,0.589696,0.177441,0,0,1,0.596668,LOW
11,0.08,0.005,0.278527,0.158839,0.42997,7,4,0,25.0,MEDIUM
5,0.122153,0.023119,0.187498,0.031617,0.231568,1,2,2,7.004708,MEDIUM
0,0.0,0.0,1.0,1.0,0.0,0,0,0,0.0,LOW
2,0.017973,0.00506,0.611687,0.543575,0.40768,1,0,1,1.196508,LOW
3,0.163913,0.04727,0.183445,0.02,0.098176,3,0,0,3.354802,MEDIUM
18,0.511931,0.0313,0.099649,0.072331,0.240318,10,0,8,59.027984,HIGH
4,0.031403,0.001,0.72461,0.528748,0.309887,0,0,4,5.0,LOW
1,0.02233,0.018012,0.582849,0.515128,0.224948,1,0,0,1.028452,LOW
5,0.331209,0.068649,0.577182,0.437433,0.224443,2,0,3,9.637057,MEDIUM
20,0.490587,0.025777,0.101505,0.096197,0.355554,4,8,8,72.727395,HIGH
39,0.570001,0.007336,0.124476,0.039173,0.137267,15,9,15,88.589654,HIGH
4,0.021999,0.001,0.885117,0.713778,0.231954,1,3,0,3.418589,LOW
19,0.666388,0.03854,0.057753,0.019149,0.094484,1,1,17,36.214779,HIGH
0,0.0,0.0,1.0,1.0,0.0,0,0,0,0.0,LOW
10,0.290919,0.031204,0.642959,0.458199,0.238125,3,0,7,11.581545,MEDIUM
6,0.237355,0.039606,0.202409,0.129118,0.327363,4,2,0,8.136167,MEDIUM
24,0.570059,0.021915,0.216602,0.175545,0.387378,10,9,5,79.884226,HIGH
3,0.013832,0.001,0.557285,0.389183,0.077157,0,1,2,4.331412,LOW
2,0.023274,0.010952,0.835766,0.72796,0.462035,1,0,1,0.609467,LOW
4,0.038725,0.019129,0.496075,0.342701,0.483481,0,2,2,3.044882,LOW
2,0.021386,0.006227,0.614294,0.397052,0.126539,0,0,2,2.83326,LOW
7,0.120694,0.018915,0.146899,0.02,0.159711,0,4,3,13.148561,MEDIUM
8,0.248012,0.030245,0.184198,0.023931,0.253654,4,4,0,9.812344,MEDIUM
97,0.545146,0.002,0.198838,0.158327,0.082381,57,10,30,232.23081,HIGH
5,0.320834,0.06875,0.120644,0.02,0.292398,1,2,2,10.076932,MEDIUM
31,0.591822,0.018992,0.005,0.002,0.268024,0,12,19,48.428929,HIGH
34,0.398505,0.008363,0.048912,0.041,0.347674,7,3,24,118.538295,HIGH
41,0.550442,0.018633,0.123361,0.113335,0.159105,1,14,26,90.761906,HIGH
3,0.292077,0.097452,0.40828,0.243305,0.175312,0,0,3,8.390688,MEDIUM
5,0.257966,0.056578,0.226788,0.057378,0.283039,0,0,5,8.257219,MEDIUM
2,0.018263,0.013084,0.735149,0.499065,0.6,1,0,1,2.567902,LOW
9,0.176941,0.016163,0.058059,0.02,0.307371,0,9,0,24.607536,MEDIUM
3,0.32995,0.1,0.534698,0.346801,0.388762,0,1,2,6.320826,MEDIUM
5,0.234445,0.051633,0.05,0.02,0.126413,3,0,2,6.892324,MEDIUM
7,0.152306,0.016543,0.559082,0.362785,0.223095,1,3,3,10.697831,MEDIUM
5,0.124455,0.023981,0.548081,0.425333,0.280247,0,0,5,13.505077,MEDIUM
4,0.001,0.012574,0.796058,0.621094,0.458644,1,2,1,2.836829,LOW
3,0.00323,0.002504,0.904948,0.700414,0.331186,0,3,0,1.923803,LOW
49,0.794565,0.020863,0.037799,0.002,0.214597,2,24,23,135.473417,HIGH
24,0.722869,0.027385,0.079315,0.002,0.213545,0,16,8,52.150234,HIGH
1,0.016297,0.001,1.0,0.831956,0.290552,0,0,1,0.687878,LOW
26,0.25,0.011221,0.11292,0.078245,0.365812,15,4,7,92.342246,HIGH
14,0.340444,0.027748,0.21024,0.114293,0.275343,10,2,2,29.670188,HIGH
137,0.590172,0.009265,0.049401,0.043337,0.256811,91,34,12,383.216435,HIGH
2,0.050619,0.013088,0.480965,0.38233,0.386753,0,0,2,0.632723,LOW
3,0.458504,0.1,0.196049,0.097156,0.089915,1,0,2,4.995828,MEDIUM
4,0.011671,0.001,0.610769,0.37726,0.383897,0,4,0,4.589985,LOW
0,0.0,0.0,1.0,1.0,0.0,0,0,0,0.0,LOW
1,0.001,0.012793,0.97909,0.741549,0.44052,1,0,0,0.950119,LOW
0,0.0,0.0,1.0,1.0,0.0,0,0,0,0.0,LOW
0,0.0,0.0,1.0,1.0,0.0,0,0,0,0.0,LOW
12,0.089782,0.010829,0.260255,0.151624,0.157493,9,2,1,17.306801,MEDIUM
1,0.021682,0.024016,0.713085,0.577797,0.353693,0,1,0,0.928461,LOW
21,0.638382,0.029943,0.186973,0.175611,0.305334,8,13,0,44.004962,HIGH
3,0.027546,0.001,0.452568,0.24868,0.0,1,2,0,3.00537,LOW
0,0.0,0.0,1.0,1.0,0.0,0,0,0,0.0,LOW
2,0.016676,0.001,0.882153,0.801489,0.200857,0,0,2,2.25302,LOW
34,0.516978,0.013916,0.005,0.002,0.315685,1,26,7,80.339127,HIGH
34,0.899329,0.027173,0.064601,0.047083,0.260255,3,20,11,57.667665,HIGH
21,0.395336,0.016657,0.266747,0.235786,0.277222,6,11,4,42.710384,HIGH
0,0.0,0.0,1.0,1.0,0.0,0,0,0,0.0,LOW
22,0.508264,0.024363,0.114406,0.05828,0.300378,11,5,6,66.849714,HIGH
2,0.024152,0.007308,0.906127,0.687584,0.406118,0,2,0,0.807609,LOW
4,0.029282,0.009306,0.864307,0.756568,0.13972,0,4,0,2.477351,LOW
4,0.044357,0.004139,0.669792,0.55775,0.249981,2,1,1,5.0,LOW
3,0.022917,0.017241,0.47977,0.411198,0.503484,0,1,2,3.800531,LOW
2,0.013425,0.00866,0.343636,0.14071,0.146783,0,0,2,2.324914,LOW
10,0.262188,0.028206,0.493837,0.395749,0.151517,5,4,1,25.0,MEDIUM
45,0.829392,0.017921,0.039144,0.018128,0.175446,3,19,23,154.508664,HIGH
9,0.108063,0.01134,0.144747,0.091785,0.336369,4,3,2,19.860374,MEDIUM
11,0.21364,0.017833,0.269109,0.136732,0.319487,3,3,5,25.0,MEDIUM
0,0.0,0.0,1.0,1.0,0.0,0,0,0,0.0,LOW
1,0.040361,0.049164,0.566588,0.329548,0.519364,0,0,1,1.045649,LOW
0,0.0,0.0,1.0,1.0,0.0,0,0,0,0.0,LOW
6,0.187827,0.026154,0.379662,0.313182,0.475928,0,4,2,5.539722,MEDIUM
1,0.037702,0.045483,0.345506,0.145231,0.360719,0,1,0,0.78708,LOW
1,0.030177,0.026464,0.867755,0.803038,0.313621,0,1,0,0.861371,LOW
55,0.278893,0.00268,0.205798,0.160647,0.334456,28,5,22,96.136812,HIGH
52,0.494647,0.008664,0.216866,0.11961,0.284591,24,22,6,113.850129,HIGH
25,0.509407,0.017118,0.19055,0.134625,0.065822,24,0,1,64.995386,HIGH
0,0.0,0.0,1.0,1.0,0.0,0,0,0,0.0,LOW
6,0.206969,0.037587,0.225012,0.168455,0.322871,0,2,4,8.266758,MEDIUM
4,0.085212,0.017914,0.315262,0.154149,0.471174,0,3,1,6.171895,MEDIUM
2,0.007225,0.009106,0.62887,0.482294,0.240782,0,2,0,2.611057,LOW
31,0.428408,0.01077,0.099493,0.04675,0.225268,2,13,16,46.77398,HIGH
10,0.221463,0.020979,0.141185,0.02,0.264283,3,2,5,18.619764,MEDIUM
34,0.772596,0.022627,0.014654,0.002,0.177805,8,15,11,132.371623,HIGH
51,0.98,0.013512,0.243862,0.145125,0.112381,20,13,18,104.400504,HIGH
3,0.101496,0.047067,0.592101,0.392322,0.225119,0,2,1,3.551299,MEDIUM
2,0.032922,0.001,0.447665,0.225507,0.405831,0,2,0,1.261741,LOW
44,0.566857,0.012633,0.074793,0.056622,0.363135,1,31,12,137.277397,HIGH
1,0.042238,0.028494,0.621877,0.381424,0.321206,1,0,0,0.484337,LOW
58,0.658667,0.018441,0.150774,0.05801,0.24388,6,8,44,195.17781,HIGH
52,0.389578,0.003605,0.201983,0.163299,0.02,24,19,9,196.803927,HIGH
3,0.025357,0.00748,0.693263,0.562232,0.044369,2,1,0,2.720595,LOW
16,0.419955,0.028009,0.090742,0.051305,0.205628,9,7,0,59.294897,HIGH
12,0.163027,0.00853,0.425001,0.370755,0.368586,6,0,6,25.0,MEDIUM
41,0.670355,0.020587,0.145555,0.107814,0.292341,0,20,21,156.41591,HIGH
12,0.266993,0.024543,0.584927,0.399147,0.275895,5,5,2,22.637546,MEDIUM
9,0.153002,0.014069,0.566368,0.463464,0.395997,4,0,5,15.555502,MEDIUM
4,0.065047,0.025566,0.60733,0.544288,0.226718,4,0,0,3.964914,LOW
59,0.433281,0.003405,0.249786,0.197265,0.182853,21,6,32,109.425562,HIGH
13,0.512649,0.039885,0.193249,0.151849,0.318704,7,2,4,47.201653,HIGH
13,0.421851,0.031195,0.331962,0.275999,0.110223,5,3,5,42.66463,HIGH
46,0.400622,0.002529,0.2062,0.126486,0.181853,12,21,13,107.014212,HIGH
52,0.495602,0.005826,0.233471,0.212798,0.416017,14,12,26,103.706125,HIGH
23,0.58362,0.03065,0.116037,0.062948,0.352644,0,22,1,34.838236,HIGH
2,0.042121,0.019396,0.47759,0.379124,0.409652,1,1,0,2.685687,LOW
12,0.12803,0.011902,0.095005,0.026982,0.378094,3,6,3,12.34237,MEDIUM
3,0.08,0.029037,0.36753,0.24777,0.139863,1,1,1,8.274128,MEDIUM
56,0.6069,0.007383,0.209416,0.136957,0.128483,15,36,5,175.90039,HIGH
1,0.004217,0.001,0.82985,0.670018,0.330195,0,1,0,1.448233,LOW
6,0.339383,0.054554,0.145379,0.083774,0.350504,0,4,2,12.657182,MEDIUM
2,0.060408,0.035323,0.75691,0.548237,0.316025,0,1,1,2.722439,LOW
19,0.494103,0.022381,0.179074,0.120722,0.16058,7,4,8,49.735639,HIGH
49,0.326839,0.004398,0.137851,0.08329,0.399677,0,38,11,142.022355,HIGH
38,0.60902,0.01261,0.169062,0.072732,0.36191,5,30,3,110.159322,HIGH
10,0.237417,0.019319,0.147902,0.02,0.180495,3,0,7,15.215473,MEDIUM
45,0.458525,0.008143,0.005,0.002,0.13521,26,10,9,163.985582,HIGH
43,0.527654,0.012431,0.249307,0.204638,0.262644,17,15,11,157.168023,HIGH
7,0.08,0.014728,0.088639,0.02,0.260913,1,3,3,19.512019,MEDIUM
11,0.149204,0.014081,0.337977,0.165365,0.34434,5,2,4,18.679295,MEDIUM
4,0.015069,0.018246,0.451098,0.283922,0.308225,1,2,1,2.290635,LOW
26,0.698325,0.031084,0.059284,0.002,0.28615,11,15,0,67.000225,HIGH
28,0.529059,0.020744,0.154616,0.111153,0.034081,0,16,12,97.23087,HIGH
8,0.08,0.011185,0.252313,0.157181,0.324125,1,0,7,8.34864,MEDIUM
3,0.319684,0.1,0.342484,0.245796,0.134452,0,3,0,7.505568,MEDIUM
38,0.690029,0.019358,0.158364,0.089172,0.215904,7,5,26,117.038625,HIGH
35,0.534099,0.014907,0.185955,0.159543,0.318728,0,11,24,61.904826,HIGH
11,0.604066,0.052154,0.072492,0.018521,0.034795,4,5,2,23.773595,HIGH
51,0.445124,0.006095,0.165447,0.121342,0.138139,21,6,24,197.557246,HIGH
8,0.132086,0.008926,0.05,0.02,0.420759,6,1,1,19.35652,MEDIUM
4,0.005042,0.010668,0.644516,0.458292,0.123686,4,0,0,3.552997,LOW
58,0.604821,0.007918,0.145969,0.11306,0.265771,20,34,4,217.915181,HIGH
0,0.0,0.0,1.0,1.0,0.0,0,0,0,0.0,LOW
52,0.457928,0.00825,0.155453,0.091965,0.066088,10,26,16,149.383607,HIGH
6,0.33735,0.060213,0.345978,0.146495,0.171889,4,0,2,12.386086,MEDIUM
25,0.459413,0.024102,0.285781,0.248479,0.301019,20,2,3,89.959652,HIGH
0,0.0,0.0,1.0,1.0,0.0,0,0,0,0.0,LOW
31,0.43656,0.011222,0.108688,0.043016,0.02,8,12,11,118.892045,HIGH
3,0.007244,0.006731,0.938051,0.757149,0.143202,2,1,0,1.538519,LOW
12,0.426729,0.034681,0.062844,0.002,0.164322,2,4,6,21.622572,HIGH
2,0.017881,0.00696,0.95496,0.818309,0.247203,1,1,0,2.773856,LOW
8,0.137939,0.019465,0.264296,0.091534,0.237523,1,5,2,18.14871,MEDIUM
14,0.497221,0.033013,0.18878,0.090141,0.243479,1,12,1,29.048243,HIGH
12,0.186939,0.013612,0.401716,0.272962,0.283743,7,5,0,15.408261,MEDIUM
1,0.014035,0.006766,0.655674,0.519734,0.404748,1,0,0,1.317145,LOW
32,0.703238,0.02189,0.173815,0.120423,0.107852,8,19,5,69.992143,HIGH
58,0.821911,0.009528,0.103582,0.083602,0.162324,26,8,24,135.170618,HIGH
0,0.0,0.0,1.0,1.0,0.0,0,0,0,0.0,LOW
12,0.333347,0.034412,0.339113,0.148144,0.05,1,8,3,13.613257,MEDIUM
48,0.655566,0.014655,0.186398,0.088212,0.113607,0,10,38,104.625282,HIGH
21,0.60427,0.030872,0.008044,0.002,0.141239,10,9,2,74.798405,HIGH
3,0.052612,0.006426,0.982365,0.868764,0.19945,0,2,1,1.895036,LOW
9,0.107172,0.008711,0.551368,0.364612,0.357546,3,1,5,13.429824,MEDIUM
10,0.267767,0.031347,0.347071,0.164455,0.246221,2,4,4,12.264505,MEDIUM
3,0.001,0.001,0.395484,0.215633,0.329894,1,0,2,4.16187,LOW
10,0.221093,0.024116,0.39308,0.246826,0.455908,0,4,6,24.150222,MEDIUM
3,0.010021,0.006774,0.657874,0.561676,0.245772,2,1,0,4.324706,LOW
54,0.510095,0.008504,0.160891,0.063027,0.08509,15,14,25,100.710197,HIGH
1,0.017849,0.012665,0.338147,0.143206,0.365067,0,1,0,0.783665,LOW
36,0.598652,0.023331,0.105648,0.047823,0.42096,2,5,29,108.569162,HIGH
44,0.708349,0.019431,0.069807,0.002,0.075221,1,13,30,144.625325,HIGH
50,0.539235,0.004451,0.204373,0.148216,0.475698,17,9,24,149.860668,HIGH
4,0.088099,0.03464,0.531536,0.304903,0.103215,1,0,3,4.601266,LOW
12,0.08,0.006162,0.344365,0.14836,0.123005,2,0,10,25.0,MEDIUM
45,0.54485,0.008196,0.079651,0.028478,0.084164,10,14,21,163.873675,HIGH
51,0.616291,0.010283,0.08641,0.039586,0.280757,12,11,28,86.727092,HIGH
3,0.005248,0.001842,0.52038,0.309784,0.495715,2,0,1,4.045351,LOW
21,0.735479,0.034827,0.18374,0.126824,0.135157,0,13,8,67.908731,HIGH
3,0.03625,0.01186,0.498606,0.378291,0.484797,0,0,3,2.4913,LOW
0,0.0,0.0,1.0,1.0,0.0,0,0,0,0.0,LOW
21,0.681702,0.033727,0.144829,0.075031,0.38748,1,8,12,69.250376,HIGH
10,0.08,0.009201,0.461322,0.398618,0.101351,1,3,6,25.0,MEDIUM
3,0.001,0.016118,0.573995,0.484596,0.186577,0,1,2,2.489897,LOW
1,0.008217,0.001,1.0,0.807867,0.459669,1,0,0,0.792395,LOW
4,0.001,0.001,0.372011,0.285438,0.484129,0,4,0,1.581347,LOW
0,0.0,0.0,1.0,1.0,0.0,0,0,0,0.0,LOW
12,0.38348,0.037567,0.264964,0.109161,0.446156,1,4,7,16.109142,MEDIUM
11,0.08,0.008948,0.310871,0.138117,0.36236,6,0,5,25.0,MEDIUM
0,0.0,0.0,1.0,1.0,0.0,0,0,0,0.0,LOW
7,0.150915,0.013822,0.424444,0.29529,0.108848,6,0,1,12.838181,MEDIUM
83,0.626001,0.002,0.217075,0.160567,0.286341,1,50,32,269.005674,HIGH
136,0.336498,0.002,0.091627,0.018137,0.359749,88,18,30,232.831283,HIGH
1,0.017639,0.015718,0.757001,0.571493,0.318437,0,0,1,0.511655,LOW
4,0.01515,0.001,0.32467,0.077152,0.385901,4,0,0,1.19166,LOW
7,0.085143,0.01744,0.454862,0.332983,0.416165,3,1,3,20.358001,MEDIUM
4,0.005509,0.026451,1.0,0.84873,0.514483,3,0,1,3.537689,LOW
3,0.049169,0.022082,0.988253,0.912068,0.328933,0,3,0,3.801892,LOW
0,0.0,0.0,1.0,1.0,0.0,0,0,0,0.0,LOW
0,0.0,0.0,1.0,1.0,0.0,0,0,0,0.0,LOW
43,0.385017,0.010715,0.081345,0.002,0.314408,4,6,33,108.625814,HIGH
7,0.12771,0.015058,0.396736,0.312265,0.417463,0,6,1,11.540261,MEDIUM
0,0.0,0.0,1.0,1.0,0.0,0,0,0,0.0,LOW
0,0.0,0.0,1.0,1.0,0.0,0,0,0,0.0,LOW
13,0.440186,0.031392,0.058164,0.002,0.172146,5,2,6,50.560854,HIGH
43,0.468751,0.011809,0.156024,0.10712,0.275485,9,27,7,140.286212,HIGH
48,0.685184,0.015732,0.296153,0.248996,0.094673,11,13,24,146.707158,HIGH
25,0.511294,0.018825,0.245371,0.151519,0.325406,1,14,10,86.773561,HIGH
7,0.177044,0.023227,0.581917,0.460224,0.318299,1,5,1,12.22984,MEDIUM
8,0.393424,0.059912,0.238542,0.100392,0.310013,1,4,3,9.659863,MEDIUM
8,0.123884,0.012923,0.462856,0.318626,0.27477,0,8,0,22.557048,MEDIUM
30,0.560155,0.018046,0.170054,0.075336,0.16546,6,7,17,76.529635,HIGH
12,0.633786,0.056922,0.058587,0.002,0.02,0,0,12,35.037629,HIGH
9,0.095246,0.009889,0.397451,0.258688,0.44783,2,6,1,24.219752,MEDIUM
15,0.439159,0.031173,0.061282,0.002,0.313654,1,1,13,23.00196,HIGH
3,0.045931,0.006356,0.89332,0.647201,0.393611,1,2,0,4.053204,LOW
23,0.526635,0.02495,0.285885,0.188074,0.17143,8,6,9,72.226645,HIGH
29,0.765493,0.030788,0.198047,0.177647,0.403925,2,6,21,89.162483,HIGH
1,0.030674,0.033192,0.652477,0.589319,0.407538,0,0,1,1.265168,LOW
32,0.584342,0.015973,0.082438,0.013408,0.192834,8,18,6,84.93375,HIGH
5,0.286121,0.067528,0.370707,0.177777,0.276581,0,0,5,13.287043,MEDIUM
3,0.005889,0.001,0.733576,0.528109,0.12581,2,1,0,3.382475,LOW
4,0.235369,0.054856,0.186067,0.048635,0.323787,0,1,3,11.46309,MEDIUM
41,0.54933,0.010591,0.170033,0.155329,0.073226,27,12,2,133.578459,HIGH
2,0.049297,0.040646,0.519438,0.406061,0.095196,0,1,1,2.165893,LOW
2,0.016921,0.001,0.706678,0.468567,0.270405,1,1,0,2.947022,LOW
0,0.0,0.0,1.0,1.0,0.0,0,0,0,0.0,LOW
3,0.023345,0.005592,0.816827,0.600732,0.2056,3,0,0,3.552053,LOW
4,0.104295,0.019428,0.477377,0.256812,0.357012,2,2,0,4.108215,LOW
40,0.653153,0.014612,0.005,0.002,0.193477,4,20,16,117.28491,HIGH
3,0.066172,0.030524,0.687247,0.634154,0.138172,0,2,1,1.330226,LOW
6,0.354212,0.061385,0.551598,0.392049,0.337688,1,4,1,13.956655,MEDIUM
11,0.186396,0.008235,0.281976,0.128919,0.256118,0,1,10,19.917291,MEDIUM
0,0.0,0.0,1.0,1.0,0.0,0,0,0,0.0,LOW
7,0.08,0.00559,0.27225,0.087161,0.344868,0,7,0,19.951773,MEDIUM
32,0.61058,0.022942,0.021702,0.002,0.130619,11,18,3,54.078445,HIGH
1,0.004641,0.015212,0.876203,0.736096,0.0,0,1,0,0.616775,LOW
42,0.25,0.005081,0.25901,0.227843,0.28322,7,28,7,99.905338,HIGH
4,0.010954,0.011743,0.64418,0.458883,0.398572,2,2,0,4.585164,LOW
2,0.051556,0.035855,0.472491,0.336486,0.297085,0,2,0,1.380916,LOW
4,0.063783,0.005711,1.0,0.817439,0.399602,1,2,1,4.591358,LOW
4,0.246026,0.058512,0.652756,0.460763,0.327563,3,1,0,6.368956,MEDIUM
4,0.175304,0.046165,0.225769,0.077513,0.139965,1,1,2,9.30538,MEDIUM
10,0.275733,0.031383,0.05,0.02,0.059851,2,0,8,22.537521,MEDIUM
0,0.0,0.0,1.0,1.0,0.0,0,0,0,0.0,LOW
31,0.524538,0.019196,0.150381,0.061539,0.239415,3,6,22,117.481723,HIGH
9,0.171381,0.02922,0.362747,0.245045,0.357736,8,1,0,22.287382,MEDIUM
9,0.200894,0.023975,0.21221,0.030725,0.425155,1,5,3,14.405481,MEDIUM
4,0.077265,0.020662,1.0,0.914586,0.253974,1,0,3,4.019797,LOW
2,0.013166,0.001,0.528835,0.418498,0.354526,0,2,0,2.967232,LOW
50,0.754363,0.01984,0.079118,0.054766,0.203508,4,5,41,167.154818,HIGH
21,0.633746,0.031561,0.048389,0.002,0.281827,3,3,15,41.760524,HIGH
56,0.743335,0.014614,0.005,0.002,0.178009,20,9,27,160.136188,HIGH
2,0.001,0.002633,0.541619,0.350202,0.072756,0,1,1,2.748215,LOW
6,0.295392,0.053981,0.445965,0.255006,0.376703,2,3,1,10.291414,MEDIUM
18,0.59938,0.03172,0.168316,0.086658,0.351243,5,6,7,30.028593,HIGH
66,0.554494,0.004457,0.096378,0.002,0.218137,14,41,11,126.14531,HIGH
47,0.578798,0.012909,0.205895,0.114894,0.070159,3,15,29,172.704209,HIGH
41,0.495854,0.018947,0.23958,0.154327,0.286297,8,6,27,147.220734,HIGH
1,0.010633,0.001,0.878423,0.660491,0.158675,0,1,0,0.680981,LOW
8,0.157629,0.026876,0.428929,0.233625,0.168202,1,4,3,21.430624,MEDIUM
5,0.08,0.016863,0.551944,0.354709,0.178063,0,4,1,10.92554,MEDIUM
4,0.271338,0.072574,0.492528,0.328106,0.12297,0,4,0,4.33809,MEDIUM
1,0.044671,0.031773,0.460458,0.295164,0.357122,0,0,1,1.057984,LOW
2,0.00778,0.001,0.887208,0.665242,0.231593,0,0,2,0.690763,LOW
9,0.279039,0.036637,0.262054,0.084782,0.398091,0,6,3,19.008139,MEDIUM
1,0.02557,0.015443,0.952963,0.724275,0.142754,0,1,0,0.674756,LOW
35,0.714441,0.021968,0.22916,0.17526,0.373991,24,2,9,135.530737,HIGH
36,0.716065,0.018271,0.027221,0.002,0.357172,23,13,0,131.530172,HIGH
6,0.165969,0.021407,0.30923,0.197103,0.29929,5,0,1,6.423201,MEDIUM
6,0.179534,0.035457,0.566036,0.457328,0.235765,0,3,3,16.45353,MEDIUM
49,0.554503,0.011672,0.228041,0.218912,0.126314,43,6,0,192.511248,HIGH
49,0.630461,0.014501,0.049444,0.002,0.036908,9,20,20,172.64665,HIGH
8,0.167381,0.017549,0.661867,0.481587,0.254817,0,1,7,9.60711,MEDIUM
4,0.018763,0.01345,0.589131,0.40518,0.276558,0,0,4,3.339446,LOW
45,0.375924,0.005319,0.020312,0.002,0.344243,9,24,12,141.931171,HIGH
27,0.595497,0.026476,0.053288,0.014648,0.259301,20,0,7,86.122754,HIGH
36,0.585462,0.016776,0.071614,0.002,0.142682,11,3,22,76.191,HIGH
1,0.001,0.013623,0.48458,0.390518,0.164159,0,0,1,0.278712,LOW
4,0.001,0.001,0.719981,0.552808,0.341636,0,2,2,2.639736,LOW
39,0.457305,0.006553,0.056554,0.014638,0.212592,20,9,10,153.933157,HIGH
9,0.094574,0.009996,0.261343,0.13762,0.387969,0,9,0,13.549122,MEDIUM
12,0.234923,0.022624,0.220296,0.029513,0.297326,3,5,4,25.0,MEDIUM
45,0.910127,0.020328,0.126901,0.042349,0.298537,12,10,23,174.438895,HIGH
3,0.022179,0.013149,0.459782,0.26676,0.323774,0,1,2,3.659288,LOW
0,0.0,0.0,1.0,1.0,0.0,0,0,0,0.0,LOW
12,0.256151,0.021521,0.385333,0.278027,0.443839,0,5,7,25.0,MEDIUM
52,0.487933,0.013935,0.211522,0.170653,0.180025,0,21,31,195.335688,HIGH
1,0.028555,0.028213,0.663232,0.475881,0.162822,0,0,1,1.079126,LOW
3,0.001,0.001,0.809204,0.614142,0.316748,1,1,1,1.879224,LOW
49,0.581795,0.012578,0.131758,0.084621,0.304151,4,19,26,176.302699,HIGH
10,0.284018,0.019435,0.2632,0.167175,0.448912,3,5,2,19.967331,MEDIUM
29,0.816516,0.023434,0.245486,0.17939,0.133871,15,4,10,52.094196,HIGH
0,0.0,0.0,1.0,1.0,0.0,0,0,0,0.0,LOW
4,0.022082,0.001,0.970007,0.729919,0.357942,0,0,4,5.0,LOW
11,0.172025,0.019624,0.48538,0.400813,0.382078,2,3,6,17.52618,MEDIUM
10,0.171531,0.018657,0.084668,0.02,0.1412,2,1,7,11.773305,MEDIUM
59,0.430981,0.002676,0.163515,0.110262,0.415064,11,6,42,172.103117,HIGH
0,0.0,0.0,1.0,1.0,0.0,0,0,0,0.0,LOW
39,0.382346,0.007204,0.125414,0.064739,0.397639,2,18,19,73.901299,HIGH
0,0.0,0.0,1.0,1.0,0.0,0,0,0,0.0,LOW
37,0.665172,0.015084,0.048738,0.002,0.214092,6,4,27,82.020559,HIGH
30,0.485362,0.017715,0.233767,0.149071,0.477218,24,3,3,68.074867,HIGH
3,0.040987,0.013538,0.747502,0.576743,0.155044,0,0,3,2.666882,LOW
1,0.026516,0.020403,0.820166,0.62118,0.247274,0,1,0,0.6457,LOW
10,0.190789,0.010928,0.196288,0.058916,0.387519,1,9,0,24.355546,MEDIUM
3,0.051755,0.017974,0.309161,0.21859,0.410221,1,2,0,3.331897,LOW
10,0.148997,0.017117,0.05,0.02,0.313728,0,1,9,14.883186,MEDIUM
2,0.032925,0.008942,0.695218,0.496335,0.452475,0,1,1,2.564458,LOW
24,0.437828,0.020032,0.325847,0.226036,0.115496,11,3,10,84.539672,HIGH
35,0.612862,0.020796,0.23623,0.154564,0.286834,3,16,16,106.662936,HIGH
10,0.473504,0.048742,0.292534,0.236848,0.370178,1,6,3,25.321034,HIGH
6,0.089919,0.018313,0.448491,0.273332,0.198008,1,2,3,12.03067,MEDIUM
0,0.0,0.0,1.0,1.0,0.0,0,0,0,0.0,LOW
4,0.01055,0.010013,0.960848,0.723155,0.457816,0,3,1,4.25528,LOW
3,0.001,0.004462,0.67382,0.467176,0.0,1,0,2,2.694313,LOW
57,0.493492,0.00666,0.214884,0.126912,0.130514,28,29,0,107.810636,HIGH
11,0.118264,0.012035,0.289353,0.171788,0.145329,3,4,4,15.610857,MEDIUM
22,0.519352,0.022487,0.035331,0.002,0.238245,5,4,13,76.771373,HIGH
43,0.833635,0.024187,0.060379,0.040658,0.410221,25,14,4,118.64115,HIGH
51,0.859663,0.020316,0.204373,0.182242,0.309168,10,28,13,98.268322,HIGH
18,0.809579,0.044955,0.145296,0.133705,0.258399,4,5,9,54.103712,HIGH
2,0.014665,0.004226,0.309063,0.121147,0.431764,0,1,1,0.666431,LOW
5,0.206245,0.037833,0.206884,0.150723,0.054048,0,4,1,14.141935,MEDIUM
4,0.271987,0.069743,0.542193,0.420477,0.216256,1,2,1,11.14151,MEDIUM
44,0.485637,0.011325,0.224526,0.148666,0.242386,0,17,27,83.809927,HIGH
7,0.297863,0.04429,0.149382,0.093143,0.190099,1,1,5,11.094828,MEDIUM
18,0.515081,0.029592,0.147704,0.113293,0.083964,0,9,9,68.88468,HIGH
4,0.02442,0.015813,0.282853,0.073222,0.367169,3,0,1,5.0,LOW
3,0.034365,0.019376,0.902457,0.774524,0.060146,2,0,1,1.275656,LOW
9,0.282292,0.034825,0.193747,0.090217,0.271833,3,6,0,25.0,MEDIUM
17,0.621102,0.036239,0.084061,0.066309,0.257642,9,1,7,33.664508,HIGH
3,0.021833,0.001807,0.93976,0.8469,0.397649,2,0,1,2.534472,LOW
0,0.0,0.0,1.0,1.0,0.0,0,0,0,0.0,LOW
7,0.14017,0.023654,0.30392,0.193695,0.42,4,2,1,15.051082,MEDIUM
11,0.244911,0.016082,0.624618,0.504869,0.520387,5,2,4,25.0,MEDIUM
11,0.169893,0.01592,0.36412,0.176702,0.286969,2,9,0,25.0,MEDIUM
6,0.08,0.015329,0.171635,0.02,0.156489,2,4,0,14.773082,MEDIUM
2,0.016287,0.012748,0.505286,0.291711,0.107723,1,1,0,1.415136,LOW
5,0.27645,0.052647,0.283129,0.128561,0.506258,0,1,4,10.424834,MEDIUM
3,0.021898,0.001,0.863437,0.71075,0.335406,1,2,0,4.409174,LOW
20,0.445511,0.025027,0.166713,0.10228,0.155779,0,9,11,78.604429,HIGH
39,0.53556,0.008401,0.148089,0.058677,0.18324,1,16,22,126.604567,HIGH
4,0.002409,0.001,1.0,0.861098,0.004245,1,0,3,3.318628,LOW
0,0.0,0.0,1.0,1.0,0.0,0,0,0,0.0,LOW
4,0.06416,0.002042,0.80419,0.745864,0.429463,0,4,0,4.487267,LOW
35,0.463555,0.016562,0.296774,0.280165,0.342873,3,28,4,76.067837,HIGH
6,0.168981,0.025171,0.572309,0.449113,0.466223,5,1,0,9.77394,MEDIUM
12,0.359138,0.029454,0.114505,0.02,0.499475,7,3,2,13.076308,MEDIUM
12,0.642639,0.05475,0.163052,0.064813,0.237978,2,1,9,36.762534,HIGH
3,0.224793,0.081235,0.238087,0.131641,0.467686,0,2,1,8.52137,MEDIUM
20,0.614468,0.03138,0.275409,0.251108,0.121891,2,15,3,45.577491,HIGH
12,0.08,0.009287,0.29424,0.152932,0.354461,1,3,8,25.0,MEDIUM
31,0.720797,0.021799,0.086079,0.038035,0.243993,0,8,23,49.632005,HIGH
4,0.024216,0.001184,0.623339,0.412415,0.238087,0,2,2,2.807726,LOW
11,0.300024,0.028857,0.193766,0.121237,0.094109,5,0,6,20.400353,MEDIUM
2,0.02262,0.029857,0.977163,0.749265,0.09966,2,0,0,1.99144,LOW
12,0.08975,0.005,0.466711,0.394535,0.24875,3,2,7,18.145157,MEDIUM
6,0.19376,0.034058,0.662366,0.583071,0.194398,2,4,0,7.820047,MEDIUM
55,0.685991,0.010451,0.073152,0.017298,0.167309,5,1,49,194.22867,HIGH
3,0.026384,0.004633,0.717861,0.589442,0.404097,0,2,1,2.855914,LOW
21,0.721586,0.039635,0.094099,0.072653,0.187107,4,14,3,56.862244,HIGH
9,0.08,0.005982,0.229931,0.072665,0.349478,7,1,1,25.0,MEDIUM
0,0.0,0.0,1.0,1.0,0.0,0,0,0,0.0,LOW
51,0.596417,0.009881,0.042089,0.002,0.108305,4,20,27,78.677521,HIGH
38,0.453067,0.0079,0.105469,0.014479,0.349825,10,12,16,145.069541,HIGH
4,0.02419,0.001,0.874625,0.731244,0.087758,2,2,0,1.676724,LOW
3,0.194723,0.065736,0.7,0.557042,0.43958,0,3,0,6.675466,MEDIUM
0,0.0,0.0,1.0,1.0,0.0,0,0,0,0.0,LOW
4,0.094303,0.028034,0.49019,0.32692,0.117979,0,0,4,9.807312,MEDIUM
3,0.006129,0.001,0.650998,0.406268,0.0,0,1,2,1.726079,LOW
9,0.08,0.006685,0.387416,0.199951,0.31627,4,1,4,15.124367,MEDIUM
17,0.671016,0.042551,0.211002,0.122817,0.305122,3,14,0,63.142341,HIGH
7,0.08,0.007898,0.219838,0.125778,0.1401,0,7,0,8.767384,MEDIUM
38,0.25,0.010656,0.107187,0.029823,0.088196,9,10,19,123.761643,HIGH
4,0.015128,0.018303,0.562297,0.316809,0.458629,0,1,3,4.103793,LOW
33,0.457489,0.013442,0.258343,0.23138,0.241091,23,3,7,121.013259,HIGH
0,0.0,0.0,1.0,1.0,0.0,0,0,0,0.0,LOW
4,0.02672,0.001,0.976511,0.767398,0.369681,1,3,0,2.220256,LOW
1,0.043139,0.018549,0.698817,0.560838,0.350655,0,1,0,0.546001,LOW
2,0.039245,0.012714,0.989048,0.802921,0.298006,1,1,0,0.501099,LOW
17,0.552094,0.031953,0.020727,0.009103,0.275683,3,3,11,48.939436,HIGH
8,0.26923,0.033262,0.133156,0.02,0.369583,0,0,8,14.093877,MEDIUM
12,0.08,0.012691,0.394039,0.255603,0.103673,2,4,6,21.013956,MEDIUM
30,0.70679,0.025206,0.177042,0.129967,0.27655,17,12,1,66.074172,HIGH
12,0.55575,0.049785,0.229511,0.163624,0.32158,1,6,5,41.047756,HIGH
7,0.27882,0.038005,0.200045,0.084813,0.090927,0,6,1,17.00396,MEDIUM
3,0.007464,0.001,1.0,0.894851,0.102999,2,1,0,3.444034,LOW
53,0.50198,0.008087,0.005792,0.002,0.102357,22,7,24,210.729148,HIGH
3,0.112163,0.032135,0.449963,0.261916,0.461292,1,2,0,6.40857,MEDIUM
40,0.511367,0.012126,0.199956,0.180558,0.299595,1,2,37,95.087628,HIGH
8,0.254979,0.040598,0.100976,0.02,0.204727,5,1,2,8.881027,MEDIUM
0,0.0,0.0,1.0,1.0,0.0,0,0,0,0.0,LOW
2,0.031922,0.018226,0.67317,0.564232,0.347382,1,1,0,1.507968,LOW
4,0.014383,0.008048,0.844224,0.787922,0.197184,0,2,2,5.0,LOW
14,0.513625,0.039062,0.099298,0.05845,0.350146,5,3,6,52.698064,HIGH
57,0.548819,0.006385,0.149643,0.12922,0.169615,47,0,10,172.558837,HIGH
148,0.534149,0.006123,0.019979,0.002,0.070959,23,112,13,400.0,HIGH
4,0.159807,0.035718,0.367107,0.299699,0.142079,1,2,1,11.440157,MEDIUM
3,0.019518,0.006615,0.412439,0.306333,0.455405,0,2,1,2.903302,LOW
49,0.493888,0.012423,0.13189,0.042061,0.345918,13,16,20,94.258031,HIGH
36,0.5112,0.014779,0.216819,0.14915,0.206916,16,6,14,80.137415,HIGH
5,0.175835,0.034767,0.144734,0.02,0.162399,2,2,1,12.341224,MEDIUM
10,0.48948,0.046526,0.162622,0.0886,0.301007,5,3,2,15.438496,HIGH
2,0.05717,0.030072,0.990561,0.897928,0.167003,0,1,1,1.897976,LOW
7,0.138764,0.013213,0.234155,0.055685,0.238434,5,2,0,13.458375,MEDIUM
4,0.099686,0.022427,0.25946,0.126094,0.394962,2,1,1,7.211563,MEDIUM
35,0.66032,0.014803,0.210705,0.195648,0.264303,6,12,17,96.769237,HIGH
2,0.017241,0.011773,1.0,0.886709,0.197751,0,0,2,1.815308,LOW
10,0.231866,0.023501,0.401415,0.265963,0.381178,0,6,4,25.0,MEDIUM
0,0.0,0.0,1.0,1.0,0.0,0,0,0,0.0,LOW
1,0.009474,0.013571,0.561804,0.388553,0.241558,0,0,1,1.406603,LOW
43,0.709004,0.022863,0.083402,0.002,0.16057,1,17,25,99.860901,HIGH
11,0.211407,0.017782,0.058811,0.02,0.345063,0,9,2,14.186731,MEDIUM
24,0.602888,0.022695,0.164205,0.119218,0.274309,15,8,1,65.496405,HIGH
32,0.367036,0.010622,0.11972,0.109883,0.407235,11,14,7,55.834753,HIGH
38,0.893249,0.019788,0.211105,0.139402,0.33135,14,6,18,59.647697,HIGH
10,0.090282,0.010644,0.216002,0.053079,0.118292,7,1,2,19.024641,MEDIUM
4,0.077438,0.014495,0.562145,0.34317,0.031004,0,3,1,4.861082,LOW
1,0.001,0.001,0.471023,0.324624,0.513452,0,0,1,0.935005,LOW
20,0.509685,0.026216,0.096121,0.078425,0.35438,7,5,8,53.55759,HIGH
9,0.08,0.005,0.258981,0.099007,0.250276,3,6,0,18.750258,MEDIUM
0,0.0,0.0,1.0,1.0,0.0,0,0,0,0.0,LOW
3,0.019794,0.017556,0.449589,0.384726,0.201876,0,1,2,1.822133,LOW
1,0.037277,0.050681,0.756371,0.559913,0.401235,1,0,0,0.929346,LOW
41,0.843664,0.018341,0.148672,0.072118,0.421599,10,28,3,108.992323,HIGH
5,0.243237,0.045424,0.160226,0.036443,0.470607,0,2,3,8.797488,MEDIUM
4,0.205052,0.0538,0.298284,0.13644,0.231953,1,2,1,7.21659,MEDIUM
42,0.838596,0.016289,0.154666,0.10938,0.345009,22,15,5,65.746016,HIGH
9,0.08398,0.011019,0.574803,0.418391,0.38344,6,1,2,25.0,MEDIUM
15,0.793306,0.054119,0.113848,0.044229,0.300468,0,8,7,39.603507,HIGH
27,0.517306,0.020043,0.184778,0.148446,0.315288,6,0,21,66.618479,HIGH
8,0.311194,0.036244,0.630709,0.436913,0.269715,0,5,3,19.812542,MEDIUM
0,0.0,0.0,1.0,1.0,0.0,0,0,0,0.0,LOW
10,0.146478,0.01326,0.4183,0.322107,0.120208,0,9,1,22.275177,MEDIUM
10,0.341795,0.039549,0.166217,0.078248,0.381751,3,1,6,16.718404,MEDIUM
13,0.469637,0.032788,0.255678,0.222196,0.03866,3,7,3,26.114054,HIGH
10,0.08,0.014379,0.534144,0.384868,0.420708,7,1,2,14.957314,MEDIUM
3,0.032586,0.003722,0.818253,0.720092,0.393966,0,3,0,3.53586,LOW
1,0.01158,0.013335,0.883612,0.640303,0.376208,1,0,0,1.102346,LOW
28,0.611353,0.020475,0.124798,0.105821,0.072476,1,5,22,53.545764,HIGH
31,0.657728,0.024676,0.186016,0.112835,0.43942,1,15,15,104.86693,HIGH
5,0.153797,0.02957,0.366633,0.281911,0.10069,1,4,0,10.796919,MEDIUM
4,0.275302,0.068655,0.386504,0.332408,0.33586,2,0,2,6.151818,MEDIUM
0,0.0,0.0,1.0,1.0,0.0,0,0,0,0.0,LOW
4,0.009041,0.001,1.0,0.771234,0.33317,1,3,0,5.0,LOW
0,0.0,0.0,1.0,1.0,0.0,0,0,0,0.0,LOW
10,0.107938,0.012265,0.086253,0.031589,0.288835,2,0,8,25.0,MEDIUM
2,0.002379,0.00123,0.763712,0.65187,0.105299,2,0,0,2.209074,LOW
9,0.222742,0.024198,0.177417,0.02,0.188705,4,2,3,14.622365,MEDIUM
17,0.616815,0.03342,0.17191,0.139922,0.388578,12,0,5,45.167301,HIGH
3,0.025012,0.007308,0.969935,0.763883,0.155198,0,3,0,1.240267,LOW
3,0.082448,0.018809,0.453556,0.403494,0.222158,0,3,0,5.065622,MEDIUM
23,0.540465,0.028115,0.06452,0.026492,0.225768,7,8,8,83.931091,HIGH
55,0.409421,0.007293,0.059926,0.034796,0.385416,18,26,11,168.902261,HIGH
2,0.039696,0.015802,0.840664,0.596805,0.48191,0,0,2,2.896017,LOW
45,0.480182,0.003164,0.234309,0.16551,0.384006,4,7,34,161.469548,HIGH
3,0.184081,0.068048,0.53848,0.406396,0.064773,3,0,0,7.032061,MEDIUM
31,0.475277,0.013458,0.212404,0.115717,0.207138,17,12,2,92.011154,HIGH
3,0.248152,0.082194,0.406391,0.230769,0.440536,1,2,0,8.918618,MEDIUM
9,0.347761,0.034977,0.193102,0.090267,0.327382,0,5,4,11.650202,MEDIUM
44,0.38914,0.00547,0.134834,0.068666,0.31439,18,18,8,70.588373,HIGH
10,0.238082,0.024329,0.489942,0.377529,0.44321,1,6,3,25.0,MEDIUM
8,0.37442,0.057975,0.120943,0.02,0.296918,0,3,5,20.219287,MEDIUM
45,0.684387,0.012044,0.212346,0.117959,0.287195,13,5,27,131.743713,HIGH
27,0.539117,0.014269,0.043876,0.026869,0.322626,4,1,22,45.816745,HIGH
48,0.371341,0.00634,0.120935,0.096827,0.379286,20,4,24,77.756563,HIGH
0,0.0,0.0,1.0,1.0,0.0,0,0,0,0.0,LOW
43,0.507493,0.00798,0.076993,0.051907,0.293191,0,12,31,151.768256,HIGH
49,0.474434,0.006949,0.164923,0.100427,0.22115,10,13,26,99.809994,HIGH
7,0.241294,0.026744,0.253087,0.053569,0.24968,1,4,2,8.289743,MEDIUM
50,0.512908,0.013586,0.227288,0.199329,0.14602,4,13,33,164.321774,HIGH
4,0.001,0.012649,0.778738,0.569235,0.161201,0,2,2,3.132508,LOW
4,0.08,0.012009,0.574719,0.485451,0.181126,3,0,1,6.262275,MEDIUM
0,0.0,0.0,1.0,1.0,0.0,0,0,0,0.0,LOW
8,0.120071,0.017717,0.697046,0.500063,0.180097,1,6,1,14.52595,MEDIUM
47,0.783724,0.023711,0.079954,0.02193,0.129213,23,6,18,155.436795,HIGH
3,0.009544,0.001,0.609881,0.362944,0.457261,1,1,1,1.527614,LOW
2,0.00328,0.00407,0.892146,0.664762,0.07558,0,1,1,1.775821,LOW
9,0.30118,0.038959,0.146718,0.048402,0.222132,2,7,0,25.0,MEDIUM
5,0.148342,0.037414,0.05,0.02,0.40796,3,0,2,9.198689,MEDIUM
83,0.55207,0.011369,0.143202,0.044819,0.211517,56,27,0,212.839231,HIGH
8,0.168314,0.026975,0.320495,0.184745,0.336189,2,0,6,16.806348,MEDIUM
50,0.491945,0.006867,0.324593,0.230274,0.059016,15,12,23,130.495827,HIGH
24,0.63438,0.024006,0.230665,0.163617,0.269316,5,14,5,82.247709,HIGH
98,0.524519,0.003463,0.098948,0.051958,0.222814,20,38,40,349.560255,HIGH
1,0.011476,0.004904,1.0,0.91331,0.267369,0,0,1,1.352403,LOW
20,0.796936,0.037565,0.206218,0.117639,0.124496,6,11,3,75.0668,HIGH
3,0.001,0.017367,0.595466,0.401212,0.257511,2,1,0,3.276289,LOW
2,0.001,0.001,0.765301,0.644351,0.444461,0,0,2,2.160525,LOW
1,0.023623,0.012148,1.0,0.913924,0.240978,0,1,0,0.258939,LOW
20,0.765162,0.041068,0.241656,0.186312,0.308487,0,8,12,47.972335,HIGH
30,0.427851,0.013612,0.005,0.002,0.207804,3,11,16,44.714451,HIGH
25,0.320057,0.013307,0.147066,0.127223,0.25681,4,14,7,76.77636,HIGH
29,0.788124,0.026036,0.09939,0.055265,0.267841,24,3,2,73.09591,HIGH
0,0.0,0.0,1.0,1.0,0.0,0,0,0,0.0,LOW
0,0.0,0.0,1.0,1.0,0.0,0,0,0,0.0,LOW
2,0.025442,0.011221,0.892259,0.841107,0.132162,0,2,0,2.157243,LOW
50,0.644844,0.008163,0.035979,0.007725,0.166976,3,32,15,150.05757,HIGH
11,0.322087,0.028377,0.066008,0.02,0.451347,4,1,6,19.438756,MEDIUM
4,0.03783,0.001,0.324222,0.197079,0.419888,4,0,0,1.793842,LOW
8,0.248816,0.032549,0.196916,0.035162,0.317366,2,1,5,14.296315,MEDIUM
1,0.019511,0.018003,0.765769,0.606105,0.094675,0,1,0,0.705446,LOW
10,0.26074,0.024167,0.117729,0.09249,0.033423,6,1,3,36.60919,HIGH
29,0.791954,0.022955,0.139459,0.073317,0.137198,1,4,24,93.981664,HIGH
3,0.013123,0.001,0.987333,0.84757,0.107839,0,3,0,3.607016,LOW
47,0.804315,0.014256,0.100165,0.023411,0.193945,0,8,39,81.137188,HIGH
4,0.147375,0.035595,0.520657,0.464967,0.447369,3,1,0,4.777634,MEDIUM
31,0.591215,0.016726,0.237205,0.161492,0.210985,5,24,2,116.157896,HIGH
41,0.701536,0.016824,0.11159,0.035624,0.202081,6,34,1,150.981115,HIGH
2,0.025019,0.002905,0.774612,0.689455,0.288329,1,0,1,1.101445,LOW
2,0.001,0.012375,0.398286,0.262628,0.114285,1,1,0,1.531638,LOW
3,0.011194,0.001,0.704626,0.624292,0.314012,0,3,0,2.084637,LOW
6,0.241377,0.03572,0.415801,0.345631,0.177004,1,3,2,10.296843,MEDIUM
12,0.362462,0.033302,0.214492,0.054822,0.366614,9,1,2,13.376738,MEDIUM
2,0.036611,0.013368,0.674852,0.593376,0.280795,1,0,1,3.039302,LOW
11,0.35117,0.033279,0.314524,0.202904,0.218481,4,3,4,18.355839,MEDIUM
3,0.150853,0.042838,0.48538,0.391841,0.293017,0,3,0,3.999746,MEDIUM
16,0.466501,0.030296,0.082263,0.048007,0.136325,0,2,14,52.414235,HIGH
3,0.001,0.001,0.514782,0.341831,0.396773,1,0,2,2.608898,LOW
24,0.745617,0.033627,0.219461,0.147922,0.283125,2,0,22,70.810872,HIGH
1,0.057349,0.054797,0.907883,0.806105,0.333033,0,0,1,0.562993,LOW
3,0.050989,0.014165,0.509181,0.261982,0.576381,2,0,1,3.438152,LOW
3,0.001,0.007756,0.95323,0.715196,0.379019,1,1,1,3.940384,LOW
6,0.08,0.006694,0.237144,0.0798,0.179483,0,3,3,11.30056,MEDIUM
39,0.527479,0.010793,0.054699,0.023206,0.292041,8,24,7,142.540816,HIGH
6,0.303742,0.051193,0.318739,0.209311,0.144402,0,2,4,6.655339,MEDIUM
1,0.001,0.001,1.0,0.782184,0.360742,0,0,1,0.226356,LOW
0,0.0,0.0,1.0,1.0,0.0,0,0,0,0.0,LOW
50,0.683875,0.011346,0.084651,0.053887,0.045049,6,26,18,122.008122,HIGH
1,0.001,0.009957,1.0,0.805116,0.397466,0,1,0,0.662026,LOW
36,0.645884,0.014241,0.033949,0.02049,0.305088,20,7,9,82.676825,HIGH
26,0.631902,0.020863,0.095256,0.058342,0.268401,4,20,2,46.997513,HIGH
2,0.038076,0.024465,0.775128,0.562303,0.341745,1,1,0,1.391993,LOW
1,0.006231,0.001,0.754142,0.607453,0.312519,1,0,0,1.039365,LOW
5,0.277396,0.052533,0.276383,0.141946,0.374264,0,3,2,9.117188,MEDIUM
3,0.08,0.030843,0.418763,0.315824,0.058716,0,0,3,6.034461,MEDIUM
4,0.210752,0.04691,0.05,0.02,0.31193,0,1,3,5.0872,MEDIUM
2,0.007924,0.006068,0.698879,0.646336,0.435964,1,1,0,0.84174,LOW
3,0.001,0.001,0.509971,0.304999,0.13118,1,2,0,2.681554,LOW
3,0.032122,0.016958,0.68542,0.515489,0.372091,0,0,3,1.770902,LOW
6,0.08,0.010193,0.25555,0.201708,0.290548,0,4,2,9.487866,MEDIUM
9,0.135539,0.016507,0.7,0.541666,0.365168,5,4,0,10.171302,MEDIUM
8,0.356796,0.041531,0.34865,0.273816,0.182523,0,4,4,15.684656,MEDIUM
9,0.485263,0.058639,0.548545,0.399739,0.212156,0,8,1,16.622402,MEDIUM
17,0.47607,0.032921,0.171951,0.114537,0.330818,5,2,10,54.208447,HIGH
48,0.529317,0.010992,0.036637,0.003493,0.270824,3,22,23,116.818234,HIGH
1,0.035174,0.057031,0.621161,0.465035,0.243207,0,0,1,0.441453,LOW
0,0.0,0.0,1.0,1.0,0.0,0,0,0,0.0,LOW
58,0.442025,0.009402,0.178673,0.087529,0.366505,6,32,20,213.96427,HIGH
3,0.12089,0.043177,0.143255,0.063211,0.218841,0,0,3,8.818771,MEDIUM
5,0.245698,0.052718,0.415073,0.222824,0.346283,2,0,3,7.856177,MEDIUM
8,0.08,0.014088,0.602074,0.50639,0.316382,1,3,4,11.489144,MEDIUM
4,0.401772,0.1,0.316263,0.176436,0.37654,1,1,2,7.51608,MEDIUM
4,0.01569,0.00894,0.664041,0.572323,0.188373,1,2,1,5.0,LOW
17,0.25,0.018361,0.202613,0.113273,0.169086,8,8,1,52.538927,HIGH
18,0.267969,0.011111,0.005676,0.002,0.216282,16,2,0,38.949222,HIGH
1,0.035043,0.023889,0.732244,0.672349,0.492484,1,0,0,0.7699,LOW
3,0.038266,0.026507,0.61198,0.431239,0.105695,2,0,1,4.010755,LOW
11,0.630393,0.057972,0.153735,0.110725,0.171278,2,8,1,41.878059,HIGH
11,0.08,0.017756,0.28161,0.186805,0.229442,3,5,3,12.582915,MEDIUM
46,0.724108,0.021837,0.188897,0.139477,0.324794,10,15,21,84.112604,HIGH
18,0.435443,0.021187,0.224903,0.163716,0.02,15,0,3,61.546626,HIGH
6,0.08,0.008146,0.609984,0.419591,0.345614,0,2,4,6.886349,MEDIUM
8,0.2411,0.02494,0.07566,0.020489,0.408276,1,2,5,20.554544,MEDIUM
6,0.120895,0.014412,0.357247,0.244396,0.373575,1,5,0,16.640694,MEDIUM
10,0.373248,0.033199,0.257226,0.188701,0.354725,6,3,1,10.667173,MEDIUM
24,0.408352,0.016974,0.077033,0.002,0.365541,4,8,12,57.078592,HIGH
14,0.309734,0.020568,0.103486,0.037139,0.388946,0,5,9,25.063739,HIGH
3,0.001,0.006708,0.679136,0.569104,0.240217,1,0,2,1.674447,LOW
32,0.563308,0.01442,0.189462,0.097439,0.325289,22,1,9,78.807794,HIGH
33,0.783653,0.018024,0.201431,0.18966,0.188488,7,13,13,110.937189,HIGH
11,0.238758,0.019285,0.514227,0.343631,0.068403,7,1,3,13.342998,MEDIUM
13,0.395417,0.032224,0.243799,0.165373,0.388129,6,4,3,25.947482,HIGH
54,0.515981,0.011324,0.297456,0.223138,0.098845,7,35,12,131.046674,HIGH
12,0.303332,0.031447,0.502928,0.404789,0.468946,1,6,5,14.611747,MEDIUM
11,0.08,0.005,0.363128,0.176342,0.257862,6,0,5,22.6548,MEDIUM
34,0.86425,0.026272,0.202738,0.157185,0.107751,0,3,31,59.488114,HIGH
4,0.320807,0.068061,0.276642,0.085638,0.287806,0,1,3,5.423858,MEDIUM
10,0.453743,0.047525,0.084893,0.05511,0.299951,5,0,5,27.824067,HIGH
32,0.562501,0.013358,0.067309,0.016214,0.35576,4,17,11,68.048299,HIGH
4,0.126092,0.030997,0.189812,0.076089,0.070354,0,1,3,4.278048,MEDIUM
10,0.129856,0.01433,0.177046,0.068802,0.344526,5,2,3,20.938565,MEDIUM
1,0.020788,0.005627,0.997372,0.867896,0.0,0,0,1,0.464278,LOW
13,0.480248,0.036098,0.166355,0.114184,0.190743,4,4,5,21.17973,HIGH
20,0.617143,0.028961,0.10409,0.029451,0.136274,11,7,2,31.627884,HIGH
15,0.38183,0.026697,0.256567,0.199008,0.185165,4,2,9,24.503138,HIGH
41,0.647405,0.010858,0.10715,0.046215,0.239372,5,16,20,141.359353,HIGH
45,0.711151,0.020589,0.191602,0.115401,0.305455,1,42,2,85.163402,HIGH
2,0.015667,0.001,0.452554,0.320455,0.088502,0,2,0,2.002737,LOW
56,0.439076,0.010906,0.135363,0.087033,0.192966,15,21,20,217.65968,HIGH
9,0.222815,0.016749,0.193395,0.02,0.092258,0,1,8,25.0,MEDIUM
2,0.004559,0.001,0.695114,0.511846,0.128905,0,1,1,3.003784,LOW
6,0.22005,0.037617,0.379296,0.263059,0.339088,2,1,3,8.842514,MEDIUM
30,0.897506,0.028337,0.190254,0.096891,0.313993,6,1,23,97.415951,HIGH
59,0.674816,0.011498,0.179164,0.119996,0.189271,12,8,39,102.279013,HIGH
0,0.0,0.0,1.0,1.0,0.0,0,0,0,0.0,LOW
7,0.294844,0.040607,0.401753,0.325516,0.442753,0,3,4,20.318694,MEDIUM
19,0.655917,0.035595,0.005,0.002,0.129135,0,10,9,32.947124,HIGH
3,0.412473,0.1,0.190891,0.128137,0.152397,1,1,1,7.38557,MEDIUM
20,0.573131,0.023922,0.233915,0.217843,0.268542,8,9,3,46.272411,HIGH
33,0.49837,0.008742,0.228803,0.195367,0.170802,6,3,24,50.855627,HIGH
52,0.335012,0.006261,0.034823,0.003636,0.135841,4,27,21,87.567726,HIGH
4,0.065601,0.010368,0.701075,0.530467,0.310843,1,1,2,2.072603,LOW
12,0.184423,0.012227,0.458883,0.405882,0.261018,2,7,3,25.0,MEDIUM
0,0.0,0.0,1.0,1.0,0.0,0,0,0,0.0,LOW
3,0.013482,0.018845,0.584354,0.425606,0.278596,0,0,3,1.286718,LOW
7,0.238852,0.026554,0.338638,0.268701,0.111147,1,3,3,7.925103,MEDIUM
7,0.08,0.010855,0.269485,0.11179,0.169274,4,2,1,16.450994,MEDIUM
12,0.226232,0.008708,0.487125,0.368778,0.179606,4,4,4,23.684913,MEDIUM
11,0.176873,0.011575,0.27852,0.169577,0.438959,2,9,0,25.0,MEDIUM
2,0.009614,0.001244,1.0,0.923537,0.218772,1,1,0,2.214379,LOW
3,0.038167,0.005315,0.595871,0.489067,0.348174,0,3,0,0.891761,LOW
5,0.08,0.025913,0.472592,0.406941,0.404808,4,1,0,8.439342,MEDIUM
4,0.029543,0.001,0.423782,0.252232,0.084048,0,1,3,3.446029,LOW
8,0.130137,0.025041,0.254323,0.108731,0.296272,3,4,1,18.744418,MEDIUM
22,0.604644,0.031694,0.157375,0.101513,0.310275,9,3,10,50.667995,HIGH
3,0.265932,0.0953,0.169831,0.049883,0.398236,2,1,0,7.164466,MEDIUM
2,0.017974,0.023088,0.538722,0.458667,0.299977,1,0,1,1.727157,LOW
12,0.293687,0.027183,0.237236,0.139636,0.16314,6,3,3,20.098517,MEDIUM
8,0.08,0.01184,0.208312,0.047797,0.101129,0,4,4,13.989487,MEDIUM
5,0.171642,0.030932,0.377438,0.234664,0.334984,2,3,0,8.51354,MEDIUM
6,0.200093,0.031624,0.416167,0.291894,0.478661,1,3,2,13.129104,MEDIUM
34,0.685565,0.018028,0.111871,0.103957,0.346391,1,33,0,111.076859,HIGH
10,0.343596,0.023116,0.487505,0.36392,0.424189,1,3,6,13.435998,MEDIUM
1,0.025314,0.030746,0.919565,0.803203,0.056226,0,1,0,0.384948,LOW
1,0.01468,0.023349,0.92685,0.870756,0.381758,0,1,0,0.250995,LOW
0,0.0,0.0,1.0,1.0,0.0,0,0,0,0.0,LOW
4,0.027713,0.014899,0.391646,0.168544,0.242788,3,1,0,5.0,LOW
7,0.331442,0.041659,0.184811,0.088125,0.34305,1,4,2,20.636754,MEDIUM
0,0.0,0.0,1.0,1.0,0.0,0,0,0,0.0,LOW
2,0.02858,0.022371,0.366135,0.278148,0.208265,2,0,0,2.016868,LOW
10,0.432026,0.044093,0.034318,0.002,0.044942,1,6,3,35.672969,HIGH
4,0.119423,0.020123,0.168791,0.02,0.084264,0,1,3,9.51748,MEDIUM
8,0.20922,0.027598,0.190965,0.02,0.501486,4,1,3,21.772198,MEDIUM
3,0.057697,0.024323,0.647622,0.401033,0.159843,0,0,3,3.550354,LOW
2,0.001,0.001,0.736597,0.554659,0.222621,2,0,0,1.207896,LOW
6,0.239675,0.035924,0.342297,0.239562,0.236248,1,3,2,17.56328,MEDIUM
26,0.667598,0.027721,0.17796,0.171329,0.11242,20,2,4,63.043776,HIGH
27,0.496966,0.017896,0.137458,0.071107,0.242745,10,10,7,73.112795,HIGH
1,0.001,0.003114,0.792485,0.61234,0.490152,0,1,0,0.89302,LOW
59,0.639653,0.013203,0.049528,0.027539,0.114933,24,3,32,145.606988,HIGH
7,0.08,0.012438,0.452896,0.398833,0.371683,1,3,3,14.032545,MEDIUM
4,0.040127,0.003566,0.543278,0.423742,0.226103,2,1,1,3.641245,LOW
4,0.028955,0.01425,0.429848,0.265184,0.309569,2,0,2,3.468608,LOW
36,0.722054,0.027192,0.111049,0.060166,0.136123,5,15,16,134.969581,HIGH
8,0.330346,0.046056,0.074213,0.02,0.225292,0,2,6,15.241023,MEDIUM
0,0.0,0.0,1.0,1.0,0.0,0,0,0,0.0,LOW
30,0.781865,0.023409,0.154535,0.071518,0.166164,6,2,22,100.869578,HIGH
1,0.01402,0.007781,0.788299,0.539736,0.323749,1,0,0,0.60994,LOW
1,0.051924,0.057324,1.0,0.779712,0.409626,1,0,0,0.785905,LOW
5,0.222767,0.041828,0.244145,0.179985,0.195337,0,1,4,5.968832,MEDIUM
110,0.654457,0.004077,0.173471,0.127994,0.36962,5,102,3,276.179645,HIGH
1,0.00129,0.001081,0.845975,0.682334,0.446151,0,1,0,0.121454,LOW
0,0.0,0.0,1.0,1.0,0.0,0,0,0,0.0,LOW
28,0.651627,0.032319,0.154639,0.065912,0.202109,7,6,15,62.963138,HIGH
5,0.308929,0.066786,0.20095,0.141532,0.210295,0,3,2,9.582955,MEDIUM
3,0.410106,0.1,0.223428,0.098429,0.203382,1,2,0,3.021364,MEDIUM
24,0.461362,0.019158,0.005,0.002,0.335133,2,7,15,58.194322,HIGH
4,0.015713,0.023045,0.650832,0.496654,0.302802,0,2,2,3.800564,LOW
53,0.404934,0.011941,0.121343,0.075395,0.154171,0,16,37,179.218756,HIGH
35,0.746934,0.021606,0.260966,0.239753,0.156167,15,11,9,107.238643,HIGH
2,0.049919,0.020653,1.0,0.836711,0.349837,1,1,0,1.570626,LOW
4,0.013276,0.001,0.653521,0.437533,0.267038,3,0,1,3.410219,LOW
2,0.001,0.002579,0.494646,0.251699,0.069092,0,0,2,1.503701,LOW
1,0.024952,0.03633,0.641199,0.508294,0.304257,0,1,0,0.251444,LOW
57,0.661802,0.009922,0.20066,0.191265,0.147229,21,20,16,123.732864,HIGH
4,0.001,0.001,0.840579,0.735702,0.472609,0,1,3,5.0,LOW
4,0.141247,0.028799,0.303761,0.189358,0.083939,0,3,1,11.867223,MEDIUM
47,0.472002,0.010699,0.031184,0.002,0.046163,12,32,3,73.364117,HIGH
10,0.280679,0.032702,0.313896,0.251219,0.063894,0,9,1,19.730065,MEDIUM
2,0.012506,0.013964,0.670009,0.495705,0.194888,0,2,0,2.707701,LOW
5,0.289857,0.052588,0.08594,0.02,0.282955,1,2,2,10.258346,MEDIUM
24,0.605851,0.023864,0.153337,0.10129,0.333917,9,5,10,82.784614,HIGH
3,0.124558,0.042019,0.332129,0.147211,0.107645,2,1,0,6.448906,MEDIUM
38,0.619276,0.017289,0.126468,0.062442,0.477996,9,6,23,107.608969,HIGH
1,0.044889,0.036703,0.727204,0.612988,0.430327,0,1,0,0.571582,LOW
4,0.08,0.021383,0.549439,0.377752,0.398008,1,3,0,8.453396,MEDIUM
4,0.012388,0.009592,0.381094,0.284878,0.412627,1,1,2,4.760609,LOW
4,0.064428,0.018864,1.0,0.787709,0.334248,0,3,1,3.494496,LOW
4,0.035233,0.004294,0.467143,0.256899,0.290559,2,0,2,4.65148,LOW
59,0.76138,0.013915,0.17606,0.159914,0.401081,33,13,13,232.678828,HIGH
5,0.08,0.017346,0.240874,0.138198,0.21789,0,3,2,13.707073,MEDIUM
4,0.012425,0.006981,0.931989,0.685989,0.204792,4,0,0,4.046195,LOW
37,0.633033,0.016925,0.076752,0.002,0.220398,23,3,11,108.82072,HIGH
2,0.030258,0.020446,0.627529,0.40666,0.423185,1,0,1,1.932265,LOW
38,0.5564,0.016581,0.227726,0.177808,0.091889,10,14,14,122.970721,HIGH
1,0.060786,0.055869,0.825369,0.771505,0.301232,0,0,1,1.030505,LOW
3,0.237937,0.084477,0.590959,0.45279,0.14031,0,2,1,7.556084,MEDIUM
1,0.001,0.011549,0.766953,0.688711,0.334983,0,0,1,0.879034,LOW
2,0.021732,0.007112,0.808688,0.578147,0.41606,1,0,1,1.259327,LOW
3,0.302216,0.1,0.532492,0.43788,0.304333,0,2,1,7.236677,MEDIUM
1,0.032488,0.030048,0.438043,0.208484,0.104259,0,1,0,0.816928,LOW
24,0.567871,0.025751,0.071832,0.052925,0.076975,9,9,6,70.328052,HIGH
23,0.662866,0.024725,0.00536,0.002,0.069414,15,8,0,38.038031,HIGH
13,0.826082,0.062843,0.258689,0.239676,0.347746,4,6,3,24.120808,HIGH
6,0.137103,0.030613,0.05,0.02,0.100712,0,5,1,6.369035,MEDIUM
4,0.14354,0.037185,0.091198,0.02,0.27223,0,4,0,10.862307,MEDIUM
45,0.768289,0.018554,0.148033,0.064305,0.061547,12,8,25,155.317632,HIGH
0,0.0,0.0,1.0,1.0,0.0,0,0,0,0.0,LOW
4,0.013996,0.011557,0.933928,0.715151,0.359532,1,1,2,4.1539,LOW
2,0.033031,0.022945,0.883728,0.818754,0.134189,0,2,0,3.048126,LOW
13,0.486601,0.037554,0.077491,0.002,0.409914,7,1,5,25.293083,HIGH
7,0.253429,0.043072,0.25423,0.093773,0.224024,2,1,4,18.350824,MEDIUM
8,0.320733,0.039225,0.579393,0.481812,0.375624,4,3,1,12.323502,MEDIUM
12,0.086312,0.007655,0.152377,0.056202,0.053733,1,5,6,25.0,MEDIUM
0,0.0,0.0,1.0,1.0,0.0,0,0,0,0.0,LOW
41,0.606469,0.009395,0.221648,0.150113,0.221498,9,19,13,96.12994,HIGH
58,0.74694,0.017741,0.229252,0.186473,0.292248,2,16,40,102.08536,HIGH
1,0.035787,0.050747,0.455047,0.227117,0.041918,0,1,0,0.604759,LOW
3,0.040107,0.001,0.742357,0.616049,0.514964,2,0,1,4.373259,LOW
7,0.109399,0.012557,0.474191,0.294649,0.265609,4,1,2,13.109686,MEDIUM
18,0.696143,0.038204,0.225435,0.17268,0.064582,3,4,11,46.522096,HIGH
4,0.001,0.017315,1.0,0.838051,0.033255,3,0,1,4.614716,LOW
12,0.08,0.005855,0.7,0.50104,0.208766,3,1,8,15.013596,MEDIUM
45,0.663723,0.009608,0.073282,0.002,0.255797,6,11,28,133.078404,HIGH
4,0.149581,0.033775,0.54294,0.424788,0.369532,0,1,3,10.837357,MEDIUM
7,0.262831,0.041533,0.05,0.02,0.485133,0,1,6,16.337369,MEDIUM
6,0.116915,0.014645,0.298527,0.217939,0.084492,1,5,0,7.491965,MEDIUM
54,0.596648,0.011527,0.199568,0.190995,0.117315,17,14,23,111.228548,HIGH
32,0.348631,0.010489,0.279439,0.224613,0.344686,14,9,9,71.365646,HIGH
9,0.214366,0.03231,0.23545,0.047335,0.381094,3,2,4,13.802256,MEDIUM
12,0.418174,0.040116,0.325624,0.202772,0.114822,2,2,8,16.805819,MEDIUM
3,0.016263,0.022158,0.9331,0.734869,0.103788,0,2,1,3.913453,LOW
30,0.448169,0.013548,0.231017,0.177673,0.205699,19,3,8,47.93463,HIGH
49,0.561861,0.013507,0.096614,0.0595,0.155807,44,3,2,105.559165,HIGH
18,0.586757,0.03344,0.028482,0.002,0.194464,8,4,6,53.842555,HIGH
22,0.716296,0.038786,0.147578,0.136417,0.309329,1,20,1,71.101363,HIGH
6,0.127653,0.028687,0.41034,0.358657,0.08837,3,3,0,13.613041,MEDIUM
12,0.185593,0.007422,0.480255,0.422813,0.201254,3,7,2,25.0,MEDIUM
9,0.230341,0.028002,0.191435,0.140242,0.12049,4,2,3,14.186221,MEDIUM
28,0.48771,0.021863,0.048867,0.002,0.204214,2,23,3,48.165934,HIGH
27,0.430579,0.011572,0.097895,0.035188,0.124868,1,2,24,51.103446,HIGH
11,0.087712,0.006313,0.380239,0.28564,0.174475,1,3,7,25.0,MEDIUM
0,0.0,0.0,1.0,1.0,0.0,0,0,0,0.0,LOW
4,0.025738,0.013483,0.570731,0.409629,0.409102,0,0,4,5.0,LOW
34,0.719407,0.025733,0.221459,0.196901,0.236465,7,17,10,112.716048,HIGH
11,0.08,0.005099,0.416708,0.314278,0.389905,2,0,9,24.570869,MEDIUM
12,0.292439,0.02556,0.43307,0.26143,0.327536,1,0,11,25.0,MEDIUM
0,0.0,0.0,1.0,1.0,0.0,0,0,0,0.0,LOW
11,0.22059,0.021172,0.450642,0.282988,0.41442,5,0,6,10.94124,MEDIUM
47,0.591949,0.01199,0.14638,0.101063,0.397775,0,20,27,114.653484,HIGH
2,0.001,0.001,0.399707,0.222115,0.138243,0,2,0,1.608265,LOW
3,0.135029,0.037151,0.470302,0.380736,0.168558,0,0,3,7.144582,MEDIUM
0,0.0,0.0,1.0,1.0,0.0,0,0,0,0.0,LOW
37,0.490062,0.011356,0.247414,0.218345,0.260986,5,9,23,141.999138,HIGH
51,0.642673,0.01777,0.019542,0.010544,0.138625,29,7,15,175.068236,HIGH
18,0.466258,0.023328,0.085514,0.017561,0.315483,5,13,0,35.179317,HIGH
48,0.643717,0.015503,0.113863,0.034756,0.202903,4,19,25,174.591204,HIGH
12,0.496404,0.041292,0.014075,0.002,0.022572,1,10,1,46.282375,HIGH
7,0.087909,0.010296,0.408242,0.236858,0.251923,4,2,1,15.449375,MEDIUM
5,0.234355,0.045697,0.137997,0.02,0.225969,0,4,1,12.72856,MEDIUM
6,0.375445,0.063136,0.226833,0.087507,0.49247,0,2,4,12.61744,MEDIUM
2,0.002534,0.001,0.910368,0.832985,0.227223,2,0,0,2.018021,LOW
7,0.164497,0.025881,0.324744,0.173428,0.445534,5,1,1,11.426395,MEDIUM
36,0.25,0.005352,0.219971,0.166663,0.135522,23,7,6,125.813655,HIGH
41,0.655328,0.017137,0.067073,0.052644,0.320268,23,2,16,140.142009,HIGH
0,0.0,0.0,1.0,1.0,0.0,0,0,0,0.0,LOW
105,0.510611,0.009999,0.209865,0.178517,0.27306,2,44,59,298.54014,HIGH
4,0.203661,0.050374,0.05,0.02,0.118017,4,0,0,3.69201,MEDIUM
59,0.724692,0.007524,0.109236,0.088782,0.341283,4,25,30,176.046323,HIGH
6,0.172778,0.028083,0.532786,0.371812,0.218929,1,0,5,16.735039,MEDIUM
79,0.774765,0.008667,0.217974,0.188282,0.294069,48,4,27,127.391026,HIGH
4,0.0499,0.001,0.914189,0.736711,0.463229,1,2,1,1.382765,LOW
6,0.090298,0.015061,0.240272,0.040497,0.08566,0,2,4,9.99076,MEDIUM
25,0.468855,0.01951,0.081444,0.006869,0.300724,6,17,2,89.132147,HIGH
9,0.273264,0.028664,0.260749,0.070916,0.248597,1,0,8,22.426511,MEDIUM
4,0.018683,0.001,0.892659,0.769767,0.089797,1,2,1,4.484766,LOW
5,0.342912,0.068713,0.439781,0.337699,0.191191,0,0,5,13.455589,MEDIUM
39,0.476681,0.014042,0.240979,0.189142,0.067921,13,17,9,87.14589,HIGH
4,0.037658,0.001,0.854268,0.733221,0.132117,0,2,2,4.127182,LOW
7,0.082921,0.005,0.206701,0.121445,0.328591,1,1,5,12.826474,MEDIUM
1,0.024891,0.031663,0.71841,0.524223,0.450436,0,0,1,0.913343,LOW
0,0.0,0.0,1.0,1.0,0.0,0,0,0,0.0,LOW
4,0.032125,0.001,0.96327,0.88804,0.115948,1,2,1,5.0,LOW
3,0.029897,0.010858,1.0,0.915074,0.311903,1,1,1,1.072405,LOW
5,0.264819,0.052323,0.22826,0.075408,0.086267,0,3,2,11.8799,MEDIUM
3,0.133163,0.039102,0.434196,0.312169,0.259916,2,1,0,6.148455,MEDIUM
2,0.014281,0.020303,0.632833,0.526139,0.025749,2,0,0,2.689165,LOW
23,0.613327,0.026668,0.230535,0.142398,0.367349,8,14,1,55.391159,HIGH
13,0.428023,0.038179,0.145146,0.106614,0.092252,8,4,1,23.18199,HIGH
54,0.857379,0.018546,0.032142,0.006585,0.222195,8,37,9,203.660487,HIGH
22,0.672674,0.031818,0.144008,0.113891,0.254224,4,16,2,37.706964,HIGH
3,0.022657,0.001,0.403193,0.204854,0.134333,0,3,0,4.391392,LOW
25,0.69161,0.026111,0.113946,0.061983,0.379229,6,10,9,81.245785,HIGH
4,0.03639,0.001925,0.695037,0.501197,0.465823,1,0,3,3.140367,LOW
47,0.655431,0.009617,0.158027,0.073477,0.368418,25,12,10,156.141924,HIGH
57,0.646346,0.013544,0.226215,0.126431,0.214842,20,25,12,210.352675,HIGH
11,0.16357,0.012022,0.172074,0.028788,0.438183,7,2,2,25.0,MEDIUM
38,0.505641,0.010852,0.256241,0.235624,0.249909,10,22,6,142.679505,HIGH
1,0.051174,0.040231,1.0,0.917812,0.128305,0,0,1,0.907838,LOW
2,0.003886,0.010482,0.982675,0.821941,0.21286,0,2,0,2.914527,LOW
11,0.204286,0.022477,0.148648,0.098031,0.250326,0,3,8,20.827656,MEDIUM
58,0.454646,0.005017,0.184576,0.101815,0.406079,42,6,10,86.508029,HIGH
11,0.08,0.005,0.382302,0.264829,0.430418,0,6,5,17.601121,MEDIUM
11,0.228559,0.019292,0.180851,0.02,0.398066,3,0,8,25.0,MEDIUM
1,0.037665,0.0323,0.673856,0.536189,0.121981,0,0,1,0.764882,LOW
4,0.02464,0.026133,0.622422,0.51219,0.445743,0,0,4,5.0,LOW
12,0.25746,0.024028,0.56989,0.489444,0.128162,4,2,6,24.60315,MEDIUM
3,0.002385,0.017671,1.0,0.876288,0.514339,0,3,0,1.792807,LOW
3,0.008111,0.001,0.913333,0.694159,0.275954,0,1,2,1.268725,LOW
30,0.767398,0.028135,0.043439,0.002,0.088031,4,16,10,65.376693,HIGH
10,0.176271,0.022872,0.196782,0.02,0.422754,6,3,1,25.0,MEDIUM
3,0.013455,0.003209,0.715818,0.55136,0.480276,1,2,0,1.489938,LOW
54,0.602496,0.010627,0.204453,0.157547,0.262718,8,20,26,183.082453,HIGH
2,0.026491,0.015369,0.490365,0.365544,0.393254,0,2,0,2.874541,LOW
2,0.018376,0.008188,0.447926,0.382947,0.073358,0,2,0,2.534575,LOW
33,0.799038,0.023739,0.013682,0.002,0.266144,1,25,7,53.367982,HIGH
1,0.040717,0.039074,0.450568,0.252938,0.104281,0,1,0,1.112436,LOW
34,0.658998,0.019118,0.10949,0.090989,0.427323,3,9,22,60.709526,HIGH
3,0.016867,0.007978,0.682241,0.495805,0.16664,0,3,0,4.226439,LOW
3,0.298089,0.1,0.50835,0.373575,0.305517,0,1,2,6.559404,MEDIUM
57,0.787717,0.011531,0.105442,0.037741,0.33533,12,13,32,226.411481,HIGH
11,0.126215,0.00582,0.144643,0.093224,0.215002,6,0,5,17.721055,MEDIUM
3,0.404606,0.1,0.278382,0.101594,0.136312,2,0,1,8.436722,MEDIUM
56,0.572876,0.011209,0.205023,0.117063,0.073785,10,34,12,189.504425,HIGH
45,0.641611,0.017646,0.13107,0.069454,0.325877,13,15,17,110.917831,HIGH
50,0.516201,0.015503,0.202656,0.146631,0.22641,9,7,34,76.679817,HIGH
4,0.186464,0.045995,0.100189,0.044447,0.219969,0,1,3,7.224543,MEDIUM
0,0.0,0.0,1.0,1.0,0.0,0,0,0,0.0,LOW
3,0.030618,0.013985,0.927803,0.757835,0.063088,1,0,2,1.801157,LOW
7,0.184773,0.027925,0.504414,0.435789,0.176457,0,0,7,11.582433,MEDIUM
105,0.541286,0.002,0.181188,0.100076,0.061629,91,5,9,211.176354,HIGH
37,0.488079,0.014227,0.005,0.002,0.302775,6,31,0,96.06012,HIGH
12,0.13495,0.01015,0.421564,0.331045,0.195201,2,5,5,15.319081,MEDIUM
37,0.643784,0.015126,0.009633,0.003161,0.087213,6,16,15,124.538617,HIGH
2,0.001,0.001,1.0,0.9332,0.414157,1,1,0,1.569703,LOW
10,0.190987,0.019071,0.063621,0.02,0.364413,4,1,5,13.534894,MEDIUM
6,0.08,0.015282,0.342059,0.200385,0.361605,1,5,0,10.000494,MEDIUM
6,0.205427,0.0349,0.551893,0.41675,0.36367,1,2,3,11.439616,MEDIUM
4,0.010032,0.001,0.521248,0.467775,0.44712,2,0,2,5.0,LOW
0,0.0,0.0,1.0,1.0,0.0,0,0,0,0.0,LOW
3,0.08,0.029104,0.118735,0.021958,0.40494,0,2,1,8.920341,MEDIUM
27,0.479471,0.01772,0.271159,0.220552,0.046783,11,14,2,58.122531,HIGH
4,0.08,0.027276,0.30029,0.111829,0.192444,0,3,1,9.887684,MEDIUM
51,0.727378,0.013994,0.019957,0.002,0.23732,1,46,4,112.294766,HIGH
4,0.010719,0.018606,0.552058,0.458299,0.307362,1,2,1,3.49299,LOW
12,0.203481,0.018069,0.05,0.02,0.3818,0,4,8,13.206584,MEDIUM
3,0.332868,0.1,0.465477,0.328258,0.165776,0,3,0,7.288651,MEDIUM
9,0.257056,0.029116,0.473307,0.294089,0.237318,0,7,2,15.582232,MEDIUM
11,0.245568,0.01856,0.554362,0.487029,0.440396,0,7,4,25.0,MEDIUM
11,0.089622,0.005,0.144448,0.088391,0.149865,6,2,3,23.047807,MEDIUM
12,0.08,0.008609,0.095241,0.02,0.459108,0,8,4,13.200359,MEDIUM
12,0.126954,0.014284,0.199301,0.051406,0.380408,9,3,0,13.278606,MEDIUM
53,0.512463,0.014911,0.064993,0.002,0.158111,13,13,27,175.535127,HIGH
6,0.092558,0.016244,0.138135,0.058794,0.148486,0,4,2,6.603948,MEDIUM
2,0.031263,0.032569,1.0,0.761482,0.308435,0,0,2,1.078344,LOW
3,0.024088,0.017861,0.901388,0.688873,0.052455,3,0,0,2.885209,LOW
12,0.102902,0.006642,0.386072,0.302532,0.216855,1,5,6,24.681509,MEDIUM
15,0.488952,0.033565,0.119224,0.030571,0.183867,0,2,13,55.527372,HIGH
58,0.411229,0.013069,0.193489,0.119623,0.069783,8,17,33,125.527367,HIGH
1,0.064401,0.066514,0.545803,0.296367,0.368886,0,0,1,1.153228,LOW
12,0.264287,0.022922,0.263681,0.192425,0.280942,4,4,4,15.567404,MEDIUM
8,0.125128,0.00523,0.402254,0.287186,0.290328,4,1,3,21.139175,MEDIUM
4,0.005204,0.001,0.473238,0.410284,0.40768,0,0,4,5.0,LOW
0,0.0,0.0,1.0,1.0,0.0,0,0,0,0.0,LOW
10,0.08,0.011622,0.340738,0.251362,0.341607,1,6,3,25.0,MEDIUM
53,0.710397,0.013397,0.026149,0.002,0.391964,6,2,45,117.712142,HIGH
4,0.025288,0.006466,0.700616,0.524109,0.305739,1,1,2,1.989419,LOW
43,0.602132,0.014389,0.033932,0.01619,0.151408,6,17,20,114.536076,HIGH
29,0.693645,0.025507,0.058684,0.002,0.335666,8,12,9,81.349784,HIGH
41,0.459951,0.010061,0.227222,0.204215,0.439464,14,14,13,138.636554,HIGH
17,0.383745,0.020598,0.16219,0.143928,0.312445,8,1,8,39.300644,HIGH
1,0.007611,0.001,0.908441,0.670198,0.337934,1,0,0,1.020643,LOW
9,0.178009,0.022268,0.505306,0.338715,0.169528,6,3,0,13.49632,MEDIUM
11,0.120954,0.010375,0.091292,0.02,0.100328,4,6,1,25.0,MEDIUM
3,0.171317,0.060553,0.487143,0.414721,0.193663,1,1,1,5.896342,MEDIUM
3,0.025422,0.007761,0.539291,0.476452,0.246436,1,0,2,2.292166,LOW
1,0.023128,0.013908,0.753091,0.685865,0.372022,0,1,0,1.290659,LOW
11,0.092459,0.019885,0.437841,0.240421,0.179421,7,1,3,15.76225,MEDIUM
43,0.831362,0.021645,0.097372,0.016912,0.170863,0,28,15,85.042781,HIGH
53,0.628995,0.009529,0.10874,0.060802,0.202701,11,8,34,142.24357,HIGH
5,0.255238,0.051138,0.086157,0.02,0.148557,1,1,3,12.389752,MEDIUM
46,0.494549,0.010426,0.043486,0.002,0.105758,1,4,41,114.172401,HIGH
50,0.84391,0.015124,0.249568,0.228095,0.252559,1,37,12,133.625474,HIGH
1,0.02726,0.026833,0.701835,0.584193,0.205159,1,0,0,0.993461,LOW
1,0.015688,0.010199,0.702037,0.492896,0.159861,0,1,0,0.801859,LOW
55,0.479532,0.007896,0.215761,0.119159,0.119393,36,18,1,123.569878,HIGH
0,0.0,0.0,1.0,1.0,0.0,0,0,0,0.0,LOW
5,0.12948,0.025892,0.339548,0.164417,0.233289,4,0,1,13.416934,MEDIUM
4,0.059517,0.001253,0.509831,0.274072,0.249515,0,2,2,1.883609,LOW
3,0.088776,0.015324,0.492055,0.269231,0.137601,0,1,2,4.390042,LOW
4,0.027549,0.001,0.610739,0.534725,0.273298,1,3,0,4.522553,LOW
39,0.514972,0.007846,0.278167,0.179762,0.263374,4,35,0,58.518054,HIGH
17,0.451457,0.020817,0.186944,0.158556,0.02,11,6,0,55.858905,HIGH
6,0.412125,0.071351,0.182771,0.110952,0.506158,1,3,2,12.313258,MEDIUM
4,0.022022,0.001,0.901095,0.737988,0.491003,1,1,2,1.577647,LOW
27,0.47708,0.01681,0.005,0.002,0.159967,7,14,6,85.982999,HIGH
7,0.116936,0.015595,0.590574,0.422474,0.221144,0,6,1,9.354911,MEDIUM
0,0.0,0.0,1.0,1.0,0.0,0,0,0,0.0,LOW
1,0.001,0.001,0.824488,0.770979,0.339115,0,0,1,1.049899,LOW
12,0.138812,0.011646,0.292557,0.118181,0.110252,2,6,4,22.41724,MEDIUM
49,0.621077,0.014135,0.243664,0.193221,0.411484,15,19,15,136.564917,HIGH
0,0.0,0.0,1.0,1.0,0.0,0,0,0,0.0,LOW
0,0.0,0.0,1.0,1.0,0.0,0,0,0,0.0,LOW
2,0.031832,0.01789,0.608463,0.366413,0.189678,0,0,2,1.997297,LOW
12,0.108727,0.015343,0.270635,0.206104,0.175749,2,8,2,15.482355,MEDIUM
10,0.08,0.005,0.193911,0.129346,0.138062,0,8,2,11.889369,MEDIUM
5,0.144088,0.038155,0.453393,0.273777,0.376098,3,1,1,7.231,MEDIUM
3,0.043507,0.002672,0.707093,0.639925,0.420656,2,1,0,2.192179,LOW
11,0.367009,0.021183,0.126196,0.057242,0.129092,3,6,2,23.565295,MEDIUM
7,0.194731,0.026189,0.447567,0.282949,0.397066,2,2,3,17.192478,MEDIUM
31,0.682362,0.02043,0.161196,0.141178,0.418072,8,11,12,114.151876,HIGH
1,0.031313,0.038755,0.519657,0.324423,0.390552,0,0,1,0.914952,LOW
42,0.731277,0.017293,0.069316,0.058735,0.288175,1,7,34,87.195956,HIGH
11,0.152288,0.023052,0.341074,0.196732,0.447276,0,6,5,11.935385,MEDIUM
53,0.674908,0.007256,0.119091,0.049134,0.227047,27,11,15,91.087518,HIGH
3,0.028426,0.001,0.712893,0.6203,0.261714,0,3,0,3.906239,LOW
9,0.141601,0.016047,0.366496,0.228652,0.200428,3,4,2,15.997206,MEDIUM
3,0.239703,0.074682,0.327116,0.213077,0.407408,0,1,2,8.862424,MEDIUM
3,0.017035,0.001,0.885516,0.645729,0.254969,1,1,1,3.839898,LOW
58,0.446961,0.005866,0.172102,0.157495,0.111465,25,0,33,223.883122,HIGH
37,0.688314,0.015797,0.04565,0.002,0.269396,3,9,25,72.292288,HIGH
11,0.362677,0.03658,0.208236,0.091441,0.207282,3,1,7,25.0,MEDIUM
0,0.0,0.0,1.0,1.0,0.0,0,0,0,0.0,LOW
9,0.421792,0.044945,0.202051,0.092098,0.309414,1,4,4,15.214781,MEDIUM
6,0.08,0.008069,0.05,0.02,0.367594,2,2,2,6.834723,MEDIUM
116,0.815675,0.006734,0.091787,0.04526,0.09895,2,43,71,323.579688,HIGH
16,0.835273,0.054101,0.024011,0.002,0.146747,11,0,5,35.469968,HIGH
2,0.009947,0.001,1.0,0.929328,0.342243,0,0,2,2.190555,LOW
33,0.570574,0.021019,0.282484,0.184603,0.298325,7,2,24,129.813176,HIGH
11,0.165921,0.025718,0.109906,0.02,0.229194,1,5,5,13.560603,MEDIUM
24,0.517477,0.025494,0.187179,0.112016,0.305761,11,7,6,88.823691,HIGH
0,0.0,0.0,1.0,1.0,0.0,0,0,0,0.0,LOW
4,0.045173,0.001217,1.0,0.898189,0.247853,0,4,0,1.768692,LOW
3,0.001,0.006453,0.442545,0.323201,0.399525,0,3,0,1.287277,LOW
1,0.016758,0.00593,0.99485,0.832227,0.335328,0,0,1,0.835586,LOW
8,0.08,0.013042,0.282005,0.16567,0.279974,0,3,5,22.72841,MEDIUM
58,0.825921,0.008107,0.17053,0.162795,0.2234,10,34,14,87.232819,HIGH
38,0.336309,0.00858,0.227523,0.131855,0.096449,22,5,11,112.762796,HIGH
4,0.119755,0.029325,0.247427,0.150772,0.35376,0,2,2,9.935336,MEDIUM
8,0.259251,0.033771,0.05,0.02,0.352451,6,2,0,8.634145,MEDIUM
4,0.036443,0.00103,0.404414,0.198136,0.066433,3,0,1,1.533796,LOW
2,0.018823,0.001,0.461744,0.39465,0.231449,0,1,1,1.629993,LOW
1,0.006265,0.006924,0.477346,0.382735,0.202625,1,0,0,1.234285,LOW
11,0.148708,0.018058,0.4226,0.307267,0.3697,4,7,0,25.0,MEDIUM
4,0.027376,0.001,0.825105,0.630736,0.130701,3,0,1,4.704959,LOW
1,0.047033,0.045275,0.567905,0.482329,0.499026,0,1,0,0.762597,LOW
1,0.029398,0.009487,0.984861,0.926181,0.023324,0,1,0,0.716925,LOW
4,0.002761,0.001,0.671892,0.561212,0.11976,2,2,0,1.452138,LOW
15,0.659284,0.046656,0.058093,0.004511,0.103313,7,8,0,37.242291,HIGH
4,0.001,0.001,0.616272,0.5336,0.344863,3,1,0,2.682567,LOW
9,0.219264,0.027896,0.243307,0.102123,0.427306,1,4,4,9.435055,MEDIUM
55,0.780818,0.009732,0.159351,0.15207,0.178938,5,42,8,186.300807,HIGH
35,0.63341,0.01503,0.215033,0.20994,0.058365,14,7,14,130.172134,HIGH
27,0.775491,0.027794,0.194551,0.102687,0.260029,0,26,1,81.876043,HIGH
49,0.299632,0.008416,0.012136,0.002,0.071509,21,23,5,86.551361,HIGH
2,0.021355,0.009862,0.515552,0.389903,0.403807,1,1,0,2.957874,LOW
9,0.229409,0.028883,0.513584,0.34757,0.194545,4,5,0,25.0,MEDIUM
10,0.096231,0.005912,0.543568,0.43697,0.149611,5,2,3,25.0,MEDIUM
0,0.0,0.0,1.0,1.0,0.0,0,0,0,0.0,LOW
44,0.646061,0.015003,0.039904,0.025253,0.32137,16,28,0,114.869453,HIGH
0,0.0,0.0,1.0,1.0,0.0,0,0,0,0.0,LOW
6,0.128433,0.017783,0.421092,0.356225,0.337475,4,1,1,10.617027,MEDIUM
33,0.574081,0.016538,0.261036,0.200725,0.02,8,23,2,129.604103,HIGH
3,0.230705,0.075229,0.17484,0.02,0.312095,0,3,0,3.442413,MEDIUM
12,0.125669,0.010939,0.234584,0.044558,0.493007,11,0,1,25.0,MEDIUM
2,0.013858,0.012471,0.99727,0.84299,0.44044,0,0,2,1.764029,LOW
1,0.020264,0.017782,0.546373,0.337711,0.407634,0,1,0,0.725528,LOW
11,0.2474,0.017034,0.62975,0.436732,0.23583,3,1,7,10.790257,MEDIUM
3,0.001,0.008283,0.618546,0.395941,0.535614,0,3,0,4.006518,LOW
18,0.594762,0.030429,0.005,0.002,0.382819,3,13,2,39.538974,HIGH
18,0.410949,0.029887,0.125242,0.088784,0.060886,4,7,7,60.232428,HIGH
5,0.193057,0.045235,0.162352,0.100562,0.162663,2,3,0,14.916869,MEDIUM
132,0.598761,0.005663,0.170448,0.108232,0.196607,29,3,100,400.0,HIGH
1,0.035642,0.035498,0.488432,0.294436,0.242678,0,1,0,1.405162,LOW
5,0.273468,0.056248,0.48344,0.424934,0.494963,0,5,0,5.624473,MEDIUM
3,0.188155,0.070922,0.405314,0.328269,0.29235,1,0,2,7.59137,MEDIUM
12,0.356493,0.026489,0.243025,0.161598,0.333156,5,3,4,45.560999,HIGH
11,0.095959,0.015263,0.490856,0.391821,0.31066,2,6,3,15.904757,MEDIUM
1,0.030987,0.022265,0.748511,0.689421,0.378484,0,0,1,1.336321,LOW
4,0.023523,0.001,0.441062,0.313373,0.097726,0,0,4,4.893066,LOW
32,0.711499,0.022661,0.065387,0.002,0.370217,0,22,10,47.917453,HIGH
4,0.023241,0.009418,0.837869,0.645805,0.378093,0,1,3,3.804477,LOW
96,0.417862,0.002301,0.256103,0.22814,0.155516,72,6,18,368.917725,HIGH
4,0.001,0.014033,0.542792,0.437685,0.207468,0,0,4,2.509387,LOW
53,0.695223,0.011066,0.042093,0.034447,0.067396,1,46,6,200.37923,HIGH
20,0.734019,0.038179,0.208123,0.169579,0.279385,1,19,0,64.611062,HIGH
2,0.034889,0.024605,0.886563,0.714886,0.050525,0,1,1,1.951308,LOW
11,0.275814,0.021982,0.271112,0.137859,0.321026,1,5,5,23.095556,MEDIUM
6,0.222315,0.02828,0.240191,0.182745,0.362128,2,3,1,9.554519,MEDIUM
5,0.08,0.0159,0.416754,0.316359,0.12783,1,1,3,8.537772,MEDIUM
0,0.0,0.0,1.0,1.0,0.0,0,0,0,0.0,LOW
9,0.24088,0.017144,0.271608,0.09487,0.274935,1,0,8,9.524232,MEDIUM
10,0.08,0.013944,0.211819,0.074304,0.290369,4,4,2,22.341134,MEDIUM
8,0.270537,0.031796,0.091615,0.02,0.510807,1,5,2,14.749573,MEDIUM
1,0.034768,0.036542,0.638769,0.564689,0.141716,0,1,0,1.31199,LOW
31,0.797034,0.032476,0.113493,0.090011,0.206455,2,26,3,54.441241,HIGH
21,0.404564,0.022335,0.034063,0.002,0.39575,4,12,5,46.537093,HIGH
4,0.001629,0.004026,0.854449,0.673104,0.234972,4,0,0,3.44073,LOW
4,0.08,0.020296,0.423064,0.368621,0.389688,0,1,3,4.89209,MEDIUM
148,0.425378,0.004978,0.022116,0.002,0.102882,61,81,6,318.322071,HIGH
1,0.039895,0.043891,0.653865,0.489034,0.445229,0,0,1,1.453739,LOW
1,0.001,0.013325,0.782622,0.70294,0.38406,0,0,1,0.853213,LOW
10,0.38069,0.043961,0.444243,0.27587,0.279236,1,3,6,20.34604,MEDIUM
12,0.231387,0.014499,0.413834,0.280824,0.285038,0,6,6,25.0,MEDIUM
11,0.313795,0.033654,0.343282,0.203915,0.367256,0,6,5,22.545475,MEDIUM
0,0.0,0.0,1.0,1.0,0.0,0,0,0,0.0,LOW
10,0.322057,0.039066,0.355946,0.195373,0.526476,6,4,0,13.696187,MEDIUM
3,0.245148,0.075522,0.454232,0.257892,0.361975,2,1,0,8.260139,MEDIUM
4,0.005744,0.010139,0.694178,0.552312,0.375227,3,1,0,2.241527,LOW
1,0.052192,0.041607,0.856948,0.63532,0.249147,1,0,0,0.99298,LOW
3,0.06434,0.034601,0.932401,0.717534,0.358543,0,3,0,1.55687,LOW
9,0.252339,0.030598,0.299634,0.146568,0.075566,0,3,6,25.0,MEDIUM
2,0.001,0.001,1.0,0.792077,0.404573,2,0,0,3.123366,LOW
4,0.001,0.008383,0.704856,0.619568,0.50524,4,0,0,4.539683,LOW
4,0.011539,0.001,0.723968,0.639396,0.366465,0,2,2,1.704555,LOW
42,0.677239,0.016752,0.230662,0.214392,0.247099,15,17,10,96.237246,HIGH
4,0.001,0.004067,1.0,0.941247,0.491285,2,1,1,1.208544,LOW
1,0.036681,0.03818,0.570616,0.475704,0.304702,0,1,0,1.042808,LOW
54,0.597747,0.005641,0.188783,0.149359,0.02,14,25,15,186.278686,HIGH
10,0.130112,0.020501,0.1575,0.095092,0.289063,5,3,2,13.564665,MEDIUM
26,0.664916,0.025813,0.227324,0.192382,0.188856,3,11,12,55.051412,HIGH
10,0.180502,0.022794,0.21904,0.143794,0.22655,2,3,5,14.282723,MEDIUM
4,0.112872,0.029778,0.109824,0.02,0.176757,0,4,0,7.934024,MEDIUM
3,0.016717,0.001,1.0,0.769995,0.337978,0,2,1,2.566846,LOW
3,0.001537,0.009877,0.432632,0.205148,0.427476,0,2,1,4.386634,LOW
4,0.030865,0.002945,0.765873,0.599068,0.380492,2,1,1,3.266658,LOW
12,0.146026,0.007239,0.337164,0.23653,0.264313,3,6,3,21.232927,MEDIUM
16,0.340752,0.024074,0.127817,0.10083,0.02,7,9,0,30.84003,HIGH
9,0.08,0.006662,0.183054,0.02,0.468467,2,0,7,20.141413,MEDIUM
56,0.520883,0.010144,0.24354,0.198146,0.295892,21,16,19,97.767289,HIGH
3,0.008803,0.001652,0.433537,0.192083,0.447556,1,2,0,4.478098,LOW
56,0.366265,0.007666,0.105104,0.085633,0.094984,14,18,24,162.817904,HIGH
34,0.583663,0.017574,0.141501,0.074199,0.259092,19,8,7,67.455967,HIGH
34,0.60209,0.02193,0.031395,0.008997,0.235801,5,13,16,86.02896,HIGH
3,0.238673,0.080854,0.134322,0.02,0.226966,0,2,1,8.354411,MEDIUM
4,0.246532,0.060975,0.139927,0.066124,0.103533,2,0,2,11.551553,MEDIUM
8,0.08,0.007696,0.12444,0.02,0.472724,3,0,5,13.186544,MEDIUM
2,0.017279,0.006857,0.804924,0.738622,0.128287,1,0,1,1.789895,LOW
0,0.0,0.0,1.0,1.0,0.0,0,0,0,0.0,LOW
4,0.06574,0.024645,0.471475,0.414795,0.106997,1,3,0,1.208684,LOW
3,0.034473,0.022367,0.672122,0.502955,0.061551,0,1,2,2.680975,LOW
6,0.306803,0.048123,0.182382,0.079472,0.375438,0,5,1,8.945968,MEDIUM
56,0.316159,0.005009,0.03741,0.031153,0.315379,8,21,27,203.829663,HIGH
2,0.026809,0.023857,0.563656,0.406771,0.185764,1,0,1,0.994559,LOW
0,0.0,0.0,1.0,1.0,0.0,0,0,0,0.0,LOW
49,0.47352,0.008805,0.098828,0.030795,0.265551,20,15,14,76.117174,HIGH
132,0.871451,0.010097,0.128325,0.042919,0.082475,49,12,71,256.508548,HIGH
38,0.540654,0.008615,0.061904,0.006572,0.162005,15,22,1,81.628005,HIGH
3,0.026819,0.002332,0.912865,0.838449,0.348778,1,2,0,4.463962,LOW
7,0.148886,0.023764,0.190052,0.104609,0.105046,3,3,1,13.402256,MEDIUM
3,0.01322,0.010757,0.852952,0.638116,0.353335,1,2,0,1.266205,LOW
8,0.131558,0.016496,0.106978,0.050154,0.453784,1,5,2,20.410657,MEDIUM
2,0.001,0.015402,0.32687,0.264172,0.532032,0,1,1,2.543075,LOW
11,0.634631,0.051266,0.125481,0.109621,0.164191,1,7,3,22.739841,HIGH
11,0.509058,0.044086,0.17736,0.085102,0.244531,1,7,3,39.218353,HIGH
81,0.821712,0.011521,0.072238,0.03554,0.187577,33,29,19,234.871731,HIGH
98,0.788095,0.006357,0.173467,0.12217,0.386549,6,26,66,380.958708,HIGH
7,0.088064,0.012533,0.565187,0.410174,0.333851,3,1,3,20.233665,MEDIUM
137,0.511482,0.003908,0.045611,0.02016,0.31914,50,17,70,381.816255,HIGH
0,0.0,0.0,1.0,1.0,0.0,0,0,0,0.0,LOW
1,0.043976,0.032945,0.560063,0.468193,0.315142,0,0,1,0.584435,LOW
49,0.418718,0.00874,0.182721,0.162049,0.118145,20,4,25,78.655977,HIGH
10,0.08,0.005,0.136265,0.065629,0.400202,6,0,4,25.0,MEDIUM
8,0.246223,0.032543,0.676021,0.48644,0.289941,3,2,3,16.645671,MEDIUM
4,0.02027,0.009462,0.910493,0.710728,0.354753,0,0,4,2.484175,LOW
10,0.327897,0.034835,0.489545,0.344489,0.216361,1,5,4,20.539657,MEDIUM
1,0.044664,0.041101,0.29928,0.220418,0.139929,0,0,1,1.326222,LOW
0,0.0,0.0,1.0,1.0,0.0,0,0,0,0.0,LOW
8,0.155709,0.024235,0.49954,0.408641,0.223886,0,8,0,11.251971,MEDIUM
4,0.019688,0.010419,0.820208,0.686158,0.325953,1,1,2,4.775346,LOW
52,0.517846,0.009962,0.111986,0.033231,0.307591,10,2,40,106.22293,HIGH
4,0.001,0.004684,0.471244,0.233135,0.16532,1,1,2,5.0,LOW
4,0.131816,0.026377,0.239014,0.101963,0.437141,0,3,1,7.745867,MEDIUM
6,0.267605,0.040872,0.359158,0.252873,0.328069,1,4,1,15.082182,MEDIUM
9,0.329858,0.037659,0.495043,0.330992,0.187582,1,7,1,24.585191,MEDIUM
11,0.261901,0.016958,0.441591,0.345863,0.460276,7,1,3,13.88738,MEDIUM
3,0.20515,0.062522,0.122328,0.02,0.235479,1,2,0,8.208648,MEDIUM
106,0.374397,0.004944,0.111369,0.032471,0.263751,52,17,37,295.63994,HIGH
1,0.006756,0.017223,0.687738,0.568855,0.0,0,0,1,0.881666,LOW
11,0.15678,0.012057,0.309435,0.198541,0.164801,5,3,3,25.0,MEDIUM
3,0.055782,0.01352,0.686357,0.563805,0.403979,0,0,3,2.815345,LOW
8,0.130539,0.021763,0.520384,0.387814,0.321608,3,2,3,21.167788,MEDIUM
3,0.017974,0.009421,0.789797,0.725401,0.453265,0,1,2,1.527517,LOW
32,0.740144,0.0269,0.088906,0.013104,0.345961,12,9,11,105.115983,HIGH
0,0.0,0.0,1.0,1.0,0.0,0,0,0,0.0,LOW
4,0.252207,0.061809,0.296381,0.156344,0.316974,3,0,1,9.109313,MEDIUM
7,0.474444,0.066808,0.439005,0.303179,0.349919,0,6,1,18.936316,MEDIUM
0,0.0,0.0,1.0,1.0,0.0,0,0,0,0.0,LOW
43,0.654152,0.017746,0.18943,0.118467,0.211867,17,15,11,126.004399,HIGH
1,0.090539,0.099654,0.349195,0.152514,0.297061,0,0,1,1.187741,LOW
0,0.0,0.0,1.0,1.0,0.0,0,0,0,0.0,LOW
1,0.008475,0.005785,0.833806,0.774651,0.568936,0,0,1,1.208753,LOW
2,0.023171,0.02356,0.692996,0.451275,0.0,0,1,1,1.510062,LOW
7,0.243481,0.035921,0.257371,0.111668,0.349178,0,5,2,12.80558,MEDIUM
8,0.188343,0.020918,0.462633,0.360329,0.249775,2,6,0,22.847971,MEDIUM
7,0.122127,0.014943,0.396235,0.250174,0.160542,1,0,6,16.935466,MEDIUM
11,0.08,0.005,0.05,0.02,0.383744,0,5,6,25.0,MEDIUM
4,0.036462,0.007154,0.775212,0.723784,0.236173,2,1,1,5.0,LOW
49,0.750121,0.012732,0.16263,0.108034,0.317705,20,9,20,149.403661,HIGH
3,0.111135,0.047565,0.579047,0.492797,0.235198,0,3,0,3.331165,MEDIUM
3,0.019474,0.023964,0.289041,0.170051,0.448563,0,2,1,4.294817,LOW
18,0.462621,0.028477,0.334232,0.311379,0.221077,16,1,1,39.413025,HIGH
0,0.0,0.0,1.0,1.0,0.0,0,0,0,0.0,LOW
6,0.128348,0.021749,0.148255,0.02,0.261658,1,4,1,12.332409,MEDIUM
11,0.135877,0.005,0.329917,0.224258,0.282472,0,5,6,25.0,MEDIUM
8,0.214132,0.024944,0.359382,0.251197,0.310679,4,4,0,15.849018,MEDIUM
51,0.64762,0.015874,0.050572,0.002,0.301797,7,5,39,77.494734,HIGH
2,0.017684,0.001,0.827998,0.712462,0.22243,0,0,2,1.897729,LOW
11,0.129925,0.005,0.186906,0.127532,0.180905,3,1,7,15.256644,MEDIUM
11,0.389134,0.038065,0.222569,0.024721,0.192157,1,2,8,12.25622,MEDIUM
10,0.22539,0.021092,0.475048,0.277826,0.158967,1,5,4,18.671625,MEDIUM
46,0.572798,0.012915,0.297443,0.244321,0.33462,24,9,13,76.477547,HIGH
1,0.023531,0.013053,0.767771,0.624943,0.051815,0,1,0,1.178849,LOW
12,0.406183,0.033387,0.061213,0.02,0.378824,2,6,4,25.0,MEDIUM
2,0.001,0.001586,0.187314,0.05,0.277461,0,0,2,1.512471,LOW
4,0.111087,0.021472,0.219518,0.148498,0.386338,1,1,2,6.258506,MEDIUM
3,0.059534,0.023395,0.57438,0.392381,0.220383,0,2,1,3.336021,LOW
0,0.0,0.0,1.0,1.0,0.0,0,0,0,0.0,LOW
3,0.290308,0.1,0.17994,0.054325,0.234869,1,1,1,4.316688,MEDIUM
4,0.032718,0.007521,0.821447,0.629014,0.47384,0,4,0,2.882075,LOW
10,0.151552,0.021377,0.156858,0.02,0.308486,5,0,5,16.917001,MEDIUM
3,0.045934,0.02508,0.57549,0.395975,0.413018,0,0,3,2.595637,LOW
2,0.026903,0.026319,0.812724,0.640711,0.103881,0,2,0,2.223317,LOW
0,0.0,0.0,1.0,1.0,0.0,0,0,0,0.0,LOW
9,0.08,0.008409,0.175504,0.073383,0.347847,4,3,2,13.049157,MEDIUM
10,0.195194,0.019153,0.422423,0.303354,0.35359,7,1,2,12.81646,MEDIUM
4,0.167315,0.047574,0.309303,0.193102,0.389917,0,2,2,6.290102,MEDIUM
37,0.542079,0.016578,0.252404,0.176346,0.185333,0,13,24,102.300157,HIGH
2,0.02469,0.018172,0.977119,0.730967,0.085444,1,1,0,0.609407,LOW
21,0.456436,0.018568,0.050865,0.002,0.043881,6,11,4,58.6256,HIGH
1,0.001,0.001,1.0,0.87057,0.316551,0,0,1,0.814353,LOW
118,0.370766,0.006537,0.188389,0.160691,0.297005,13,48,57,248.255557,HIGH
8,0.215677,0.023326,0.162582,0.02,0.181796,2,4,2,17.478214,MEDIUM
6,0.178972,0.027232,0.298543,0.226748,0.2013,2,3,1,12.975882,MEDIUM
29,0.552289,0.018818,0.174993,0.078953,0.369458,3,20,6,59.189061,HIGH
22,0.653692,0.033045,0.104914,0.014152,0.24171,7,13,2,59.150337,HIGH
3,0.005936,0.003567,0.97184,0.849679,0.334448,2,1,0,2.228986,LOW
10,0.130927,0.008542,0.40294,0.305229,0.349612,0,6,4,20.788923,MEDIUM
10,0.219828,0.02205,0.30372,0.219529,0.080117,8,1,1,19.8737,MEDIUM
11,0.08,0.005,0.400374,0.28577,0.401979,4,0,7,24.73526,MEDIUM
9,0.08,0.005,0.357457,0.282218,0.356745,0,5,4,9.053018,MEDIUM
8,0.225525,0.0328,0.395771,0.288173,0.200545,1,1,6,10.592363,MEDIUM
36,0.558693,0.012958,0.195137,0.163432,0.049952,11,8,17,140.659739,HIGH
43,0.582056,0.01311,0.216951,0.194428,0.348672,12,21,10,94.909275,HIGH
8,0.294438,0.036464,0.117842,0.02,0.242761,3,1,4,17.914018,MEDIUM
4,0.020452,0.001,0.991989,0.844914,0.123113,0,4,0,4.901619,LOW
39,0.479938,0.010918,0.175403,0.168584,0.064183,1,23,15,129.350322,HIGH
4,0.055139,0.017434,0.610897,0.398461,0.454493,1,2,1,3.576087,LOW
11,0.103679,0.008429,0.407816,0.216281,0.175356,2,3,6,25.0,MEDIUM
6,0.159644,0.030875,0.158402,0.02,0.291385,1,3,2,9.548779,MEDIUM
28,0.626239,0.019098,0.187592,0.138966,0.023191,0,11,17,57.310018,HIGH
39,0.382133,0.011098,0.170549,0.109257,0.321571,7,14,18,112.722311,HIGH
1,0.025825,0.037589,0.782722,0.729052,0.218369,0,0,1,1.13687,LOW
3,0.120322,0.04276,0.551709,0.46516,0.242055,1,0,2,7.172739,MEDIUM
8,0.237773,0.02375,0.11442,0.02,0.103229,4,1,3,20.243825,MEDIUM
43,0.53974,0.017855,0.24759,0.216091,0.222151,25,5,13,80.100857,HIGH
107,0.718367,0.007298,0.107472,0.033813,0.336882,21,46,40,239.990775,HIGH
31,0.437317,0.018997,0.134397,0.104621,0.207314,1,1,29,114.992365,HIGH
44,0.532646,0.013476,0.163346,0.140575,0.178922,10,25,9,150.540356,HIGH
42,0.64862,0.016925,0.129936,0.076145,0.204446,8,23,11,130.375433,HIGH
1,0.00743,0.007006,0.518992,0.308224,0.138112,1,0,0,1.188128,LOW
1,0.048918,0.048224,0.577783,0.432285,0.426348,0,0,1,0.814387,LOW
28,0.652307,0.02033,0.036261,0.020845,0.337209,7,11,10,98.192377,HIGH
22,0.82771,0.037322,0.141953,0.098461,0.165187,1,12,9,74.6472,HIGH
7,0.183368,0.025379,0.467076,0.416681,0.369453,1,5,1,11.406255,MEDIUM
6,0.130563,0.020677,0.677559,0.573875,0.178808,0,3,3,12.515128,MEDIUM
12,0.317129,0.024768,0.285538,0.168489,0.304508,5,3,4,13.889971,MEDIUM
103,0.706747,0.010463,0.144208,0.120931,0.330481,8,83,12,309.887503,HIGH
11,0.104317,0.005,0.390969,0.312048,0.283301,0,9,2,23.401325,MEDIUM
31,0.426106,0.016104,0.087178,0.05013,0.279742,11,1,19,58.494776,HIGH
97,0.396243,0.004226,0.157417,0.06772,0.264975,3,86,8,227.213272,HIGH
11,0.171003,0.017452,0.408892,0.237792,0.05,3,6,2,25.0,MEDIUM
4,0.016702,0.014075,0.856369,0.633408,0.026629,1,0,3,2.81516,LOW
11,0.105904,0.009869,0.446948,0.309668,0.331765,2,4,5,13.651989,MEDIUM
33,0.318238,0.004883,0.005,0.002,0.146009,4,11,18,114.204209,HIGH
44,0.799774,0.01329,0.028229,0.009649,0.174593,0,9,35,72.477995,HIGH
3,0.116359,0.02964,0.194805,0.02,0.276205,0,0,3,3.229625,MEDIUM
46,0.473537,0.011808,0.183496,0.159745,0.095901,4,17,25,169.360269,HIGH
3,0.001,0.002279,0.566583,0.357895,0.018342,0,2,1,4.037308,LOW
46,0.829531,0.020332,0.161434,0.111272,0.142529,34,7,5,79.894107,HIGH
10,0.271714,0.020818,0.550649,0.485367,0.292377,6,3,1,13.633905,MEDIUM
6,0.266375,0.050911,0.216407,0.042139,0.097534,0,5,1,11.268262,MEDIUM
36,0.355092,0.013301,0.092818,0.074153,0.37134,2,23,11,96.625866,HIGH
12,0.134832,0.005,0.339819,0.260998,0.306391,1,11,0,25.0,MEDIUM
3,0.029239,0.024409,0.603076,0.481498,0.445341,0,2,1,1.145685,LOW
3,0.024109,0.004504,0.457146,0.219729,0.052422,0,1,2,1.345424,LOW
4,0.08,0.021298,0.281678,0.230409,0.05,1,0,3,7.345907,MEDIUM
3,0.01536,0.007327,0.80066,0.696218,0.137939,0,3,0,4.385148,LOW
12,0.16651,0.010441,0.263138,0.198557,0.368776,6,0,6,17.21497,MEDIUM
10,0.253564,0.020078,0.7,0.5159,0.247189,7,3,0,19.569424,MEDIUM
6,0.255189,0.04098,0.554414,0.46788,0.387935,4,0,2,12.439942,MEDIUM
3,0.013046,0.001,1.0,0.828148,0.076548,0,2,1,2.108609,LOW
5,0.211025,0.047177,0.605937,0.471811,0.185745,0,0,5,13.015387,MEDIUM
1,0.003581,0.007047,0.670383,0.474857,0.469507,0,0,1,0.972343,LOW
4,0.009393,0.001,0.692698,0.550312,0.474228,1,1,2,2.536389,LOW
41,0.566185,0.013058,0.057423,0.002,0.24822,6,5,30,114.372117,HIGH
4,0.017889,0.001,0.831137,0.779171,0.295146,1,0,3,4.757825,LOW
3,0.335278,0.1,0.092193,0.02,0.455874,0,0,3,6.70797,MEDIUM
1,0.001,0.003263,0.697799,0.610799,0.110332,0,1,0,0.497616,LOW
1,0.001,0.003245,0.90183,0.706778,0.187353,0,0,1,0.548,LOW
10,0.365667,0.037664,0.246906,0.061911,0.216128,0,4,6,25.0,MEDIUM
12,0.186164,0.014503,0.09613,0.02,0.230203,0,12,0,25.0,MEDIUM
7,0.378622,0.057569,0.05,0.02,0.352256,0,1,6,19.340322,MEDIUM
8,0.091188,0.014264,0.312482,0.209801,0.212067,0,4,4,18.529585,MEDIUM
3,0.142593,0.050985,0.099242,0.020977,0.064609,0,2,1,8.8316,MEDIUM
4,0.08,0.027334,0.337524,0.237442,0.154005,2,0,2,6.216589,MEDIUM
10,0.261497,0.026041,0.529785,0.460685,0.28558,1,2,7,15.831164,MEDIUM
12,0.11356,0.01507,0.414496,0.328869,0.335761,0,3,9,25.0,MEDIUM
45,0.615841,0.015288,0.301802,0.296195,0.074447,15,8,22,127.851228,HIGH
11,0.285838,0.021782,0.05765,0.02,0.284008,2,0,9,17.723252,MEDIUM
4,0.011432,0.001,0.878256,0.675797,0.232618,2,0,2,1.153648,LOW
2,0.033353,0.021815,1.0,0.796787,0.344197,0,1,1,1.937249,LOW
12,0.16474,0.011778,0.578286,0.487448,0.451187,6,1,5,19.875839,MEDIUM
1,0.032491,0.04288,0.93275,0.742843,0.179795,1,0,0,1.268909,LOW
1,0.034527,0.031797,0.99435,0.888098,0.484061,0,0,1,0.394768,LOW
5,0.13721,0.033784,0.157852,0.028909,0.216331,0,4,1,13.262813,MEDIUM
14,0.423308,0.032255,0.133087,0.035817,0.328612,4,0,10,24.079543,HIGH
4,0.08,0.024939,0.350428,0.206716,0.477966,2,0,2,5.816357,MEDIUM
0,0.0,0.0,1.0,1.0,0.0,0,0,0,0.0,LOW
7,0.18977,0.026883,0.081945,0.02,0.083182,6,1,0,13.640873,MEDIUM
0,0.0,0.0,1.0,1.0,0.0,0,0,0,0.0,LOW
7,0.08,0.013538,0.370226,0.284292,0.379809,1,2,4,15.344645,MEDIUM
51,0.653189,0.009371,0.076594,0.002,0.055545,16,5,30,125.069385,HIGH
0,0.0,0.0,1.0,1.0,0.0,0,0,0,0.0,LOW
5,0.196793,0.043279,0.27506,0.136761,0.525302,0,1,4,13.554535,MEDIUM
4,0.024998,0.001,0.849812,0.603568,0.272435,0,2,2,2.268218,LOW
1,0.022292,0.019781,0.777724,0.674,0.310054,1,0,0,1.376755,LOW
0,0.0,0.0,1.0,1.0,0.0,0,0,0,0.0,LOW
0,0.0,0.0,1.0,1.0,0.0,0,0,0,0.0,LOW
0,0.0,0.0,1.0,1.0,0.0,0,0,0,0.0,LOW
0,0.0,0.0,1.0,1.0,0.0,0,0,0,0.0,LOW
4,0.018693,0.005604,0.792034,0.701899,0.0,0,4,0,4.370158,LOW
2,0.00959,0.009303,0.57255,0.419261,0.428779,0,0,2,0.695966,LOW
3,0.054497,0.012807,0.737644,0.65587,0.339362,0,3,0,4.28994,LOW
35,0.490331,0.015503,0.185931,0.086449,0.263237,2,6,27,61.115192,HIGH
19,0.491978,0.025948,0.059956,0.002,0.130121,2,11,6,46.011173,HIGH
2,0.027234,0.001,0.338118,0.174877,0.113486,0,0,2,2.665478,LOW
9,0.191929,0.016379,0.135269,0.02,0.390758,0,3,6,22.38173,MEDIUM
8,0.408277,0.051309,0.321211,0.238089,0.414532,2,4,2,13.134416,MEDIUM
5,0.196625,0.042048,0.416052,0.332138,0.303115,2,2,1,11.346589,MEDIUM
7,0.08,0.005772,0.35211,0.218158,0.392624,6,0,1,16.247732,MEDIUM
9,0.08,0.011971,0.303691,0.217877,0.271859,4,4,1,11.971268,MEDIUM
1,0.02392,0.022436,1.0,0.755474,0.403637,0,1,0,0.810196,LOW
52,0.466303,0.009277,0.134923,0.097814,0.256707,6,17,29,109.491024,HIGH
50,0.48865,0.003683,0.141834,0.096143,0.084615,21,21,8,148.761142,HIGH
3,0.056669,0.00921,0.75455,0.674984,0.3187,0,0,3,0.82575,LOW
12,0.602594,0.051615,0.176632,0.090364,0.134248,9,1,2,26.779748,HIGH
47,0.661282,0.015025,0.246953,0.208986,0.240019,23,18,6,143.439039,HIGH
30,0.45127,0.014314,0.093744,0.002,0.112334,17,6,7,75.112415,HIGH
10,0.200453,0.022752,0.147615,0.02,0.304563,5,1,4,24.605788,MEDIUM
3,0.075406,0.03728,0.271172,0.153414,0.29686,1,2,0,1.287586,LOW
2,0.032671,0.017661,1.0,0.767148,0.030969,0,1,1,0.721899,LOW
8,0.204172,0.030562,0.328405,0.195525,0.16073,2,1,5,16.040628,MEDIUM
6,0.252083,0.047066,0.326232,0.252665,0.39836,0,1,5,11.213936,MEDIUM
39,0.764506,0.018416,0.090884,0.064411,0.129422,30,6,3,114.307938,HIGH
103,0.503651,0.006099,0.049941,0.002,0.361035,10,81,12,204.379671,HIGH
4,0.001,0.001,0.627035,0.47372,0.019007,0,2,2,3.126992,LOW
34,0.475994,0.015746,0.047789,0.019584,0.181843,18,14,2,88.703148,HIGH
6,0.379986,0.062416,0.100359,0.02,0.130736,0,4,2,6.344823,MEDIUM
29,0.689663,0.025286,0.232671,0.210154,0.377365,5,13,11,47.799512,HIGH
0,0.0,0.0,1.0,1.0,0.0,0,0,0,0.0,LOW
3,0.007099,0.00866,0.861823,0.66059,0.161212,1,1,1,2.700531,LOW
4,0.046337,0.013707,0.998344,0.860533,0.127757,2,0,2,5.0,LOW
4,0.053993,0.028502,0.849112,0.765469,0.455946,0,2,2,5.0,LOW
38,0.426508,0.016039,0.087546,0.049931,0.198268,7,22,9,144.239919,HIGH
4,0.040647,0.002577,0.848657,0.706963,0.017773,3,1,0,4.910966,LOW
9,0.165608,0.01976,0.393587,0.309045,0.257938,1,4,4,20.672413,MEDIUM
5,0.205163,0.031314,0.231805,0.082712,0.123578,1,2,2,5.847262,MEDIUM
57,0.50478,0.013347,0.148678,0.108288,0.333012,15,28,14,115.724373,HIGH
11,0.574463,0.055005,0.186685,0.179953,0.143035,2,4,5,27.607952,HIGH
41,0.492332,0.010454,0.056152,0.002,0.091234,18,16,7,84.621979,HIGH
10,0.266085,0.033898,0.469003,0.278391,0.250843,0,0,10,10.268767,MEDIUM
10,0.183694,0.02429,0.278114,0.088866,0.190583,0,5,5,21.428689,MEDIUM
0,0.0,0.0,1.0,1.0,0.0,0,0,0,0.0,LOW
11,0.08,0.00706,0.351301,0.2946,0.203167,5,1,5,24.762868,MEDIUM
10,0.307491,0.028666,0.128858,0.02,0.243787,0,4,6,25.0,MEDIUM
25,0.453115,0.011839,0.005,0.002,0.294161,19,6,0,89.405477,HIGH
0,0.0,0.0,1.0,1.0,0.0,0,0,0,0.0,LOW
3,0.023518,0.001,0.694348,0.469246,0.09935,0,1,2,3.696802,LOW
3,0.204645,0.069084,0.513413,0.315675,0.268593,1,1,1,4.546016,MEDIUM
3,0.023312,0.001,0.750374,0.505049,0.489096,0,3,0,1.11035,LOW
2,0.077646,0.03519,0.399178,0.222526,0.48966,1,0,1,2.345464,LOW
22,0.692986,0.030386,0.091751,0.047784,0.173302,6,12,4,36.575859,HIGH
57,0.66229,0.009642,0.02841,0.002,0.292202,16,25,16,157.228844,HIGH
16,0.645577,0.038279,0.153561,0.117883,0.415484,2,4,10,56.54921,HIGH
0,0.0,0.0,1.0,1.0,0.0,0,0,0,0.0,LOW
22,0.516639,0.025057,0.167626,0.118038,0.304909,0,1,21,65.588411,HIGH
59,0.44185,0.011146,0.177907,0.090228,0.44925,27,30,2,219.769872,HIGH
72,0.861618,0.013483,0.082777,0.014961,0.061343,20,22,30,210.883685,HIGH
11,0.186913,0.016126,0.478909,0.31591,0.409952,0,11,0,13.356331,MEDIUM
3,0.010074,0.001,0.790671,0.728093,0.424689,0,0,3,2.284652,LOW
4,0.154242,0.039803,0.05,0.02,0.294215,1,3,0,4.196618,MEDIUM
40,0.594745,0.013845,0.15341,0.079714,0.169648,7,24,9,135.981901,HIGH
4,0.012218,0.009597,0.601804,0.40218,0.196042,1,0,3,1.126286,LOW
25,0.592607,0.029728,0.061786,0.002,0.246356,8,1,16,78.982647,HIGH
12,0.46538,0.035673,0.690838,0.494815,0.354868,2,9,1,25.0,MEDIUM
59,0.544782,0.008488,0.242961,0.14554,0.312253,26,4,29,210.700203,HIGH
2,0.012282,0.013342,0.508638,0.38339,0.265965,0,0,2,2.426513,LOW
19,0.69435,0.034228,0.085592,0.058151,0.0866,2,0,17,60.042983,HIGH
9,0.173805,0.017981,0.383248,0.190487,0.30561,4,2,3,23.919777,MEDIUM
0,0.0,0.0,1.0,1.0,0.0,0,0,0,0.0,LOW
1,0.009819,0.001,0.980614,0.903387,0.310955,0,0,1,0.702387,LOW
38,0.65465,0.018305,0.070636,0.004387,0.048764,7,9,22,113.211091,HIGH
9,0.084864,0.014603,0.68723,0.55484,0.277268,3,0,6,17.224614,MEDIUM
12,0.551739,0.047741,0.112815,0.095278,0.334399,2,2,8,29.19229,HIGH
10,0.195945,0.02197,0.150124,0.02,0.314653,1,0,9,18.320201,MEDIUM
52,0.407401,0.003673,0.276309,0.208932,0.137979,17,1,34,142.118125,HIGH
3,0.060527,0.011302,0.672933,0.577586,0.276593,2,0,1,1.409417,LOW
14,0.431342,0.032336,0.252449,0.225751,0.121587,2,6,6,52.358848,HIGH
117,0.504155,0.0075,0.234412,0.182682,0.136134,38,43,36,400.0,HIGH
7,0.158245,0.020133,0.481973,0.402139,0.273884,1,3,3,11.815283,MEDIUM
11,0.08,0.005234,0.255796,0.168118,0.189845,2,8,1,13.564599,MEDIUM
10,0.249865,0.027225,0.335421,0.193339,0.257071,0,8,2,18.676621,MEDIUM
2,0.069568,0.038381,0.782005,0.694555,0.081386,0,0,2,0.79389,LOW
1,0.040486,0.03899,0.81739,0.73255,0.369227,0,1,0,0.696774,LOW
3,0.011042,0.012796,1.0,0.774501,0.510611,0,3,0,4.157881,LOW
114,0.681542,0.008767,0.052473,0.002,0.454035,79,27,8,213.977584,HIGH
11,0.158269,0.020862,0.528444,0.418571,0.224758,1,4,6,24.490063,MEDIUM
39,0.578987,0.012476,0.0298,0.024486,0.068846,31,2,6,63.893401,HIGH
4,0.015757,0.003619,0.981792,0.853746,0.400815,0,2,2,4.482334,LOW
0,0.0,0.0,1.0,1.0,0.0,0,0,0,0.0,LOW
8,0.315379,0.037038,0.28415,0.124712,0.137691,0,1,7,8.763624,MEDIUM
8,0.32239,0.041201,0.295069,0.199123,0.245014,4,1,3,23.685852,MEDIUM
22,0.557103,0.025806,0.194239,0.184911,0.186546,0,0,22,72.061418,HIGH
0,0.0,0.0,1.0,1.0,0.0,0,0,0,0.0,LOW
28,0.657712,0.020713,0.070983,0.002,0.284513,3,14,11,83.295736,HIGH
39,0.744989,0.021567,0.005,0.002,0.229014,3,30,6,150.740719,HIGH
2,0.023844,0.008495,0.708321,0.631071,0.472445,0,1,1,1.931068,LOW
24,0.724384,0.028239,0.093303,0.044044,0.362202,2,15,7,87.563667,HIGH
3,0.00524,0.001,1.0,0.775708,0.469562,0,0,3,1.817431,LOW
1,0.006023,0.001,0.239108,0.162374,0.420699,0,0,1,0.726874,LOW
4,0.320314,0.073766,0.379679,0.300382,0.429156,3,1,0,4.991539,MEDIUM
0,0.0,0.0,1.0,1.0,0.0,0,0,0,0.0,LOW
4,0.023386,0.001,0.348122,0.193967,0.395938,2,1,1,2.123731,LOW
1,0.036283,0.03441,0.454125,0.292747,0.376123,0,1,0,1.498924,LOW
3,0.217153,0.083424,0.431988,0.255642,0.326777,0,1,2,5.237994,MEDIUM
35,0.584142,0.023314,0.03139,0.002,0.270376,3,9,23,59.134619,HIGH
8,0.181039,0.023422,0.547689,0.455185,0.361227,1,4,3,22.473604,MEDIUM
8,0.16452,0.011309,0.05,0.02,0.077262,0,6,2,8.645004,MEDIUM
27,0.674437,0.026547,0.044324,0.011525,0.233411,16,8,3,94.108676,HIGH
58,0.576716,0.004254,0.073612,0.023551,0.259695,8,43,7,125.454027,HIGH
5,0.217243,0.045878,0.391998,0.243638,0.471677,3,2,0,14.733895,MEDIUM
8,0.100945,0.006999,0.167534,0.081657,0.248108,0,4,4,16.15497,MEDIUM
38,0.7115,0.012187,0.128026,0.105195,0.316953,23,13,2,143.574445,HIGH
12,0.248265,0.01777,0.23283,0.085879,0.357425,6,5,1,23.663886,MEDIUM
25,0.493792,0.015532,0.327003,0.252542,0.370032,2,12,11,92.464179,HIGH
36,0.471458,0.011118,0.072543,0.012805,0.102959,3,19,14,63.196853,HIGH
6,0.321298,0.044668,0.194464,0.094258,0.305608,0,2,4,12.969895,MEDIUM
2,0.024676,0.027735,0.82606,0.647087,0.0,0,0,2,1.589755,LOW
4,0.001,0.001,1.0,0.765128,0.23405,0,3,1,4.11983,LOW
18,0.777868,0.043671,0.063999,0.016198,0.160991,1,0,17,54.199217,HIGH
2,0.025079,0.005298,0.443545,0.349641,0.376978,0,2,0,1.858007,LOW
3,0.08,0.033728,0.212365,0.075373,0.383162,0,1,2,3.133248,MEDIUM
1,0.008271,0.018172,0.804899,0.587244,0.23672,1,0,0,0.637481,LOW
8,0.277683,0.028374,0.231925,0.071983,0.312279,2,0,6,19.752008,MEDIUM
8,0.08,0.014827,0.157343,0.02,0.338246,0,2,6,18.295107,MEDIUM
8,0.111444,0.011078,0.118412,0.029983,0.158322,1,5,2,11.329334,MEDIUM
43,0.553852,0.014391,0.160592,0.147974,0.092639,13,6,24,88.937773,HIGH
12,0.329519,0.025884,0.05,0.02,0.204133,2,0,10,15.938926,MEDIUM
6,0.149697,0.01735,0.565941,0.451117,0.151481,5,1,0,10.950772,MEDIUM
3,0.036757,0.008278,1.0,0.776462,0.458745,2,1,0,2.955165,LOW
3,0.004707,0.008683,0.545376,0.346149,0.180092,2,0,1,4.195284,LOW
2,0.026486,0.019892,0.475733,0.246718,0.359537,0,0,2,2.945567,LOW
9,0.129697,0.020268,0.169701,0.098001,0.355395,2,0,7,16.074966,MEDIUM
9,0.16268,0.010676,0.166269,0.105671,0.344538,6,3,0,25.0,MEDIUM
42,0.723855,0.021308,0.093616,0.002,0.34804,12,26,4,124.883688,HIGH
2,0.04094,0.008421,0.637373,0.425812,0.337962,0,0,2,1.799306,LOW
3,0.230761,0.081811,0.315906,0.151041,0.321795,1,0,2,8.561911,MEDIUM
3,0.017968,0.019778,0.490393,0.38691,0.421092,3,0,0,4.06025,LOW
10,0.140611,0.013393,0.111671,0.02,0.217461,0,4,6,22.902553,MEDIUM
11,0.221674,0.020302,0.21198,0.021291,0.446552,3,3,5,17.27538,MEDIUM
3,0.032274,0.014461,0.360245,0.24889,0.297526,0,2,1,2.623262,LOW
4,0.040908,0.021278,0.529811,0.323115,0.521957,1,2,1,4.919405,LOW
53,0.758908,0.01412,0.036158,0.002,0.200739,12,14,27,169.444961,HIGH
11,0.150754,0.019685,0.219562,0.065147,0.235802,0,5,6,25.0,MEDIUM
4,0.016389,0.001,0.541812,0.372515,0.462503,0,4,0,3.90855,LOW
8,0.225796,0.034072,0.207086,0.02,0.287769,3,3,2,11.718848,MEDIUM
0,0.0,0.0,1.0,1.0,0.0,0,0,0,0.0,LOW
31,0.675046,0.021274,0.0983,0.041457,0.377319,1,20,10,60.566265,HIGH
3,0.015785,0.016954,0.700539,0.472083,0.226808,0,0,3,3.579632,LOW
0,0.0,0.0,1.0,1.0,0.0,0,0,0,0.0,LOW
3,0.018568,0.001,0.482527,0.401086,0.530944,2,0,1,2.482437,LOW
4,0.284539,0.077385,0.505883,0.350077,0.168346,1,2,1,8.724631,MEDIUM
3,0.013421,0.001,0.697557,0.509184,0.175434,1,1,1,2.786742,LOW
5,0.194024,0.041609,0.26183,0.175713,0.383662,1,4,0,12.408175,MEDIUM
26,0.45458,0.015824,0.132119,0.056748,0.132819,0,25,1,66.101145,HIGH
12,0.310161,0.026086,0.558768,0.403264,0.207136,1,2,9,21.036362,MEDIUM
12,0.163019,0.020626,0.283721,0.216727,0.245214,0,1,11,25.0,MEDIUM
13,0.498679,0.03689,0.185353,0.115615,0.416742,6,6,1,36.200614,HIGH
28,0.439402,0.014303,0.067287,0.052158,0.288169,7,7,14,50.216894,HIGH
11,0.128614,0.007337,0.516936,0.332169,0.166723,3,8,0,25.0,MEDIUM
22,0.694955,0.031102,0.115408,0.031987,0.271519,7,0,15,51.283246,HIGH
0,0.0,0.0,1.0,1.0,0.0,0,0,0,0.0,LOW
3,0.263963,0.098231,0.403284,0.320637,0.29585,1,2,0,9.273703,MEDIUM
4,0.005472,0.011864,0.48251,0.288955,0.204316,1,3,0,4.289581,LOW
0,0.0,0.0,1.0,1.0,0.0,0,0,0,0.0,LOW
6,0.178707,0.02703,0.234909,0.08735,0.514519,1,4,1,17.735494,MEDIUM
5,0.259601,0.049172,0.26112,0.126037,0.335557,1,0,4,10.010651,MEDIUM
4,0.043705,0.016664,0.565334,0.478366,0.146834,0,3,1,2.975697,LOW
74,0.884651,0.007915,0.072452,0.015521,0.139185,38,5,31,127.987961,HIGH
0,0.0,0.0,1.0,1.0,0.0,0,0,0,0.0,LOW
4,0.007906,0.004168,0.875728,0.801763,0.330746,1,3,0,5.0,LOW
12,0.463865,0.040406,0.281631,0.276124,0.324619,4,0,8,29.65264,HIGH
3,0.143888,0.049208,0.134688,0.02,0.326917,0,3,0,6.932066,MEDIUM
9,0.196952,0.028327,0.573745,0.39469,0.280765,2,0,7,14.912512,MEDIUM
0,0.0,0.0,1.0,1.0,0.0,0,0,0,0.0,LOW
9,0.363085,0.040356,0.05476,0.02,0.423328,0,0,9,10.951254,MEDIUM
18,0.570903,0.02855,0.27388,0.220141,0.129599,2,11,5,40.734786,HIGH
2,0.00332,0.001,0.498285,0.298931,0.257651,1,1,0,2.619749,LOW
6,0.311311,0.050352,0.460078,0.26039,0.328868,3,3,0,6.213247,MEDIUM
40,0.644029,0.011847,0.082489,0.06814,0.357787,27,0,13,86.440663,HIGH
3,0.252014,0.074276,0.074802,0.02,0.252815,2,1,0,3.310961,MEDIUM
7,0.08,0.005276,0.306637,0.250485,0.443609,0,4,3,8.121453,MEDIUM
10,0.242071,0.018141,0.360523,0.16723,0.350109,1,6,3,19.121268,MEDIUM
12,0.12234,0.014322,0.481118,0.392332,0.360016,0,5,7,25.0,MEDIUM
10,0.116271,0.009764,0.566254,0.424626,0.05,2,2,6,21.821397,MEDIUM
0,0.0,0.0,1.0,1.0,0.0,0,0,0,0.0,LOW
7,0.08,0.019331,0.587235,0.497112,0.112523,2,3,2,18.793612,MEDIUM
121,0.61717,0.002,0.100743,0.002,0.42821,25,61,35,400.0,HIGH
6,0.127578,0.019296,0.58933,0.465065,0.054098,0,5,1,13.124413,MEDIUM
3,0.154065,0.045486,0.078224,0.02,0.236938,0,2,1,3.826539,MEDIUM
33,0.81143,0.021527,0.20865,0.168927,0.077962,2,14,17,58.690674,HIGH
15,0.503441,0.034521,0.005,0.002,0.229955,6,1,8,48.16216,HIGH
49,0.528488,0.009557,0.248634,0.239632,0.362587,27,4,18,120.241527,HIGH
34,0.694683,0.022202,0.050102,0.019,0.271895,16,16,2,76.647546,HIGH
30,0.875446,0.032313,0.124678,0.119391,0.247916,5,17,8,93.174024,HIGH
11,0.300497,0.026991,0.085636,0.048821,0.107539,6,5,0,40.229167,HIGH
12,0.504621,0.038922,0.197578,0.192133,0.285332,2,2,8,27.141411,HIGH
22,0.637909,0.027684,0.181545,0.143968,0.374731,11,6,5,65.552895,HIGH
23,0.563604,0.026652,0.131421,0.113016,0.286187,3,16,4,58.669089,HIGH
16,0.512938,0.036716,0.269009,0.239098,0.086888,3,7,6,30.935931,HIGH
0,0.0,0.0,1.0,1.0,0.0,0,0,0,0.0,LOW
11,0.746815,0.068349,0.183721,0.106533,0.087095,2,3,6,41.550444,HIGH
12,0.117079,0.012361,0.698254,0.642326,0.310782,0,5,7,16.302825,MEDIUM
3,0.011385,0.018906,0.434561,0.279064,0.32103,0,3,0,1.535293,LOW
3,0.346017,0.1,0.366576,0.17977,0.379486,0,0,3,6.350319,MEDIUM
10,0.130727,0.011181,0.486806,0.436128,0.333346,1,9,0,25.0,MEDIUM
4,0.066974,0.034852,0.557435,0.407652,0.12296,0,1,3,5.0,LOW
22,0.466972,0.0187,0.098527,0.029894,0.300764,3,9,10,34.422137,HIGH
4,0.024742,0.002679,0.850399,0.628727,0.494962,0,1,3,1.204568,LOW
45,0.512925,0.015137,0.197088,0.122147,0.333122,22,2,21,85.027169,HIGH
12,0.129418,0.013429,0.338085,0.152557,0.446343,3,5,4,21.095256,MEDIUM
1,0.035696,0.032472,0.588844,0.370554,0.324272,1,0,0,0.469651,LOW
27,0.660998,0.023946,0.038431,0.008087,0.18956,12,11,4,89.750297,HIGH
4,0.181702,0.043634,0.199881,0.112787,0.344673,0,4,0,10.602451,MEDIUM
4,0.023534,0.004942,0.690859,0.599704,0.232962,0,4,0,2.197506,LOW
4,0.171203,0.037301,0.414701,0.215731,0.39107,0,4,0,5.682159,MEDIUM
4,0.176717,0.048275,0.280502,0.191249,0.147833,1,1,2,8.70334,MEDIUM
57,0.303216,0.007055,0.23118,0.174832,0.02,1,43,13,199.728301,HIGH
10,0.332356,0.028806,0.182369,0.045868,0.129361,5,4,1,25.0,MEDIUM
42,0.497356,0.009711,0.217391,0.121093,0.371146,9,23,10,88.172471,HIGH
9,0.304254,0.031759,0.590993,0.419033,0.339599,0,4,5,20.739789,MEDIUM
23,0.347529,0.019207,0.087062,0.076585,0.368635,3,4,16,35.503245,HIGH
41,0.727252,0.0149,0.119418,0.094681,0.170478,1,22,18,154.300936,HIGH
3,0.004861,0.015317,0.817654,0.644675,0.11776,3,0,0,1.933094,LOW
24,0.387602,0.013651,0.302136,0.249334,0.149026,0,19,5,89.596802,HIGH
4,0.038056,0.001,0.589483,0.528201,0.32844,1,2,1,1.487278,LOW
2,0.022315,0.018466,0.647641,0.494409,0.41165,0,2,0,2.585898,LOW
42,0.538696,0.012287,0.127674,0.109026,0.38565,31,1,10,166.798625,HIGH
20,0.856103,0.043323,0.073155,0.05152,0.067786,3,3,14,61.437848,HIGH
2,0.035602,0.017982,0.715691,0.638088,0.069145,0,2,0,1.385645,LOW
50,0.737519,0.015322,0.088345,0.051559,0.33452,23,15,12,103.079875,HIGH
35,0.456369,0.012904,0.184281,0.136296,0.163703,1,21,13,77.278806,HIGH
114,0.43514,0.004256,0.132811,0.065577,0.238723,9,47,58,367.513501,HIGH
5,0.198323,0.044821,0.082782,0.02,0.159247,2,1,2,9.400364,MEDIUM
11,0.133814,0.009131,0.272285,0.086102,0.11961,2,6,3,22.852129,MEDIUM
1,0.055981,0.047772,0.579085,0.507982,0.377168,0,1,0,0.374006,LOW
11,0.705093,0.062424,0.315734,0.306809,0.094321,7,1,3,21.381227,HIGH
3,0.001,0.001,0.849539,0.609738,0.363028,0,3,0,1.097376,LOW
6,0.164299,0.019729,0.05,0.02,0.168872,1,3,2,16.843494,MEDIUM
11,0.289996,0.023983,0.388852,0.206745,0.383572,1,5,5,25.0,MEDIUM
4,0.03501,0.020091,0.940721,0.729101,0.387453,0,1,3,2.890621,LOW
10,0.386865,0.04215,0.287315,0.092281,0.316013,1,6,3,24.609129,MEDIUM
3,0.258638,0.086768,0.416974,0.295969,0.265843,0,3,0,5.076919,MEDIUM
1,0.006979,0.016894,0.768384,0.553924,0.321621,1,0,0,0.573262,LOW
23,0.818569,0.033946,0.218628,0.15822,0.245202,5,4,14,87.539988,HIGH
4,0.016386,0.001,0.607583,0.465444,0.083236,1,1,2,4.338575,LOW
3,0.001,0.003172,1.0,0.916665,0.419121,0,1,2,2.11738,LOW
29,0.707867,0.030988,0.196616,0.180797,0.401158,4,11,14,54.371549,HIGH
4,0.214446,0.054113,0.553467,0.399902,0.437096,1,2,1,7.588384,MEDIUM
20,0.52145,0.022777,0.135407,0.062397,0.308871,8,9,3,78.343446,HIGH
3,0.001,0.001,0.507047,0.428131,0.368611,0,2,1,4.257724,LOW
4,0.24101,0.050871,0.449156,0.376158,0.243408,0,0,4,4.552369,MEDIUM
28,0.452824,0.017728,0.077615,0.070412,0.029024,14,8,6,102.51356,HIGH
51,0.443207,0.005667,0.101111,0.068994,0.173195,15,3,33,103.282764,HIGH
28,0.549557,0.020399,0.256824,0.177843,0.200794,11,6,11,63.983347,HIGH
4,0.18993,0.053718,0.203996,0.050019,0.43302,3,0,1,5.959968,MEDIUM
10,0.109986,0.012879,0.354712,0.227445,0.415256,0,5,5,19.101201,MEDIUM
9,0.22783,0.029251,0.337263,0.220321,0.084825,0,2,7,18.682,MEDIUM
9,0.235029,0.030494,0.566203,0.398871,0.09553,4,0,5,10.55634,MEDIUM
6,0.12509,0.016191,0.386362,0.255549,0.177722,1,5,0,10.625366,MEDIUM
4,0.01756,0.001,0.891346,0.718087,0.339024,0,4,0,3.004788,LOW
32,0.551269,0.019644,0.24084,0.229828,0.275485,11,20,1,67.816399,HIGH
6,0.08,0.01659,0.057505,0.02,0.259405,3,1,2,9.746754,MEDIUM
0,0.0,0.0,1.0,1.0,0.0,0,0,0,0.0,LOW
1,0.011329,0.013587,0.576803,0.461158,0.374074,0,1,0,0.448335,LOW
0,0.0,0.0,1.0,1.0,0.0,0,0,0,0.0,LOW
19,0.508902,0.027532,0.136238,0.098631,0.089012,3,11,5,61.001161,HIGH
17,0.733501,0.040985,0.115711,0.030045,0.329507,0,8,9,46.1368,HIGH
2,0.020333,0.001,0.755782,0.690595,0.20014,0,1,1,1.785232,LOW
5,0.08,0.006649,0.503734,0.34156,0.490102,4,1,0,10.959948,MEDIUM
0,0.0,0.0,1.0,1.0,0.0,0,0,0,0.0,LOW
3,0.056111,0.029267,0.522632,0.301565,0.332229,2,0,1,3.822991,LOW
13,0.682073,0.050894,0.070304,0.002,0.101185,0,9,4,33.267211,HIGH
41,0.546203,0.009083,0.068119,0.058414,0.315504,13,23,5,119.015241,HIGH
11,0.170452,0.016182,0.05,0.02,0.346619,2,5,4,11.297205,MEDIUM
0,0.0,0.0,1.0,1.0,0.0,0,0,0,0.0,LOW
0,0.0,0.0,1.0,1.0,0.0,0,0,0,0.0,LOW
12,0.638103,0.057098,0.127671,0.062284,0.306545,0,5,7,19.870046,HIGH
8,0.228754,0.031964,0.408649,0.336085,0.466652,0,1,7,22.81402,MEDIUM
48,0.455001,0.008189,0.284133,0.263936,0.410549,16,6,26,91.973686,HIGH
2,0.038232,0.0239,0.862178,0.716015,0.215411,0,2,0,1.737091,LOW
3,0.017897,0.015458,0.370549,0.304566,0.07981,0,2,1,2.11077,LOW
0,0.0,0.0,1.0,1.0,0.0,0,0,0,0.0,LOW
3,0.005475,0.001,0.594301,0.39962,0.150628,0,2,1,3.236876,LOW
52,0.552273,0.011918,0.098898,0.04692,0.056478,21,14,17,173.909102,HIGH
4,0.412797,0.1,0.236958,0.078125,0.247793,2,1,1,5.78702,MEDIUM
6,0.133651,0.029127,0.386167,0.320739,0.39854,1,4,1,14.802086,MEDIUM
5,0.169629,0.037345,0.285118,0.13086,0.277381,0,3,2,5.906285,MEDIUM
4,0.008393,0.013167,0.802838,0.59543,0.21252,2,0,2,4.832357,LOW
4,0.213481,0.051728,0.492267,0.325606,0.195096,0,1,3,7.681457,MEDIUM
6,0.111291,0.021049,0.380134,0.316513,0.325111,1,1,4,13.742149,MEDIUM
3,0.035895,0.015278,0.608349,0.369758,0.401432,1,0,2,2.884033,LOW
22,0.506078,0.026916,0.105007,0.033405,0.071574,17,2,3,50.685712,HIGH
5,0.177334,0.029514,0.15782,0.02,0.421421,1,0,4,7.139514,MEDIUM
12,0.216135,0.025673,0.304436,0.141635,0.432068,0,9,3,25.0,MEDIUM
7,0.282258,0.043844,0.477005,0.316981,0.384966,1,5,1,14.762797,MEDIUM
8,0.110274,0.009297,0.240341,0.167051,0.363088,2,0,6,19.665908,MEDIUM
15,0.506984,0.033298,0.10582,0.088301,0.156811,9,0,6,27.277726,HIGH
56,0.680362,0.01558,0.238889,0.159338,0.320337,8,40,8,188.924737,HIGH
40,0.581254,0.012118,0.220902,0.175643,0.217502,8,7,25,132.850976,HIGH
3,0.050532,0.003451,0.76738,0.635367,0.074256,0,2,1,3.255521,LOW
53,0.577583,0.012293,0.162008,0.131702,0.178337,30,17,6,83.061656,HIGH
15,0.486929,0.029073,0.290875,0.211505,0.177934,7,7,1,43.306913,HIGH
11,0.585635,0.05516,0.096301,0.002,0.100366,1,6,4,32.591306,HIGH
47,0.710542,0.013452,0.163476,0.113233,0.094892,1,25,21,87.458728,HIGH
0,0.0,0.0,1.0,1.0,0.0,0,0,0,0.0,LOW
3,0.032777,0.010569,0.319974,0.126279,0.227779,3,0,0,4.077203,LOW
44,0.429637,0.008422,0.030189,0.002,0.38455,6,34,4,150.695977,HIGH
2,0.013664,0.015211,0.510336,0.276701,0.254283,1,0,1,0.962331,LOW
37,0.678521,0.028419,0.115237,0.052742,0.326323,2,34,1,91.750324,HIGH
0,0.0,0.0,1.0,1.0,0.0,0,0,0,0.0,LOW
5,0.13585,0.028815,0.401601,0.328108,0.145624,0,0,5,7.188467,MEDIUM
0,0.0,0.0,1.0,1.0,0.0,0,0,0,0.0,LOW
0,0.0,0.0,1.0,1.0,0.0,0,0,0,0.0,LOW
54,0.590574,0.007301,0.102524,0.042479,0.197204,42,8,4,110.927318,HIGH
40,0.375328,0.007831,0.045025,0.002,0.02,0,22,18,129.295626,HIGH
11,0.238261,0.014162,0.275386,0.078825,0.290832,0,0,11,16.585008,MEDIUM
16,0.922618,0.056635,0.188219,0.103953,0.135875,2,2,12,30.49291,HIGH
8,0.08,0.011518,0.316915,0.159911,0.309892,2,2,4,15.408951,MEDIUM
4,0.035761,0.01079,0.567458,0.39015,0.2897,2,2,0,2.289346,LOW
0,0.0,0.0,1.0,1.0,0.0,0,0,0,0.0,LOW
6,0.274472,0.043897,0.33891,0.266013,0.137139,0,2,4,15.929666,MEDIUM
41,0.452361,0.011339,0.233509,0.196509,0.316092,12,23,6,146.571725,HIGH
40,0.622928,0.011471,0.188033,0.106579,0.372499,9,16,15,137.447413,HIGH
7,0.138002,0.020967,0.469555,0.332844,0.429251,4,2,1,12.49663,MEDIUM
8,0.096865,0.01197,0.494215,0.297722,0.383382,0,3,5,12.877995,MEDIUM
6,0.282176,0.038363,0.397594,0.337241,0.23756,2,3,1,14.799556,MEDIUM
20,0.643059,0.034116,0.085514,0.067543,0.235596,0,15,5,78.052352,HIGH
5,0.205513,0.040796,0.175899,0.045886,0.055149,0,5,0,8.184584,MEDIUM
1,0.022205,0.031964,0.61189,0.519105,0.237682,0,0,1,1.318645,LOW
7,0.2407,0.035438,0.208396,0.080887,0.475832,0,2,5,18.009686,MEDIUM
3,0.035712,0.014145,0.434965,0.274194,0.599974,1,0,2,1.052514,LOW
2,0.001,0.001,0.556035,0.33343,0.139007,2,0,0,1.40745,LOW
35,0.71826,0.027869,0.137617,0.077717,0.3114,4,10,21,114.563532,HIGH
7,0.140493,0.018449,0.494446,0.394555,0.400345,0,6,1,10.941187,MEDIUM
53,0.456174,0.010361,0.191176,0.151392,0.384563,5,46,2,168.01526,HIGH
4,0.030197,0.010511,0.763919,0.563866,0.014071,0,2,2,4.777474,LOW
2,0.017024,0.010698,0.422858,0.209104,0.092781,0,0,2,1.166602,LOW
1,0.032791,0.011971,0.421581,0.359399,0.181789,0,1,0,0.771899,LOW
4,0.047035,0.001,0.803248,0.727072,0.228095,2,1,1,5.0,LOW
11,0.160899,0.012675,0.141917,0.02,0.151557,3,8,0,21.72575,MEDIUM
4,0.010705,0.001,0.363614,0.21009,0.404231,1,0,3,1.724281,LOW
4,0.021748,0.006793,1.0,0.767685,0.184516,1,0,3,2.291159,LOW
4,0.105431,0.022686,0.164145,0.077996,0.303778,1,0,3,10.617365,MEDIUM
49,0.459036,0.008353,0.025226,0.019077,0.286282,25,9,15,140.610813,HIGH
4,0.042581,0.001,0.409312,0.288372,0.484449,0,3,1,1.856986,LOW
2,0.017163,0.02466,0.451267,0.338911,0.359265,0,1,1,1.186587,LOW
3,0.065669,0.021745,0.675937,0.490414,0.0,2,0,1,2.55998,LOW
24,0.682843,0.028572,0.243468,0.217197,0.184701,0,13,11,74.729104,HIGH
0,0.0,0.0,1.0,1.0,0.0,0,0,0,0.0,LOW
26,0.500184,0.021799,0.206128,0.17397,0.336106,0,19,7,44.256197,HIGH
10,0.243245,0.017651,0.254781,0.176224,0.301451,4,3,3,25.0,MEDIUM
10,0.410223,0.043328,0.425228,0.356705,0.250367,0,6,4,23.924743,MEDIUM
2,0.027124,0.021869,0.704411,0.544986,0.320981,0,1,1,1.88916,LOW
3,0.030197,0.001,0.41296,0.315932,0.407044,0,1,2,3.359357,LOW
4,0.08,0.015863,0.396577,0.272604,0.453865,4,0,0,4.227253,MEDIUM
9,0.154121,0.016058,0.188343,0.027043,0.344086,2,1,6,15.30142,MEDIUM
64,0.466084,0.009619,0.17407,0.114099,0.135275,0,41,23,99.510209,HIGH
48,0.664204,0.010583,0.220653,0.173491,0.133443,3,17,28,87.255896,HIGH
6,0.102102,0.015348,0.233434,0.036954,0.089071,0,1,5,12.222648,MEDIUM
2,0.025652,0.01714,0.832466,0.631478,0.275771,1,1,0,0.865265,LOW
9,0.379794,0.046814,0.085637,0.02,0.220175,3,3,3,9.667103,MEDIUM
48,0.779151,0.016862,0.169285,0.08929,0.293688,22,0,26,87.693246,HIGH
0,0.0,0.0,1.0,1.0,0.0,0,0,0,0.0,LOW
22,0.612524,0.029926,0.005,0.002,0.279517,0,8,14,73.71412,HIGH
40,0.591651,0.015988,0.031741,0.002,0.323365,5,15,20,128.569393,HIGH
7,0.08,0.011601,0.228515,0.057251,0.126571,0,7,0,14.137108,MEDIUM
45,0.403014,0.007953,0.02402,0.002,0.35247,36,9,0,83.900585,HIGH
10,0.499094,0.048731,0.107847,0.0107,0.106239,0,5,5,39.733088,HIGH
6,0.08,0.018728,0.465531,0.345136,0.204749,0,4,2,8.680044,MEDIUM
30,0.533036,0.017547,0.105607,0.051844,0.213837,1,12,17,46.107133,HIGH
1,0.020058,0.001,0.735612,0.507812,0.3224,0,1,0,0.789586,LOW
63,0.678389,0.009724,0.036618,0.004752,0.207397,36,16,11,235.014245,HIGH
59,0.454088,0.002,0.005,0.002,0.285366,1,8,50,160.477973,HIGH
43,0.544754,0.013239,0.086146,0.002,0.12476,12,9,22,108.253092,HIGH
36,0.908315,0.023791,0.116497,0.055681,0.305882,2,22,12,102.484876,HIGH
29,0.712393,0.02768,0.005,0.002,0.312345,1,24,4,74.902726,HIGH
49,0.405326,0.005099,0.244988,0.217028,0.239769,2,23,24,131.999176,HIGH
56,0.295612,0.00564,0.145256,0.097474,0.202125,23,16,17,107.484862,HIGH
4,0.031825,0.001,0.484889,0.278584,0.366257,0,0,4,3.976949,LOW
31,0.389515,0.01291,0.298239,0.221494,0.162667,12,7,12,113.560467,HIGH
13,0.410709,0.028418,0.143602,0.072948,0.084961,7,3,3,28.713883,HIGH
3,0.267955,0.092196,0.623346,0.46605,0.164714,0,3,0,8.798247,MEDIUM
1,0.015507,0.024929,0.536378,0.382079,0.414592,0,1,0,0.926858,LOW
17,0.578388,0.036768,0.245324,0.169218,0.144398,1,4,12,65.390001,HIGH
6,0.218109,0.031937,0.671766,0.535635,0.143371,5,1,0,12.288385,MEDIUM
5,0.08,0.022035,0.460728,0.399124,0.23565,0,3,2,12.224287,MEDIUM
40,0.539037,0.014678,0.033748,0.002,0.276029,0,34,6,61.915781,HIGH
6,0.130849,0.02345,0.518391,0.406261,0.12874,2,1,3,12.557838,MEDIUM
25,0.57125,0.021739,0.08171,0.056775,0.312592,5,18,2,79.619216,HIGH
3,0.021071,0.015416,0.796596,0.714738,0.362353,3,0,0,1.415114,LOW
10,0.08,0.007955,0.48035,0.328688,0.246987,3,7,0,18.574488,MEDIUM
9,0.08,0.010122,0.200341,0.021251,0.311058,6,0,3,17.169256,MEDIUM
12,0.739748,0.061321,0.057342,0.033069,0.159251,9,1,2,42.145363,HIGH
19,0.424723,0.025764,0.03817,0.003345,0.37498,0,12,7,32.741619,HIGH
0,0.0,0.0,1.0,1.0,0.0,0,0,0,0.0,LOW
1,0.029877,0.027023,0.803276,0.555991,0.571681,1,0,0,1.394861,LOW
9,0.138079,0.015837,0.348093,0.214513,0.339393,0,6,3,23.234682,MEDIUM
10,0.117244,0.010759,0.197971,0.070435,0.354681,4,5,1,25.0,MEDIUM
6,0.13171,0.02081,0.557647,0.392426,0.295291,1,1,4,12.511341,MEDIUM
104,0.414574,0.002,0.201571,0.129722,0.062709,26,59,19,165.438467,HIGH
17,0.75396,0.046025,0.187632,0.100616,0.200662,1,1,15,56.660433,HIGH
55,0.525225,0.009484,0.156484,0.060071,0.059523,15,17,23,194.474755,HIGH
4,0.007461,0.010808,0.288429,0.236451,0.457846,0,2,2,3.108952,LOW
2,0.018144,0.001,0.766651,0.579696,0.003083,1,1,0,2.970505,LOW
12,0.261147,0.021449,0.266052,0.148931,0.319771,0,1,11,25.0,MEDIUM
23,0.304105,0.0197,0.005,0.002,0.231555,5,8,10,50.050568,HIGH
9,0.237574,0.026811,0.186662,0.027468,0.351744,0,6,3,18.892811,MEDIUM
1,0.009,0.003691,0.556465,0.461213,0.367631,0,0,1,0.914125,LOW
3,0.028747,0.009676,1.0,0.83946,0.256869,1,2,0,1.64807,LOW
0,0.0,0.0,1.0,1.0,0.0,0,0,0,0.0,LOW
0,0.0,0.0,1.0,1.0,0.0,0,0,0,0.0,LOW
59,0.757823,0.009382,0.202627,0.109421,0.055019,40,5,14,173.032204,HIGH
0,0.0,0.0,1.0,1.0,0.0,0,0,0,0.0,LOW
14,0.720981,0.045246,0.154291,0.088459,0.372804,2,2,10,36.169009,HIGH
4,0.171215,0.041871,0.662297,0.581858,0.260983,0,2,2,5.534054,MEDIUM
32,0.817473,0.023224,0.229817,0.219965,0.190542,9,1,22,96.893529,HIGH
54,0.647542,0.010617,0.267099,0.236369,0.291039,35,10,9,115.241615,HIGH
8,0.08,0.023716,0.268541,0.157426,0.367717,1,2,5,15.08413,MEDIUM
0,0.0,0.0,1.0,1.0,0.0,0,0,0,0.0,LOW
29,0.668972,0.026235,0.185127,0.122857,0.162327,6,21,2,65.303681,HIGH
4,0.310622,0.079171,0.188441,0.098841,0.254535,1,0,3,10.331834,MEDIUM
148,0.338105,0.004057,0.197819,0.118824,0.074917,71,44,33,319.759804,HIGH
44,0.617607,0.016878,0.104077,0.087215,0.124089,29,7,8,73.390009,HIGH
4,0.224104,0.062744,0.211891,0.097995,0.278172,2,1,1,5.394787,MEDIUM
2,0.030475,0.026461,0.335531,0.199513,0.042579,0,1,1,1.201353,LOW
59,0.694311,0.010534,0.117451,0.106454,0.283235,12,31,16,122.468034,HIGH
2,0.023944,0.004817,0.897509,0.802671,0.350174,2,0,0,1.655575,LOW
0,0.0,0.0,1.0,1.0,0.0,0,0,0,0.0,LOW
2,0.024341,0.006561,0.825667,0.588608,0.409286,2,0,0,1.589832,LOW
3,0.052819,0.012513,0.811411,0.610031,0.110442,0,1,2,1.015314,LOW
50,0.650962,0.013067,0.243324,0.196417,0.03518,28,20,2,172.923969,HIGH
11,0.14863,0.015969,0.453883,0.402934,0.271665,0,7,4,16.928913,MEDIUM
0,0.0,0.0,1.0,1.0,0.0,0,0,0,0.0,LOW
9,0.155435,0.021363,0.621617,0.545096,0.075318,9,0,0,17.540251,MEDIUM
6,0.355917,0.057984,0.540381,0.386177,0.111895,2,4,0,10.629277,MEDIUM
18,0.66949,0.039821,0.149999,0.105564,0.213966,6,8,4,31.573722,HIGH
4,0.021061,0.001828,0.864102,0.764354,0.205568,0,3,1,5.0,LOW
29,0.51178,0.015014,0.026292,0.002,0.170966,2,20,7,51.889579,HIGH
6,0.236767,0.033989,0.263416,0.147035,0.205957,2,3,1,14.057016,MEDIUM
4,0.012673,0.005106,0.97981,0.916039,0.114017,0,0,4,2.973157,LOW
7,0.33885,0.052516,0.396824,0.20511,0.347018,5,2,0,17.274023,MEDIUM
1,0.024248,0.021139,1.0,0.867749,0.284586,0,0,1,1.11382,LOW
9,0.281292,0.029523,0.467925,0.331938,0.457114,1,5,3,10.155643,MEDIUM
9,0.17783,0.019955,0.48492,0.315866,0.407586,6,3,0,25.0,MEDIUM
40,0.706446,0.01714,0.228532,0.188169,0.235348,13,15,12,93.607452,HIGH
34,0.52675,0.014734,0.103797,0.033968,0.159469,3,14,17,84.270638,HIGH
2,0.053389,0.024599,0.569815,0.339164,0.128729,0,1,1,2.69668,LOW
3,0.01331,0.016981,0.433269,0.199158,0.4702,1,1,1,3.175798,LOW
10,0.374202,0.037633,0.284708,0.228968,0.051543,3,5,2,36.013182,HIGH
2,0.017036,0.008292,0.60893,0.424971,0.459598,0,0,2,2.30794,LOW
107,0.630953,0.004111,0.14647,0.094144,0.184754,18,68,21,349.768844,HIGH
12,0.08,0.005,0.489383,0.333948,0.34028,12,0,0,25.0,MEDIUM
4,0.160809,0.03406,0.513157,0.433959,0.320373,0,4,0,9.614073,MEDIUM
35,0.601551,0.017391,0.162907,0.145299,0.349553,14,16,5,69.068319,HIGH
8,0.08,0.007988,0.16498,0.02,0.106728,0,4,4,8.836799,MEDIUM
4,0.048575,0.020351,0.665246,0.589769,0.195316,0,4,0,4.313704,LOW
5,0.147383,0.029342,0.370229,0.211295,0.16603,0,5,0,5.022025,MEDIUM
51,0.574431,0.009687,0.173091,0.08909,0.357638,38,9,4,88.749903,HIGH
3,0.024037,0.001,1.0,0.797749,0.255311,1,2,0,2.727549,LOW
11,0.08,0.008707,0.231562,0.051107,0.271891,7,2,2,11.735191,MEDIUM
53,0.481655,0.008113,0.29208,0.22969,0.382068,14,11,28,208.854489,HIGH
0,0.0,0.0,1.0,1.0,0.0,0,0,0,0.0,LOW
2,0.046279,0.020239,0.636077,0.514124,0.387849,1,1,0,2.609673,LOW
5,0.177813,0.040241,0.257481,0.124724,0.234502,1,1,3,6.358829,MEDIUM
21,0.575259,0.02429,0.175003,0.146869,0.240064,2,1,18,42.934147,HIGH
45,0.550764,0.015617,0.111083,0.10289,0.125301,20,19,6,87.195738,HIGH
81,0.586491,0.006649,0.051941,0.002,0.115212,37,15,29,148.183201,HIGH
11,0.239089,0.021785,0.463953,0.334416,0.089259,3,0,8,18.853743,MEDIUM
0,0.0,0.0,1.0,1.0,0.0,0,0,0,0.0,LOW
19,0.752755,0.042654,0.257423,0.221231,0.160349,1,18,0,43.515865,HIGH
55,0.609471,0.013204,0.144708,0.090329,0.070894,3,52,0,204.132374,HIGH
11,0.08,0.006866,0.05,0.02,0.163627,0,0,11,25.0,MEDIUM
24,0.489596,0.020207,0.167383,0.139509,0.334247,4,0,20,39.118282,HIGH
9,0.08,0.005658,0.59486,0.425009,0.295595,5,3,1,12.022527,MEDIUM
46,0.551766,0.016128,0.253255,0.243463,0.384548,25,6,15,168.042925,HIGH
49,0.319375,0.008445,0.197352,0.125655,0.19358,4,6,39,104.238352,HIGH
1,0.027946,0.050029,0.82597,0.738594,0.250914,0,1,0,1.108469,LOW
8,0.146398,0.012012,0.065654,0.02,0.05,3,5,0,13.379589,MEDIUM
10,0.17355,0.018468,0.391802,0.263718,0.364694,6,3,1,25.0,MEDIUM
50,0.71582,0.01709,0.177331,0.1606,0.077688,6,26,18,99.113901,HIGH
16,0.292332,0.015953,0.218303,0.124623,0.304446,4,12,0,38.344227,HIGH
2,0.053936,0.014858,1.0,0.847633,0.298522,1,0,1,1.160613,LOW
3,0.215007,0.075208,0.546432,0.464834,0.364052,1,0,2,6.536325,MEDIUM
40,0.49927,0.011872,0.236613,0.20322,0.201847,19,6,15,78.388014,HIGH
47,0.45272,0.010822,0.25849,0.248138,0.230923,9,22,16,88.73734,HIGH
12,0.188973,0.010678,0.179709,0.023576,0.207759,6,0,6,25.0,MEDIUM
24,0.848093,0.03391,0.188685,0.159769,0.193477,10,11,3,93.427597,HIGH
35,0.618905,0.016995,0.193436,0.176267,0.16829,4,25,6,118.587782,HIGH
1,0.001,0.001,0.70594,0.625932,0.347444,1,0,0,1.134658,LOW
1,0.001,0.00866,0.550054,0.381696,0.384968,1,0,0,0.546896,LOW
1,0.042907,0.027172,0.579086,0.430882,0.164408,0,0,1,1.001204,LOW
49,0.897202,0.013612,0.206053,0.195244,0.02,1,13,35,128.136591,HIGH
2,0.011232,0.014762,0.920618,0.782672,0.411747,1,1,0,0.705272,LOW
28,0.488329,0.023888,0.276347,0.207413,0.268233,8,3,17,72.792076,HIGH
10,0.225682,0.023636,0.7,0.648681,0.268499,4,2,4,23.96288,MEDIUM
4,0.036912,0.001,0.938947,0.861578,0.112236,1,2,1,1.410313,LOW
16,0.567533,0.040228,0.167295,0.121011,0.298743,10,0,6,26.411002,HIGH
8,0.289455,0.026447,0.219263,0.109342,0.092348,3,3,2,15.691028,MEDIUM
20,0.525974,0.025289,0.155478,0.057831,0.292422,5,15,0,44.701376,HIGH
4,0.139065,0.044462,0.338096,0.197022,0.163686,1,3,0,4.037027,MEDIUM
0,0.0,0.0,1.0,1.0,0.0,0,0,0,0.0,LOW
3,0.303117,0.1,0.42971,0.271648,0.368557,0,1,2,6.068982,MEDIUM
0,0.0,0.0,1.0,1.0,0.0,0,0,0,0.0,LOW
0,0.0,0.0,1.0,1.0,0.0,0,0,0,0.0,LOW
18,0.601636,0.031877,0.1933,0.138842,0.285887,1,17,0,43.051146,HIGH
6,0.15201,0.029649,0.20401,0.02,0.207883,5,0,1,12.909362,MEDIUM
11,0.17449,0.0143,0.263286,0.165589,0.412768,1,2,8,25.0,MEDIUM
3,0.032725,0.013425,0.472367,0.371957,0.424729,0,2,1,3.743868,LOW
17,0.825688,0.046563,0.075264,0.056948,0.247829,3,10,4,65.672463,HIGH
37,0.580733,0.016026,0.087395,0.020776,0.357302,8,14,15,114.060754,HIGH
48,0.53362,0.014466,0.193291,0.146585,0.331088,4,32,12,100.935078,HIGH
22,0.54749,0.024593,0.029225,0.002357,0.069917,3,8,11,80.849435,HIGH
7,0.096836,0.011652,0.433479,0.303901,0.143692,3,2,2,12.564089,MEDIUM
41,0.676005,0.017652,0.164583,0.136817,0.210111,3,14,24,143.508221,HIGH
10,0.175488,0.018942,0.247558,0.067487,0.350873,0,3,7,25.0,MEDIUM
4,0.048084,0.023509,0.969043,0.881291,0.064499,3,0,1,1.906068,LOW
11,0.344443,0.036617,0.147408,0.02,0.067189,3,6,2,25.0,MEDIUM
45,0.878072,0.022501,0.163753,0.127919,0.431694,0,16,29,97.205217,HIGH
8,0.284738,0.02819,0.05,0.02,0.294895,2,6,0,17.922529,MEDIUM
1,0.008588,0.001,0.697857,0.448861,0.158392,1,0,0,1.432411,LOW
9,0.284806,0.029696,0.249078,0.082932,0.213692,4,0,5,25.0,MEDIUM
0,0.0,0.0,1.0,1.0,0.0,0,0,0,0.0,LOW
4,0.024228,0.002267,0.61884,0.561107,0.129032,0,4,0,2.753484,LOW
18,0.881965,0.047972,0.10594,0.018131,0.212958,2,4,12,33.924713,HIGH
4,0.001,0.010377,0.739087,0.668995,0.315209,0,0,4,4.007971,LOW
0,0.0,0.0,1.0,1.0,0.0,0,0,0,0.0,LOW
7,0.432124,0.064909,0.099698,0.02,0.442059,7,0,0,8.677629,MEDIUM
2,0.009445,0.01897,0.747713,0.688834,0.327225,0,1,1,1.25898,LOW
47,0.579474,0.016111,0.207872,0.177789,0.078826,13,13,21,172.582228,HIGH
2,0.015687,0.013634,0.494194,0.319599,0.13875,1,0,1,0.802783,LOW
0,0.0,0.0,1.0,1.0,0.0,0,0,0,0.0,LOW
56,0.740817,0.010799,0.239343,0.180834,0.254999,3,28,25,122.24739,HIGH
3,0.025589,0.006996,0.445041,0.351288,0.275457,0,3,0,1.853974,LOW
5,0.358727,0.070041,0.05,0.02,0.070757,2,1,2,10.063489,MEDIUM
12,0.251767,0.024581,0.072099,0.02,0.215198,0,1,11,25.0,MEDIUM
1,0.021274,0.016355,0.679945,0.45499,0.342454,1,0,0,1.013138,LOW
20,0.346253,0.023799,0.005,0.002,0.088564,3,6,11,35.195284,HIGH
4,0.209478,0.046808,0.258779,0.08908,0.20429,1,1,2,9.691692,MEDIUM
3,0.021934,0.012383,0.493938,0.298117,0.201768,1,1,1,3.81034,LOW
2,0.038257,0.019997,1.0,0.932011,0.096419,0,0,2,2.969705,LOW
6,0.205027,0.031888,0.087754,0.02,0.204532,4,2,0,8.908823,MEDIUM
3,0.233987,0.072713,0.448418,0.264934,0.156671,0,3,0,5.351625,MEDIUM
11,0.129086,0.01394,0.7,0.550658,0.309912,2,6,3,25.0,MEDIUM
2,0.046087,0.017922,0.598773,0.49217,0.146193,0,2,0,1.009426,LOW
8,0.212723,0.017525,0.355057,0.269627,0.24527,0,0,8,23.196921,MEDIUM
11,0.359154,0.036435,0.193275,0.130009,0.303041,1,5,5,15.344282,MEDIUM
2,0.022231,0.02503,0.574302,0.499286,0.020806,0,1,1,0.744348,LOW
2,0.00922,0.001,0.93434,0.801228,0.017622,0,2,0,1.58726,LOW
28,0.593891,0.024436,0.119955,0.091774,0.0246,18,10,0,100.720589,HIGH
3,0.01055,0.019696,0.492133,0.392023,0.216497,1,0,2,1.411758,LOW
4,0.256765,0.059986,0.198764,0.075389,0.434189,0,0,4,11.728384,MEDIUM
34,0.641448,0.018823,0.01382,0.002,0.291682,9,7,18,72.669258,HIGH
45,0.507532,0.012683,0.285502,0.246512,0.424365,30,5,10,134.075285,HIGH
1,0.026445,0.024343,0.920468,0.745,0.379188,1,0,0,0.494432,LOW
12,0.157712,0.014433,0.356394,0.211561,0.233705,7,5,0,25.0,MEDIUM
4,0.005337,0.001,1.0,0.780587,0.534515,1,3,0,3.130102,LOW
90,0.543831,0.002,0.022557,0.002,0.256637,22,61,7,267.042539,HIGH
4,0.110234,0.014268,0.579782,0.3365,0.323992,1,2,1,5.0,LOW
13,0.457334,0.032421,0.273877,0.25076,0.272926,1,1,11,25.924397,HIGH
11,0.75896,0.068308,0.09478,0.007183,0.295244,5,6,0,27.005918,HIGH
84,0.656893,0.002,0.1254,0.057833,0.326195,8,25,51,193.524871,HIGH
12,0.272558,0.022534,0.473558,0.407581,0.270402,1,4,7,21.479564,MEDIUM
0,0.0,0.0,1.0,1.0,0.0,0,0,0,0.0,LOW
1,0.043652,0.057026,0.617475,0.459776,0.447867,1,0,0,1.215762,LOW
10,0.162056,0.018966,0.466869,0.301115,0.16488,2,7,1,20.59741,MEDIUM
17,0.648636,0.042997,0.025062,0.002,0.165872,2,12,3,44.9652,HIGH
1,0.004745,0.002548,0.973701,0.813563,0.409536,1,0,0,0.869358,LOW
7,0.218678,0.027022,0.254153,0.192981,0.200892,1,6,0,19.572171,MEDIUM
6,0.15902,0.025757,0.634446,0.528343,0.1495,1,1,4,9.104919,MEDIUM
1,0.001,0.00226,0.619031,0.510543,0.463349,0,1,0,0.918605,LOW
10,0.263687,0.018829,0.275058,0.193286,0.236578,3,0,7,24.156285,MEDIUM
24,0.545373,0.024201,0.201461,0.11565,0.187945,0,19,5,78.600586,HIGH
35,0.34313,0.013636,0.325979,0.261578,0.161015,1,10,24,86.876146,HIGH
5,0.113953,0.033194,0.459453,0.310361,0.218598,1,2,2,11.285351,MEDIUM
2,0.027983,0.03022,0.801998,0.598003,0.479832,0,2,0,1.39461,LOW
9,0.139921,0.005,0.322578,0.208087,0.248748,0,2,7,11.060764,MEDIUM
5,0.228567,0.050603,0.333257,0.156478,0.118531,0,1,4,6.589728,MEDIUM
0,0.0,0.0,1.0,1.0,0.0,0,0,0,0.0,LOW
0,0.0,0.0,1.0,1.0,0.0,0,0,0,0.0,LOW
32,0.456131,0.014797,0.094414,0.023559,0.02,4,4,24,62.681817,HIGH
1,0.020997,0.026014,0.926981,0.867407,0.184984,0,0,1,0.807743,LOW
2,0.003748,0.001,0.66967,0.560539,0.356131,1,1,0,1.571523,LOW
17,0.657413,0.042469,0.18044,0.120656,0.3551,3,2,12,60.470051,HIGH
12,0.08,0.005,0.630934,0.520445,0.15378,9,2,1,21.712717,MEDIUM
56,0.378413,0.00949,0.322985,0.24241,0.295125,3,9,44,100.521944,HIGH
2,0.031936,0.022875,0.851351,0.787393,0.079746,1,1,0,2.444991,LOW
11,0.142343,0.015606,0.467088,0.277223,0.166084,1,3,7,19.217168,MEDIUM
64,0.794987,0.015532,0.151151,0.069787,0.027636,21,27,16,247.729389,HIGH
6,0.260381,0.041433,0.392421,0.224587,0.124894,1,1,4,8.662185,MEDIUM
16,0.54186,0.036897,0.187158,0.158956,0.279775,1,4,11,28.515549,HIGH
58,0.271538,0.002,0.182238,0.147048,0.132252,50,3,5,205.94689,HIGH
5,0.326553,0.069005,0.482837,0.359425,0.218102,2,1,2,13.813236,MEDIUM
38,0.497978,0.014609,0.005,0.002,0.039237,7,17,14,63.50024,HIGH
8,0.08,0.015104,0.504617,0.308177,0.330846,5,1,2,22.338967,MEDIUM
3,0.009928,0.015333,0.673894,0.607704,0.310786,2,0,1,4.300671,LOW
1,0.051388,0.043228,0.464804,0.240317,0.209999,0,0,1,0.405509,LOW
5,0.449857,0.082663,0.277267,0.183577,0.385959,1,2,2,6.424703,MEDIUM
0,0.0,0.0,1.0,1.0,0.0,0,0,0,0.0,LOW
12,0.185424,0.012888,0.478037,0.381471,0.138868,0,6,6,13.267421,MEDIUM
16,0.470562,0.031387,0.198094,0.156759,0.075268,2,12,2,35.598705,HIGH
1,0.013254,0.017166,0.453746,0.328684,0.185539,1,0,0,1.438938,LOW
15,0.735968,0.05145,0.049411,0.002,0.074779,5,6,4,23.688997,HIGH
25,0.504997,0.023771,0.077792,0.067477,0.345308,3,20,2,37.665991,HIGH
4,0.001028,0.010951,0.864102,0.692315,0.264292,0,4,0,3.899516,LOW
10,0.196787,0.015347,0.456421,0.345452,0.387696,5,2,3,25.0,MEDIUM
52,0.539724,0.014677,0.130458,0.03166,0.116124,18,14,20,139.924507,HIGH
5,0.284843,0.059039,0.380832,0.182813,0.150362,2,0,3,6.164055,MEDIUM
13,0.852188,0.064762,0.105037,0.094925,0.107636,4,6,3,51.282396,HIGH
22,0.814602,0.034682,0.200298,0.110638,0.146709,5,14,3,66.4752,HIGH
49,0.794932,0.018785,0.224588,0.164084,0.32908,1,1,47,138.107643,HIGH
3,0.048986,0.009805,0.459634,0.310275,0.389949,0,3,0,4.311165,LOW
48,0.475861,0.008573,0.109394,0.038152,0.274858,13,24,11,155.178386,HIGH
7,0.391926,0.057507,0.439724,0.277295,0.44576,0,0,7,19.409163,MEDIUM
4,0.021476,0.006855,0.80541,0.579253,0.482433,0,3,1,3.155868,LOW
11,0.240123,0.017669,0.538422,0.398959,0.420767,5,3,3,19.572082,MEDIUM
6,0.366018,0.066164,0.478833,0.37016,0.063692,0,6,0,12.293514,MEDIUM
57,0.330266,0.011362,0.140993,0.079456,0.416653,30,26,1,168.7668,HIGH
0,0.0,0.0,1.0,1.0,0.0,0,0,0,0.0,LOW
2,0.001,0.001,0.94241,0.717611,0.428456,0,0,2,2.592692,LOW
25,0.539505,0.023214,0.261597,0.248896,0.138971,10,8,7,58.880895,HIGH
12,0.664303,0.05587,0.155267,0.141407,0.168973,0,4,8,31.546126,HIGH
1,0.018992,0.020742,0.860138,0.66421,0.156355,0,0,1,1.435081,LOW
3,0.264071,0.091001,0.289114,0.155876,0.393211,0,0,3,9.003591,MEDIUM
3,0.001,0.025754,0.376491,0.250992,0.295392,1,0,2,3.812942,LOW
22,0.583101,0.028425,0.206575,0.147087,0.353527,1,3,18,78.988388,HIGH
0,0.0,0.0,1.0,1.0,0.0,0,0,0,0.0,LOW
0,0.0,0.0,1.0,1.0,0.0,0,0,0,0.0,LOW
1,0.051631,0.052707,0.665298,0.5289,0.147907,0,0,1,1.375407,LOW
6,0.110107,0.024012,0.484469,0.286196,0.289233,0,4,2,8.609262,MEDIUM
3,0.022934,0.023179,0.536673,0.474479,0.241934,1,2,0,1.625115,LOW
4,0.001,0.001498,1.0,0.864607,0.289015,0,1,3,1.227263,LOW
39,0.749936,0.022037,0.071091,0.031493,0.196368,0,21,18,122.174767,HIGH
11,0.08,0.007366,0.535976,0.396421,0.292804,1,2,8,20.735632,MEDIUM
2,0.016269,0.016126,0.854617,0.690721,0.387186,0,2,0,2.515802,LOW
4,0.224921,0.054189,0.477404,0.340092,0.153667,2,1,1,6.896025,MEDIUM
41,0.331389,0.009291,0.211549,0.121885,0.295225,2,14,25,159.807554,HIGH
63,0.5018,0.009282,0.318506,0.220916,0.131837,17,33,13,134.305902,HIGH
2,0.023064,0.004172,0.807793,0.691179,0.222017,0,0,2,2.673664,LOW
57,0.326606,0.010098,0.052802,0.002,0.148515,50,3,4,114.383381,HIGH
2,0.008156,0.001,0.928809,0.720541,0.193459,2,0,0,0.714322,LOW
2,0.052839,0.032713,0.809288,0.562093,0.376941,0,1,1,1.60199,LOW
50,0.587659,0.013633,0.046333,0.002,0.275166,7,21,22,123.163435,HIGH
22,0.888465,0.04435,0.146758,0.116284,0.083268,0,2,20,62.254387,HIGH
20,0.508303,0.02583,0.122381,0.053538,0.150101,6,11,3,31.215006,HIGH
8,0.283474,0.03096,0.571535,0.38141,0.337761,0,1,7,9.362684,MEDIUM
49,0.824,0.010205,0.071443,0.010127,0.246582,1,9,39,159.558964,HIGH
32,0.730472,0.023568,0.155839,0.102487,0.181541,6,16,10,87.597952,HIGH
28,0.362909,0.013254,0.140076,0.132406,0.346582,13,1,14,71.391484,HIGH
6,0.170194,0.027337,0.253869,0.193965,0.432825,0,0,6,17.481083,MEDIUM
0,0.0,0.0,1.0,1.0,0.0,0,0,0,0.0,LOW
12,0.319519,0.026471,0.197661,0.111822,0.403018,5,1,6,31.703502,HIGH
0,0.0,0.0,1.0,1.0,0.0,0,0,0,0.0,LOW
27,0.483797,0.019912,0.021525,0.002,0.149533,18,4,5,52.11796,HIGH
25,0.257543,0.012162,0.297079,0.282648,0.108978,1,10,14,39.331003,HIGH
11,0.178185,0.017627,0.361428,0.173664,0.171689,4,3,4,23.274796,MEDIUM
8,0.159462,0.020723,0.05,0.02,0.25748,0,8,0,20.211551,MEDIUM
47,0.578511,0.015476,0.240317,0.193125,0.153394,26,15,6,122.71557,HIGH
4,0.164882,0.043335,0.365918,0.204878,0.243777,4,0,0,7.507686,MEDIUM
46,0.537703,0.016032,0.197158,0.150296,0.31506,7,32,7,142.508654,HIGH
4,0.122654,0.028835,0.398939,0.29371,0.133936,2,1,1,4.229239,MEDIUM
2,0.001,0.001,0.958824,0.806591,0.106374,0,2,0,2.655263,LOW
0,0.0,0.0,1.0,1.0,0.0,0,0,0,0.0,LOW
64,0.488284,0.002622,0.027616,0.002,0.029611,5,50,9,111.308787,HIGH
12,0.28936,0.025577,0.359166,0.237786,0.495627,0,11,1,25.0,MEDIUM
9,0.186108,0.029925,0.52019,0.439618,0.382252,3,3,3,22.951032,MEDIUM
9,0.203483,0.021168,0.447796,0.371091,0.175156,0,2,7,12.466855,MEDIUM
7,0.161323,0.0259,0.59058,0.400381,0.470723,2,1,4,13.062672,MEDIUM
0,0.0,0.0,1.0,1.0,0.0,0,0,0,0.0,LOW
15,0.723212,0.050389,0.005,0.002,0.164871,5,3,7,53.886065,HIGH
52,0.478386,0.010498,0.20254,0.152039,0.292275,16,18,18,145.897694,HIGH
10,0.331317,0.036239,0.556734,0.45906,0.142367,2,1,7,13.20066,MEDIUM
13,0.261085,0.019455,0.162169,0.076447,0.20509,1,10,2,20.548418,HIGH
31,0.502923,0.015133,0.132313,0.088354,0.29342,12,5,14,62.348891,HIGH
40,0.698066,0.019373,0.186591,0.156279,0.189898,6,7,27,108.537225,HIGH
14,0.802192,0.05853,0.240969,0.230708,0.120151,7,1,6,31.989308,HIGH
4,0.006421,0.005525,0.585745,0.534205,0.542759,2,0,2,1.974019,LOW
1,0.083292,0.08261,0.680193,0.533093,0.205934,1,0,0,1.196896,LOW
9,0.302052,0.029543,0.37426,0.21463,0.252956,1,7,1,16.780278,MEDIUM
19,0.827472,0.044544,0.023299,0.002,0.194823,3,9,7,56.561736,HIGH
5,0.194941,0.041553,0.408753,0.329857,0.285463,0,3,2,14.102628,MEDIUM
26,0.444727,0.013885,0.04021,0.002,0.292608,9,16,1,66.976696,HIGH
2,0.009527,0.003027,0.514887,0.464684,0.221299,1,1,0,0.710344,LOW
15,0.507034,0.03298,0.232205,0.213267,0.359019,11,3,1,24.395081,HIGH
11,0.141319,0.013108,0.558628,0.435804,0.292971,2,5,4,24.245308,MEDIUM
4,0.115397,0.036394,0.05,0.02,0.462299,1,1,2,4.623664,MEDIUM
3,0.028109,0.001,0.271515,0.135726,0.096741,0,0,3,4.34088,LOW
6,0.172236,0.029342,0.194891,0.02,0.423063,0,5,1,15.767031,MEDIUM
23,0.839369,0.037218,0.162973,0.111505,0.27534,1,11,11,39.453854,HIGH
2,0.018424,0.00468,0.833757,0.782684,0.104814,1,0,1,1.437804,LOW
3,0.192026,0.066467,0.288982,0.134285,0.367358,2,1,0,8.104033,MEDIUM
47,0.664328,0.013803,0.067445,0.002,0.10352,0,37,10,148.039603,HIGH
10,0.206399,0.016243,0.7,0.640084,0.380336,1,5,4,17.663772,MEDIUM
38,0.505265,0.012343,0.08903,0.035869,0.085955,10,13,15,64.391006,HIGH
2,0.043628,0.028657,0.88022,0.738144,0.344548,0,1,1,2.496392,LOW
45,0.667378,0.012867,0.167296,0.162265,0.101077,0,26,19,162.647788,HIGH
3,0.001,0.015864,0.646339,0.59444,0.298398,0,0,3,3.28201,LOW
4,0.017673,0.008717,0.882409,0.813715,0.226098,0,2,2,5.0,LOW
16,0.674342,0.039834,0.120197,0.041087,0.11597,8,6,2,32.48029,HIGH
4,0.057858,0.035579,0.948129,0.888265,0.283468,0,0,4,5.0,LOW
52,0.548682,0.012901,0.064643,0.002,0.169626,32,3,17,149.894316,HIGH
27,0.631272,0.021327,0.179198,0.114795,0.355802,2,17,8,81.996229,HIGH
10,0.364092,0.038659,0.352355,0.25011,0.169898,2,8,0,25.0,MEDIUM
4,0.123588,0.038104,0.491536,0.416228,0.374189,0,2,2,8.013296,MEDIUM
3,0.081904,0.017202,0.17392,0.084757,0.3292,1,1,1,9.089507,MEDIUM
4,0.012478,0.011161,0.720221,0.547746,0.047871,1,1,2,4.264549,LOW
2,0.091844,0.044467,0.361477,0.16934,0.4613,1,1,0,2.843471,LOW
21,0.618104,0.029572,0.134539,0.07227,0.161478,12,5,4,58.630242,HIGH
6,0.251917,0.046882,0.412819,0.244368,0.453889,3,3,0,11.900064,MEDIUM
0,0.0,0.0,1.0,1.0,0.0,0,0,0,0.0,LOW
2,0.028087,0.032014,0.802742,0.587445,0.156327,0,1,1,0.541306,LOW
2,0.03343,0.017086,0.71619,0.538634,0.294929,0,0,2,0.604105,LOW
4,0.01158,0.001,0.693393,0.48724,0.139732,0,2,2,4.20046,LOW
0,0.0,0.0,1.0,1.0,0.0,0,0,0,0.0,LOW
2,0.007461,0.020953,0.673801,0.439678,0.400808,2,0,0,2.146589,LOW
2,0.01948,0.021827,0.814672,0.673488,0.455024,0,2,0,1.736046,LOW
20,0.493336,0.022171,0.162903,0.12759,0.02,1,3,16,37.731711,HIGH
12,0.231137,0.029018,0.537051,0.459329,0.185595,1,4,7,25.0,MEDIUM
4,0.11675,0.027333,0.23641,0.118033,0.291811,0,4,0,5.712297,MEDIUM
28,0.782136,0.024934,0.148475,0.074468,0.198223,4,18,6,48.803087,HIGH
4,0.001,0.001,1.0,0.756498,0.215362,3,0,1,3.475867,LOW
5,0.157704,0.039688,0.388909,0.256938,0.260802,0,4,1,6.914498,MEDIUM
3,0.08,0.025201,0.605515,0.469049,0.278654,3,0,0,8.484997,MEDIUM
9,0.379147,0.042371,0.246386,0.094931,0.472172,0,3,6,24.309858,MEDIUM
37,0.563682,0.016986,0.13804,0.091714,0.240666,18,9,10,128.983836,HIGH
1,0.001,0.00817,0.484617,0.415939,0.229215,1,0,0,1.325992,LOW
12,0.315149,0.026189,0.217103,0.141298,0.308017,4,6,2,22.368819,MEDIUM
12,0.171193,0.015788,0.518079,0.337111,0.349935,2,8,2,25.0,MEDIUM
12,0.439947,0.035825,0.367033,0.284789,0.466982,2,5,5,25.0,MEDIUM
1,0.001,0.01233,0.846138,0.649276,0.539063,0,0,1,0.884618,LOW
1,0.037302,0.038438,0.716542,0.561815,0.387553,0,1,0,0.477935,LOW
3,0.015194,0.001,0.747592,0.503857,0.13648,0,3,0,1.916749,LOW
8,0.291945,0.03721,0.534789,0.451324,0.343633,0,1,7,10.371654,MEDIUM
7,0.086946,0.007072,0.340117,0.195368,0.082019,4,0,3,13.119492,MEDIUM
3,0.249212,0.086601,0.37739,0.273466,0.198805,1,0,2,7.980289,MEDIUM
32,0.380569,0.010432,0.242276,0.191595,0.093252,18,13,1,99.405228,HIGH
6,0.135994,0.021448,0.183968,0.02,0.372033,2,2,2,13.097242,MEDIUM
146,0.697314,0.00712,0.224391,0.199211,0.02,2,51,93,400.0,HIGH
42,0.3908,0.009091,0.333031,0.289753,0.323741,21,12,9,99.596851,HIGH
13,0.634143,0.050755,0.146903,0.115536,0.406078,1,5,7,39.8607,HIGH
4,0.020225,0.005295,1.0,0.876173,0.224787,0,4,0,4.613894,LOW
23,0.747987,0.027283,0.032694,0.002,0.121131,3,7,13,68.169275,HIGH
7,0.245368,0.034848,0.46378,0.303975,0.374212,2,5,0,17.831295,MEDIUM
6,0.162152,0.026574,0.530359,0.414464,0.213247,0,0,6,15.15944,MEDIUM
102,0.814876,0.012545,0.032623,0.002,0.428725,52,0,50,207.288682,HIGH
2,0.01262,0.007313,0.285741,0.149769,0.311717,0,0,2,2.017649,LOW
4,0.288768,0.06486,0.464297,0.340011,0.470487,3,1,0,4.758001,MEDIUM
0,0.0,0.0,1.0,1.0,0.0,0,0,0,0.0,LOW
2,0.032952,0.033083,0.742831,0.559661,0.531329,0,1,1,2.195305,LOW
13,0.628543,0.049123,0.11677,0.035484,0.20278,7,1,5,45.245376,HIGH
11,0.420837,0.037843,0.191512,0.111169,0.222361,10,0,1,42.955451,HIGH
9,0.233843,0.02798,0.428663,0.329914,0.275047,1,7,1,11.457179,MEDIUM
6,0.172926,0.025224,0.480627,0.2992,0.206525,2,0,4,16.982007,MEDIUM
0,0.0,0.0,1.0,1.0,0.0,0,0,0,0.0,LOW
72,0.66701,0.009542,0.118415,0.111918,0.106159,40,7,25,265.00199,HIGH
5,0.08,0.021302,0.539267,0.365665,0.137847,1,4,0,8.726206,MEDIUM
4,0.034286,0.001,0.742276,0.504138,0.118501,2,2,0,5.0,LOW
11,0.212639,0.020109,0.234879,0.0369,0.193134,1,1,9,13.830518,MEDIUM
4,0.001,0.001,1.0,0.869123,0.232584,0,2,2,4.909789,LOW
3,0.001,0.009579,0.625915,0.509461,0.428822,1,1,1,4.40499,LOW
4,0.183934,0.047276,0.446559,0.289401,0.201116,1,2,1,9.457287,MEDIUM
36,0.600559,0.018771,0.054242,0.006724,0.319518,7,5,24,83.22611,HIGH
9,0.266636,0.031887,0.307402,0.206154,0.273478,1,7,1,16.013881,MEDIUM
8,0.114815,0.006936,0.200066,0.052986,0.176869,0,2,6,11.473703,MEDIUM
5,0.08,0.006785,0.609447,0.498133,0.101084,0,3,2,6.458885,MEDIUM
6,0.271303,0.045581,0.292256,0.096653,0.379078,0,5,1,11.058185,MEDIUM
10,0.146598,0.014604,0.456525,0.401523,0.082753,3,4,3,10.72939,MEDIUM
34,0.417713,0.013184,0.062183,0.044458,0.049245,9,16,9,108.602075,HIGH
21,0.511699,0.020542,0.35,0.334667,0.211646,12,2,7,61.022822,HIGH
2,0.011001,0.002905,0.153738,0.055229,0.298583,0,2,0,2.378497,LOW
12,0.086879,0.013739,0.534931,0.384812,0.15976,0,9,3,25.0,MEDIUM
1,0.052314,0.053394,0.281712,0.099688,0.435837,0,0,1,1.363002,LOW
13,0.645648,0.047141,0.297515,0.244261,0.232888,4,4,5,40.686677,HIGH
5,0.086294,0.025407,0.352876,0.214895,0.395238,0,3,2,8.145741,MEDIUM
73,0.813927,0.009916,0.014804,0.002,0.472199,14,23,36,113.386397,HIGH
3,0.258818,0.089242,0.198528,0.069722,0.347945,0,1,2,5.412449,MEDIUM
3,0.056803,0.001949,0.725464,0.6096,0.075965,1,0,2,4.068159,LOW
4,0.451822,0.1,0.264474,0.096658,0.365621,0,0,4,6.458929,MEDIUM
1,0.012782,0.027563,0.611852,0.424706,0.07894,0,1,0,0.761807,LOW
46,0.714772,0.018267,0.021719,0.002,0.265547,4,40,2,182.004695,HIGH
4,0.400968,0.096146,0.381707,0.307789,0.487291,0,1,3,7.106245,MEDIUM
12,0.085491,0.007888,0.271423,0.142449,0.217143,10,0,2,25.0,MEDIUM
0,0.0,0.0,1.0,1.0,0.0,0,0,0,0.0,LOW
3,0.071112,0.011737,0.863837,0.795595,0.303906,0,1,2,3.082255,LOW
4,0.173506,0.044004,0.296684,0.241172,0.419648,1,0,3,9.089695,MEDIUM
1,0.063035,0.062564,0.564811,0.342009,0.188793,0,0,1,0.590582,LOW
6,0.132433,0.033399,0.327449,0.210759,0.451804,2,0,4,10.017969,MEDIUM
10,0.093179,0.008427,0.423943,0.292155,0.219316,1,7,2,25.0,MEDIUM
58,0.470196,0.006612,0.220002,0.178179,0.087584,24,31,3,174.967879,HIGH
20,0.611633,0.025857,0.154839,0.124743,0.081662,6,0,14,49.880839,HIGH
10,0.345384,0.026975,0.376278,0.246323,0.207991,5,4,1,25.0,MEDIUM
2,0.012876,0.021665,0.651299,0.474764,0.463932,0,2,0,2.44321,LOW
3,0.015604,0.013945,1.0,0.796645,0.175149,1,2,0,1.255203,LOW
3,0.015483,0.001,0.388837,0.159674,0.223712,0,3,0,1.080444,LOW
1,0.032492,0.034105,0.283534,0.121978,0.238232,0,1,0,1.023014,LOW
4,0.273487,0.067237,0.364849,0.263359,0.157943,1,1,2,9.799348,MEDIUM
0,0.0,0.0,1.0,1.0,0.0,0,0,0,0.0,LOW
4,0.015694,0.001,0.89024,0.677688,0.321641,1,3,0,3.815137,LOW
4,0.018188,0.001,0.987737,0.821813,0.009733,4,0,0,3.9883,LOW
5,0.1994,0.047621,0.13239,0.02,0.294004,0,1,4,10.313134,MEDIUM
2,0.001,0.005895,0.66925,0.54602,0.487203,0,2,0,2.512704,LOW
0,0.0,0.0,1.0,1.0,0.0,0,0,0,0.0,LOW
9,0.160867,0.017688,0.7,0.595192,0.186742,1,2,6,24.72191,MEDIUM
0,0.0,0.0,1.0,1.0,0.0,0,0,0,0.0,LOW
25,0.52387,0.021021,0.116546,0.09612,0.363939,9,7,9,41.633988,HIGH
11,0.141286,0.005,0.396363,0.322002,0.367354,4,4,3,25.0,MEDIUM
10,0.443507,0.048185,0.087946,0.002,0.369525,0,8,2,37.663824,HIGH
7,0.107694,0.014794,0.57452,0.411417,0.256921,0,0,7,15.750681,MEDIUM
1,0.074617,0.097842,0.622107,0.418565,0.474859,0,0,1,0.819755,LOW
25,0.408941,0.014277,0.216837,0.187667,0.262765,7,10,8,89.284048,HIGH
5,0.278408,0.059001,0.469037,0.28502,0.343695,0,5,0,9.913607,MEDIUM
59,0.606655,0.008964,0.099182,0.045478,0.376166,7,46,6,198.526984,HIGH
10,0.127483,0.016483,0.342257,0.220167,0.473959,1,5,4,25.0,MEDIUM
9,0.153768,0.017185,0.507537,0.337953,0.193965,2,3,4,25.0,MEDIUM
32,0.540367,0.012451,0.119761,0.065234,0.293946,23,5,4,120.088075,HIGH
2,0.018999,0.006293,0.688429,0.625629,0.134582,2,0,0,0.862983,LOW
56,0.649839,0.012034,0.009664,0.002,0.142539,1,19,36,191.762136,HIGH
35,0.692456,0.017352,0.244556,0.205595,0.310335,11,16,8,120.203901,HIGH
32,0.306906,0.004534,0.050933,0.002,0.235161,4,9,19,75.521966,HIGH
3,0.372897,0.1,0.460232,0.335304,0.415718,0,1,2,8.932592,MEDIUM
19,0.813537,0.047948,0.06162,0.002,0.395926,0,11,8,53.304353,HIGH
0,0.0,0.0,1.0,1.0,0.0,0,0,0,0.0,LOW
7,0.388826,0.055604,0.142966,0.048911,0.14886,4,3,0,15.125517,MEDIUM
58,0.666552,0.013643,0.167578,0.075672,0.12221,2,28,28,174.194938,HIGH
16,0.7016,0.044606,0.085075,0.007539,0.050109,8,6,2,36.120655,HIGH
11,0.277126,0.02294,0.468958,0.291997,0.325818,2,1,8,20.495837,MEDIUM
44,0.68589,0.018148,0.039381,0.002,0.189567,10,20,14,117.236895,HIGH
9,0.282726,0.031278,0.643043,0.544499,0.388707,1,3,5,9.282615,MEDIUM
2,0.012609,0.013758,0.508489,0.349845,0.171042,0,2,0,2.826794,LOW
9,0.182508,0.015994,0.2327,0.076818,0.399665,5,1,3,9.396267,MEDIUM
12,0.152251,0.006858,0.39743,0.313372,0.302869,6,4,2,15.223508,MEDIUM
6,0.416524,0.067522,0.402484,0.30883,0.117633,3,2,1,8.897745,MEDIUM
7,0.273524,0.046199,0.537601,0.381875,0.340514,3,0,4,7.307896,MEDIUM
4,0.052854,0.001,0.918712,0.688856,0.31571,1,2,1,1.88306,LOW
4,0.012171,0.00157,1.0,0.945166,0.225029,1,1,2,3.715652,LOW
1,0.039219,0.051648,0.740369,0.541877,0.208418,0,0,1,1.440799,LOW
12,0.207315,0.016607,0.10823,0.044619,0.339303,8,3,1,25.0,MEDIUM
52,0.565474,0.01295,0.196303,0.172932,0.336915,0,36,16,192.923956,HIGH
4,0.171692,0.038885,0.05,0.02,0.125912,0,4,0,5.042082,MEDIUM
5,0.170097,0.034087,0.60933,0.419437,0.307994,5,0,0,14.080952,MEDIUM
53,0.438656,0.010955,0.18225,0.097615,0.16663,29,18,6,92.782135,HIGH
31,0.65494,0.022588,0.265563,0.23081,0.391605,3,16,12,69.405257,HIGH
41,0.618256,0.019336,0.215084,0.193308,0.198751,23,16,2,68.785835,HIGH
9,0.44791,0.051892,0.363199,0.173958,0.32656,1,5,3,24.532217,MEDIUM
4,0.030242,0.005302,1.0,0.907236,0.393209,2,2,0,5.0,LOW
5,0.333028,0.0647,0.312778,0.224349,0.47684,1,4,0,6.072938,MEDIUM
4,0.03631,0.001,0.850065,0.786644,0.266848,2,0,2,2.642116,LOW
53,0.468499,0.003879,0.097433,0.02289,0.41906,4,19,30,91.398679,HIGH
8,0.202257,0.030961,0.468528,0.377274,0.445132,7,1,0,11.254069,MEDIUM
3,0.033741,0.001,0.948894,0.891221,0.316966,0,2,1,2.792776,LOW
27,0.759591,0.028818,0.059125,0.043909,0.047375,2,18,7,96.106835,HIGH
2,0.025668,0.016653,0.597156,0.484776,0.1255,0,2,0,2.197019,LOW
6,0.28093,0.030517,0.461717,0.382282,0.152128,6,0,0,9.386305,MEDIUM
9,0.168506,0.011101,0.286165,0.124044,0.424587,3,1,5,18.756833,MEDIUM
10,0.34954,0.0338,0.088076,0.02,0.236369,1,2,7,25.0,MEDIUM
29,0.44277,0.014249,0.155287,0.06259,0.187381,5,16,8,79.698843,HIGH
0,0.0,0.0,1.0,1.0,0.0,0,0,0,0.0,LOW
10,0.1947,0.023685,0.33416,0.192345,0.12968,3,3,4,11.988485,MEDIUM
2,0.023824,0.001,0.826422,0.640935,0.490038,2,0,0,1.420333,LOW
11,0.172296,0.013203,0.58751,0.440673,0.253848,7,1,3,25.0,MEDIUM
35,0.272407,0.002,0.206838,0.194821,0.268513,27,6,2,113.409471,HIGH
11,0.080571,0.006888,0.479681,0.29826,0.4006,5,2,4,25.0,MEDIUM
34,0.510252,0.008644,0.148903,0.049817,0.126359,1,15,18,127.919994,HIGH
9,0.174508,0.010764,0.407168,0.284647,0.332741,2,0,7,20.18702,MEDIUM
3,0.146681,0.051716,0.250166,0.140541,0.469094,1,1,1,7.905779,MEDIUM
14,0.724178,0.048734,0.176447,0.150804,0.191253,0,10,4,51.512314,HIGH
34,0.431619,0.008394,0.054342,0.002,0.11534,6,26,2,80.881865,HIGH
4,0.373183,0.095197,0.306815,0.120537,0.084333,0,1,3,4.116747,MEDIUM
38,0.771402,0.023002,0.10174,0.046481,0.329986,9,11,18,63.68174,HIGH
9,0.282034,0.033885,0.511067,0.365998,0.16916,1,5,3,16.01838,MEDIUM
12,0.842074,0.06866,0.18018,0.160806,0.250314,2,5,5,42.366913,HIGH
1,0.028762,0.026309,1.0,0.885212,0.409987,1,0,0,0.584738,LOW
2,0.035903,0.025,0.63437,0.500887,0.217921,0,2,0,2.382907,LOW
38,0.281744,0.005801,0.159793,0.081114,0.356847,25,9,4,110.180921,HIGH
19,0.743227,0.039631,0.18542,0.127986,0.308233,10,8,1,59.577504,HIGH
1,0.025323,0.024373,0.566913,0.396872,0.438584,1,0,0,1.582292,LOW
0,0.0,0.0,1.0,1.0,0.0,0,0,0,0.0,LOW
5,0.210555,0.053851,0.449002,0.298548,0.352585,1,4,0,10.56489,MEDIUM
0,0.0,0.0,1.0,1.0,0.0,0,0,0,0.0,LOW
12,0.083731,0.009643,0.148013,0.080235,0.220298,8,2,2,25.0,MEDIUM
0,0.0,0.0,1.0,1.0,0.0,0,0,0,0.0,LOW
11,0.218973,0.012789,0.220625,0.08561,0.255589,3,4,4,24.94496,MEDIUM
1,0.02521,0.028094,0.501079,0.449682,0.264802,0,1,0,0.887675,LOW
53,0.902914,0.016583,0.221742,0.156948,0.069297,6,28,19,189.740027,HIGH
11,0.64395,0.057824,0.076108,0.039617,0.345528,1,10,0,37.937467,HIGH
34,0.721758,0.023261,0.175845,0.162305,0.225384,3,0,31,133.800829,HIGH
3,0.026606,0.01388,0.719103,0.563541,0.548733,1,1,1,1.25877,LOW
5,0.212535,0.045876,0.231567,0.156955,0.317303,0,0,5,5.63111,MEDIUM
2,0.020976,0.016242,0.455545,0.328026,0.230746,1,0,1,1.737766,LOW
3,0.039817,0.009227,0.779625,0.606544,0.119449,0,1,2,3.031003,LOW
4,0.020173,0.001,0.701487,0.487888,0.048527,3,0,1,2.798447,LOW
9,0.205832,0.026654,0.51497,0.380524,0.354267,0,9,0,16.865575,MEDIUM
49,0.492712,0.01188,0.005,0.002,0.22026,4,23,22,183.326959,HIGH
44,0.435344,0.006947,0.108773,0.088338,0.374167,28,14,2,66.344552,HIGH
44,0.528068,0.007893,0.219251,0.205183,0.450197,16,1,27,68.145975,HIGH
8,0.20103,0.029379,0.111702,0.02,0.335496,2,3,3,11.506211,MEDIUM
4,0.02821,0.001,0.406196,0.257001,0.425055,0,4,0,5.0,LOW
3,0.018809,0.001,0.697807,0.558366,0.362084,0,2,1,1.27506,LOW
9,0.096465,0.007604,0.431992,0.238727,0.322292,2,7,0,17.74689,MEDIUM
19,0.786456,0.039889,0.204456,0.161009,0.051442,0,11,8,45.017534,HIGH
13,0.443646,0.033687,0.182609,0.156263,0.372631,5,0,8,32.185249,HIGH
53,0.448881,0.007873,0.219106,0.139172,0.348445,16,14,23,170.117287,HIGH
46,0.562555,0.010592,0.167097,0.112467,0.108275,25,5,16,96.872436,HIGH
9,0.08,0.005,0.6856,0.628338,0.198111,1,6,2,21.262128,MEDIUM
6,0.222412,0.043373,0.453804,0.326857,0.398603,0,3,3,13.411902,MEDIUM
44,0.350038,0.009425,0.145483,0.07128,0.162129,27,17,0,143.169098,HIGH
35,0.533612,0.013369,0.180932,0.124808,0.296376,9,6,20,123.682693,HIGH
26,0.538565,0.018657,0.19732,0.1748,0.123222,7,12,7,82.687382,HIGH
9,0.102138,0.008194,0.346415,0.290436,0.060844,4,4,1,18.924526,MEDIUM
1,0.069673,0.092704,0.415831,0.268224,0.046611,0,1,0,1.432969,LOW
2,0.006312,0.011466,0.872499,0.671743,0.242421,0,1,1,2.11404,LOW
40,0.626965,0.016083,0.166129,0.112879,0.244572,5,28,7,111.510911,HIGH
46,0.676689,0.0157,0.224957,0.162683,0.401818,25,7,14,105.46359,HIGH
3,0.022445,0.011364,0.864024,0.648816,0.414853,0,3,0,1.039827,LOW
56,0.37625,0.007728,0.213413,0.186183,0.09516,39,6,11,205.482171,HIGH
37,0.556466,0.018791,0.182934,0.167895,0.352422,4,5,28,146.312422,HIGH
10,0.351396,0.033572,0.05,0.02,0.211778,1,2,7,20.947465,MEDIUM
4,0.040851,0.017661,0.541695,0.454882,0.040283,2,1,1,5.0,LOW
4,0.150869,0.0324,0.383292,0.30854,0.337282,0,2,2,11.197123,MEDIUM
3,0.220067,0.073856,0.494423,0.428929,0.366131,0,1,2,5.088105,MEDIUM
7,0.160846,0.023363,0.507472,0.412876,0.3155,3,2,2,12.976921,MEDIUM
37,0.843321,0.024875,0.005,0.002,0.413264,0,13,24,93.995108,HIGH
3,0.022102,0.006037,0.806815,0.656247,0.26882,2,1,0,2.436418,LOW
20,0.505696,0.025871,0.195925,0.141347,0.103996,0,12,8,58.698919,HIGH
3,0.13823,0.055038,0.496459,0.36789,0.184525,2,0,1,5.689004,MEDIUM
55,0.326806,0.008354,0.075717,0.002,0.087381,9,36,10,143.891257,HIGH
26,0.41912,0.016444,0.207304,0.15529,0.033105,6,10,10,90.447268,HIGH
10,0.461302,0.047482,0.290791,0.2781,0.168136,1,9,0,28.485973,HIGH
4,0.130041,0.031151,0.575979,0.494751,0.433184,0,1,3,8.215814,MEDIUM
8,0.31206,0.041666,0.107911,0.02,0.05,1,3,4,20.39023,MEDIUM
5,0.238812,0.044589,0.658206,0.525183,0.106893,0,3,2,9.562452,MEDIUM
2,0.019878,0.001,0.977547,0.731357,0.353191,0,1,1,2.250304,LOW
3,0.08,0.024666,0.319613,0.186131,0.26515,2,0,1,8.040137,MEDIUM
43,0.541664,0.008019,0.285001,0.198474,0.343682,5,7,31,97.440329,HIGH
2,0.038207,0.018988,0.772002,0.661483,0.142873,0,0,2,2.159077,LOW
0,0.0,0.0,1.0,1.0,0.0,0,0,0,0.0,LOW
27,0.694304,0.024075,0.212211,0.146326,0.310408,1,4,22,64.444207,HIGH
56,0.566373,0.006296,0.02606,0.002,0.052897,17,1,38,85.639229,HIGH
0,0.0,0.0,1.0,1.0,0.0,0,0,0,0.0,LOW
30,0.588166,0.022261,0.14884,0.127074,0.076419,17,9,4,54.688237,HIGH
45,0.485582,0.008659,0.267742,0.228108,0.125256,10,24,11,87.175722,HIGH
5,0.27763,0.05524,0.603578,0.514001,0.401343,2,0,3,10.394198,MEDIUM
4,0.150335,0.026401,0.671704,0.605183,0.366952,1,2,1,10.862157,MEDIUM
27,0.429063,0.011698,0.10209,0.046086,0.366667,13,7,7,58.218847,HIGH
9,0.08,0.005158,0.503169,0.399511,0.189064,0,0,9,8.476162,MEDIUM
7,0.205696,0.024537,0.166262,0.086217,0.157053,7,0,0,17.269075,MEDIUM
4,0.031352,0.007442,0.695681,0.506968,0.419575,0,3,1,1.758915,LOW
0,0.0,0.0,1.0,1.0,0.0,0,0,0,0.0,LOW
47,0.60106,0.011005,0.206038,0.160614,0.121929,6,17,24,184.290178,HIGH
0,0.0,0.0,1.0,1.0,0.0,0,0,0,0.0,LOW
12,0.257789,0.019669,0.221524,0.074803,0.242219,4,3,5,25.0,MEDIUM
7,0.08,0.014522,0.605416,0.50279,0.218331,0,6,1,12.109587,MEDIUM
7,0.266511,0.039418,0.225226,0.075871,0.416611,1,3,3,13.037634,MEDIUM
49,0.698674,0.008325,0.079872,0.008323,0.255103,7,18,24,83.53116,HIGH
4,0.028986,0.009192,0.516264,0.391976,0.412192,2,0,2,3.978174,LOW
1,0.010791,0.027437,0.315405,0.108132,0.188112,0,0,1,1.236094,LOW
4,0.134647,0.030896,0.242876,0.093547,0.433334,0,3,1,4.72114,MEDIUM
3,0.163675,0.06404,0.7,0.586116,0.365527,1,1,1,3.024669,MEDIUM
4,0.194251,0.05388,0.115184,0.02,0.176127,3,0,1,4.309673,MEDIUM
1,0.031923,0.014407,0.464493,0.367861,0.443609,0,1,0,0.566323,LOW
41,0.675638,0.017722,0.306755,0.234928,0.175063,0,24,17,82.644547,HIGH
11,0.283106,0.021953,0.209202,0.089659,0.222636,7,0,4,20.572955,MEDIUM
8,0.214629,0.025509,0.503129,0.35284,0.439407,2,0,6,23.953802,MEDIUM
29,0.527793,0.015604,0.029612,0.002,0.362103,0,8,21,87.275389,HIGH
12,0.228841,0.01619,0.285527,0.23472,0.26857,5,2,5,22.452783,MEDIUM
4,0.005907,0.004348,0.973001,0.817514,0.294075,1,2,1,3.893972,LOW
36,0.728619,0.020111,0.15383,0.099478,0.249679,16,18,2,99.659519,HIGH
43,0.780209,0.017922,0.202287,0.137399,0.181757,6,2,35,144.381179,HIGH
3,0.011153,0.005297,0.633272,0.450442,0.195193,0,3,0,1.552257,LOW
1,0.030202,0.030355,0.482912,0.265045,0.059478,0,0,1,1.23076,LOW
39,0.490431,0.011642,0.112364,0.061374,0.272364,6,23,10,107.79996,HIGH
6,0.232171,0.041564,0.343806,0.289303,0.237731,2,2,2,6.742098,MEDIUM
1,0.010068,0.021977,0.597615,0.384497,0.335655,0,0,1,0.559318,LOW
2,0.046944,0.027337,0.432166,0.364477,0.283106,0,0,2,2.571173,LOW
4,0.00216,0.001,0.574099,0.339361,0.343582,0,3,1,5.0,LOW
10,0.103344,0.017228,0.56886,0.47674,0.113477,2,6,2,22.784707,MEDIUM
0,0.0,0.0,1.0,1.0,0.0,0,0,0,0.0,LOW
0,0.0,0.0,1.0,1.0,0.0,0,0,0,0.0,LOW
6,0.095297,0.012514,0.440898,0.377342,0.237231,1,0,5,9.698314,MEDIUM
35,0.514738,0.011198,0.231719,0.15463,0.342436,4,8,23,93.398757,HIGH
0,0.0,0.0,1.0,1.0,0.0,0,0,0,0.0,LOW
11,0.133092,0.01439,0.41207,0.285501,0.308205,1,3,7,25.0,MEDIUM
3,0.016026,0.002387,0.843954,0.612031,0.02497,1,0,2,1.811205,LOW
22,0.357349,0.019303,0.331579,0.307692,0.151795,7,7,8,78.504902,HIGH
7,0.285858,0.041359,0.454839,0.325024,0.415604,0,1,6,11.598177,MEDIUM
0,0.0,0.0,1.0,1.0,0.0,0,0,0,0.0,LOW
4,0.08,0.021807,0.642229,0.515132,0.243363,0,1,3,12.126142,MEDIUM
56,0.459175,0.010541,0.103543,0.065824,0.355518,11,2,43,150.798335,HIGH
3,0.102106,0.04021,0.464477,0.373999,0.382828,1,2,0,5.721484,MEDIUM
4,0.009696,0.023428,0.343097,0.214518,0.26895,0,0,4,5.0,LOW
0,0.0,0.0,1.0,1.0,0.0,0,0,0,0.0,LOW
49,0.28612,0.006769,0.281902,0.251988,0.405813,5,22,22,110.967169,HIGH
4,0.013051,0.001,0.378822,0.202719,0.278908,1,2,1,5.0,LOW
9,0.34841,0.036327,0.174849,0.036382,0.447952,0,6,3,23.288985,MEDIUM
44,0.395432,0.011495,0.271269,0.23881,0.415387,8,14,22,107.530957,HIGH
4,0.013786,0.014501,0.730469,0.48093,0.380302,2,0,2,1.444227,LOW
10,0.147842,0.007041,0.307836,0.207391,0.280809,2,8,0,15.549255,MEDIUM
4,0.001165,0.001,0.816448,0.654456,0.371714,2,2,0,3.439006,LOW
9,0.254228,0.033745,0.509081,0.368531,0.247156,6,1,2,15.225011,MEDIUM
4,0.189584,0.051869,0.2059,0.104658,0.146187,2,0,2,9.935478,MEDIUM
6,0.165141,0.032897,0.344507,0.266381,0.432525,3,2,1,14.664062,MEDIUM
57,0.463855,0.006152,0.283886,0.25351,0.182987,0,27,30,219.992108,HIGH
33,0.617922,0.018005,0.167783,0.13035,0.188107,22,2,9,93.642942,HIGH
26,0.348046,0.018989,0.238897,0.192747,0.150485,5,12,9,97.880708,HIGH
32,0.411621,0.011984,0.187471,0.128728,0.278923,7,6,19,56.749731,HIGH
30,0.499849,0.015467,0.149717,0.120839,0.161144,21,5,4,98.870316,HIGH
10,0.08,0.013949,0.2599,0.124737,0.355416,4,1,5,17.922862,MEDIUM
4,0.004277,0.011938,0.737701,0.591972,0.014283,1,0,3,4.978661,LOW
10,0.08,0.015395,0.167096,0.02,0.476062,1,3,6,17.092343,MEDIUM
50,0.570382,0.013102,0.104802,0.039393,0.162363,14,23,13,78.494996,HIGH
34,0.551766,0.011087,0.005,0.002,0.306141,8,12,14,94.619777,HIGH
0,0.0,0.0,1.0,1.0,0.0,0,0,0,0.0,LOW
2,0.003746,0.009626,0.529669,0.465871,0.469753,0,1,1,2.201704,LOW
2,0.054108,0.041519,0.628759,0.467914,0.021864,1,1,0,1.373312,LOW
25,0.379236,0.009733,0.193834,0.175569,0.19078,11,9,5,73.643543,HIGH
7,0.080554,0.016469,0.198896,0.108449,0.334526,2,2,3,11.927948,MEDIUM
5,0.095175,0.025143,0.344794,0.270506,0.065516,0,5,0,12.735044,MEDIUM
18,0.40294,0.018141,0.154534,0.114999,0.310261,10,3,5,33.936675,HIGH
3,0.153811,0.050024,0.152342,0.087679,0.312605,0,3,0,7.424701,MEDIUM
6,0.218453,0.024717,0.550433,0.353359,0.429539,0,6,0,10.457144,MEDIUM
10,0.440695,0.033724,0.345084,0.18724,0.396567,1,9,0,21.632012,MEDIUM
0,0.0,0.0,1.0,1.0,0.0,0,0,0,0.0,LOW
9,0.280373,0.025465,0.385197,0.215661,0.072625,0,5,4,14.210063,MEDIUM
3,0.339767,0.1,0.175958,0.125525,0.1542,0,3,0,7.232477,MEDIUM
37,0.54093,0.014044,0.233809,0.206271,0.240106,12,20,5,106.365695,HIGH
3,0.035355,0.001,0.290735,0.229587,0.381769,0,1,2,0.90223,LOW
8,0.167214,0.024448,0.65756,0.57445,0.184375,8,0,0,10.142329,MEDIUM
49,0.905328,0.021033,0.012906,0.002,0.282363,10,6,33,120.135674,HIGH
1,0.017559,0.017012,1.0,0.892071,0.392651,0,1,0,0.878291,LOW
4,0.08,0.021996,0.530112,0.369604,0.31583,0,4,0,7.124866,MEDIUM
40,0.977243,0.026144,0.110596,0.061517,0.335209,9,15,16,122.345427,HIGH
0,0.0,0.0,1.0,1.0,0.0,0,0,0,0.0,LOW
24,0.469535,0.01605,0.235369,0.223098,0.21124,0,17,7,68.966166,HIGH
25,0.484511,0.016112,0.224195,0.136518,0.222803,7,5,13,40.123205,HIGH
14,0.488057,0.035094,0.148027,0.137704,0.069917,0,7,7,51.811744,HIGH
29,0.343069,0.013606,0.079059,0.002,0.333853,5,13,11,77.528297,HIGH
8,0.279642,0.038869,0.214784,0.110409,0.194304,3,0,5,9.302092,MEDIUM
108,0.485038,0.005276,0.112237,0.057219,0.392692,7,27,74,228.607707,HIGH
20,0.25,0.014635,0.101845,0.003695,0.02,10,5,5,73.940516,HIGH
7,0.08,0.005,0.119798,0.02,0.177538,0,1,6,20.91542,MEDIUM
56,0.367552,0.008515,0.1282,0.09292,0.383349,6,28,22,217.809805,HIGH
21,0.82196,0.039128,0.160111,0.1004,0.21166,0,19,2,37.405256,HIGH
3,0.011497,0.006197,0.74829,0.561621,0.055957,0,0,3,3.769074,LOW
44,0.628614,0.017559,0.161428,0.075273,0.057633,2,3,39,174.557469,HIGH
9,0.207614,0.027598,0.197973,0.02,0.165537,4,2,3,9.857577,MEDIUM
25,0.620054,0.029726,0.08372,0.054611,0.170016,0,24,1,39.849347,HIGH
37,0.601183,0.020584,0.068805,0.003498,0.155141,20,12,5,114.853484,HIGH
54,0.327547,0.002,0.069383,0.0465,0.172844,10,9,35,203.061454,HIGH
3,0.175594,0.058741,0.340371,0.152976,0.249129,0,0,3,6.180289,MEDIUM
0,0.0,0.0,1.0,1.0,0.0,0,0,0,0.0,LOW
0,0.0,0.0,1.0,1.0,0.0,0,0,0,0.0,LOW
1,0.022985,0.026115,1.0,0.894483,0.114133,0,0,1,0.68952,LOW
0,0.0,0.0,1.0,1.0,0.0,0,0,0,0.0,LOW
5,0.413596,0.084972,0.511883,0.385691,0.492707,0,5,0,8.460024,MEDIUM
8,0.232854,0.029535,0.583438,0.456781,0.467494,1,7,0,15.48582,MEDIUM
3,0.04091,0.003567,0.840919,0.619527,0.567812,0,2,1,2.726293,LOW
1,0.041871,0.045153,0.621755,0.406494,0.006589,0,0,1,0.464334,LOW
8,0.300464,0.041165,0.54812,0.391467,0.185568,0,3,5,12.081618,MEDIUM
6,0.08,0.005801,0.341251,0.274319,0.205486,1,0,5,6.544235,MEDIUM
19,0.448539,0.024256,0.093289,0.003969,0.360813,4,3,12,46.122531,HIGH
3,0.044208,0.024434,0.874906,0.641755,0.309117,2,1,0,1.075225,LOW
0,0.0,0.0,1.0,1.0,0.0,0,0,0,0.0,LOW
10,0.08,0.016787,0.662837,0.54393,0.475995,2,5,3,14.015726,MEDIUM
3,0.08,0.036053,0.154066,0.02,0.394395,3,0,0,7.457048,MEDIUM
3,0.189026,0.058582,0.356354,0.229291,0.195102,0,0,3,4.819366,MEDIUM
22,0.789189,0.033606,0.054149,0.030706,0.02,5,15,2,70.790314,HIGH
0,0.0,0.0,1.0,1.0,0.0,0,0,0,0.0,LOW
9,0.098377,0.018084,0.637179,0.56027,0.283763,3,0,6,10.686073,MEDIUM
6,0.164216,0.030003,0.27626,0.116611,0.405825,0,4,2,14.777284,MEDIUM
12,0.254267,0.025475,0.076298,0.02,0.142341,1,11,0,25.0,MEDIUM
3,0.004245,0.015487,0.701378,0.611592,0.314332,0,3,0,2.783425,LOW
12,0.296939,0.031853,0.32806,0.182856,0.222098,1,3,8,23.926917,MEDIUM
2,0.031413,0.001,0.79761,0.622807,0.357772,0,2,0,1.753743,LOW
28,0.59577,0.018482,0.109076,0.101494,0.097098,6,5,17,74.612619,HIGH
20,0.686244,0.033295,0.159791,0.065852,0.243321,16,0,4,60.230967,HIGH
1,0.044989,0.053508,0.481374,0.336006,0.465076,0,0,1,0.365712,LOW
5,0.08,0.019793,0.654601,0.523419,0.092257,0,3,2,10.689779,MEDIUM
20,0.480128,0.025878,0.283014,0.263071,0.265666,5,2,13,46.378684,HIGH
34,0.501114,0.010165,0.210722,0.18534,0.15893,14,11,9,70.72913,HIGH
28,0.556533,0.021309,0.171778,0.07306,0.18122,0,28,0,111.942433,HIGH
10,0.179385,0.019729,0.44256,0.392187,0.308037,1,0,9,25.0,MEDIUM
40,0.730616,0.025273,0.212947,0.181424,0.354269,2,4,34,64.615356,HIGH
9,0.08,0.007756,0.05,0.02,0.43671,5,2,2,17.73944,MEDIUM
13,0.690237,0.055028,0.005,0.002,0.264197,2,3,8,31.26488,HIGH
8,0.290888,0.02863,0.379693,0.286275,0.22948,1,6,1,11.953844,MEDIUM
4,0.384414,0.1,0.113488,0.02,0.228589,2,1,1,6.581811,MEDIUM
29,0.494387,0.020982,0.227325,0.130843,0.172529,19,9,1,106.333556,HIGH
38,0.686597,0.020775,0.151472,0.132107,0.278632,11,10,17,136.727654,HIGH
22,0.669767,0.03127,0.086754,0.009636,0.025683,0,7,15,41.950542,HIGH
39,0.439096,0.015366,0.17381,0.165444,0.071884,29,3,7,134.136188,HIGH
0,0.0,0.0,1.0,1.0,0.0,0,0,0,0.0,LOW
3,0.135453,0.045688,0.283754,0.180417,0.386833,1,1,1,2.966055,MEDIUM
10,0.783203,0.075342,0.203193,0.116823,0.195802,1,5,4,25.826013,HIGH
9,0.516563,0.06453,0.21469,0.074932,0.263489,1,5,3,16.321229,MEDIUM
22,0.738293,0.037397,0.121833,0.083567,0.077244,0,3,19,82.896754,HIGH
0,0.0,0.0,1.0,1.0,0.0,0,0,0,0.0,LOW
46,0.518831,0.01139,0.103858,0.094351,0.239648,14,18,14,142.644201,HIGH
40,0.496379,0.013887,0.197338,0.168386,0.09306,1,23,16,65.676135,HIGH
6,0.095882,0.019528,0.261285,0.159457,0.240538,0,6,0,7.612218,MEDIUM
20,0.435856,0.021399,0.200396,0.181075,0.207999,5,8,7,44.679081,HIGH
2,0.027408,0.010994,0.730479,0.55105,0.382397,0,0,2,0.861711,LOW
1,0.020966,0.032039,1.0,0.763619,0.28446,1,0,0,1.365129,LOW
8,0.302661,0.037239,0.358604,0.161409,0.236211,0,4,4,16.96735,MEDIUM
4,0.04212,0.017265,0.823156,0.681471,0.305918,2,0,2,1.652664,LOW
4,0.166078,0.035959,0.338828,0.208691,0.05,2,0,2,5.832356,MEDIUM
6,0.158352,0.025504,0.50168,0.444423,0.372814,0,2,4,17.423788,MEDIUM
4,0.301452,0.066196,0.297586,0.237195,0.35803,0,4,0,5.891991,MEDIUM
20,0.820921,0.041009,0.138142,0.063575,0.039986,2,16,2,79.323199,HIGH
22,0.346846,0.019984,0.226647,0.15723,0.291839,3,19,0,44.54476,HIGH
5,0.1991,0.028433,0.269862,0.200207,0.356307,0,5,0,9.761385,MEDIUM
4,0.222222,0.041467,0.355673,0.180992,0.180112,3,0,1,10.764477,MEDIUM
50,0.770834,0.011229,0.173155,0.101021,0.292176,21,23,6,167.060138,HIGH
9,0.278631,0.031221,0.468621,0.314229,0.187977,3,4,2,25.0,MEDIUM
2,0.011298,0.005069,0.590878,0.468598,0.457403,0,1,1,2.504378,LOW
3,0.217813,0.071673,0.163048,0.02,0.065081,1,2,0,7.025549,MEDIUM
2,0.001,0.001,0.959745,0.789157,0.405327,2,0,0,1.963897,LOW
8,0.277338,0.023635,0.453182,0.320142,0.080383,0,7,1,20.122279,MEDIUM
2,0.008132,0.004787,0.663116,0.595912,0.306215,1,1,0,0.813446,LOW
6,0.098302,0.023987,0.184975,0.02,0.268453,4,1,1,12.014027,MEDIUM
0,0.0,0.0,1.0,1.0,0.0,0,0,0,0.0,LOW
5,0.212077,0.05027,0.22702,0.04636,0.173897,0,0,5,7.988715,MEDIUM
41,0.830023,0.025708,0.071357,0.019713,0.343836,21,3,17,109.690399,HIGH
37,0.542606,0.009938,0.256828,0.2268,0.232984,24,9,4,82.310184,HIGH
3,0.050274,0.014345,0.502875,0.379024,0.2393,0,1,2,1.200559,LOW
48,0.750728,0.017494,0.166836,0.113248,0.179226,3,18,27,82.798595,HIGH
2,0.022818,0.009185,1.0,0.866055,0.26106,0,1,1,1.476248,LOW
19,0.670297,0.032881,0.154603,0.063864,0.156788,4,10,5,58.867597,HIGH
29,0.687111,0.018332,0.005,0.002,0.34848,4,14,11,97.984708,HIGH
59,0.630539,0.013922,0.076239,0.062204,0.328596,36,12,11,100.02656,HIGH
3,0.127979,0.042044,0.488961,0.42721,0.132674,3,0,0,5.133259,MEDIUM
3,0.309593,0.1,0.512788,0.361207,0.335712,1,1,1,8.508592,MEDIUM
54,0.517622,0.014758,0.096178,0.005568,0.351986,7,6,41,195.737491,HIGH
9,0.08,0.011326,0.163028,0.095011,0.243132,3,2,4,9.601127,MEDIUM
3,0.300508,0.095315,0.316977,0.148544,0.261199,0,0,3,5.642195,MEDIUM
3,0.096402,0.036988,0.488981,0.342284,0.401566,2,0,1,7.636983,MEDIUM
99,0.813726,0.007761,0.107175,0.011273,0.273296,7,73,19,170.112999,HIGH
35,0.712626,0.021312,0.005,0.002,0.351855,0,16,19,62.776151,HIGH
3,0.046617,0.012946,0.837503,0.769089,0.107356,1,0,2,2.871759,LOW
38,0.798891,0.023238,0.173625,0.128198,0.303273,4,12,22,147.684161,HIGH
4,0.023146,0.005061,0.421281,0.260914,0.434319,3,0,1,3.81853,LOW
30,0.644121,0.018189,0.205026,0.146306,0.196043,3,13,14,99.963834,HIGH
1,0.035976,0.029694,0.851222,0.713671,0.402317,0,1,0,0.454086,LOW
57,0.290982,0.004489,0.021767,0.002,0.310765,5,5,47,95.147588,HIGH
4,0.028191,0.01106,0.336966,0.118994,0.542489,0,0,4,4.416794,LOW
5,0.273981,0.052398,0.204912,0.061915,0.216186,1,1,3,7.755141,MEDIUM
7,0.174632,0.025347,0.163314,0.077017,0.103123,4,2,1,11.239356,MEDIUM
10,0.126253,0.017954,0.346043,0.276316,0.152289,7,2,1,12.052975,MEDIUM
3,0.013802,0.001,0.785596,0.644195,0.167922,0,2,1,4.072779,LOW
12,0.780646,0.063023,0.216776,0.144496,0.064254,0,9,3,21.413822,HIGH
1,0.052745,0.056241,0.973226,0.899885,0.244195,1,0,0,0.893015,LOW
9,0.145656,0.023624,0.438098,0.261496,0.357196,0,1,8,17.433812,MEDIUM
4,0.001,0.001,0.614147,0.550365,0.362051,0,2,2,3.153405,LOW
18,0.682174,0.044929,0.176204,0.127969,0.343206,18,0,0,51.885935,HIGH
6,0.28906,0.050588,0.264298,0.138818,0.257727,2,0,4,7.926574,MEDIUM
1,0.080506,0.087544,0.675046,0.534421,0.171871,0,0,1,0.841477,LOW
3,0.041201,0.01398,1.0,0.783683,0.560603,2,1,0,2.138386,LOW
11,0.477469,0.042991,0.126491,0.053923,0.24167,0,1,10,37.571242,HIGH
49,0.504691,0.007725,0.093179,0.086265,0.252961,6,31,12,184.394744,HIGH
28,0.616155,0.025612,0.140706,0.130684,0.179047,10,3,15,74.737068,HIGH
4,0.001,0.001,0.441882,0.234793,0.089741,0,4,0,4.854313,LOW
38,0.408741,0.017318,0.333325,0.297593,0.233937,3,0,35,83.913103,HIGH
3,0.092593,0.030152,0.05,0.02,0.116966,3,0,0,6.935136,MEDIUM
3,0.012231,0.001,0.536599,0.353907,0.219437,2,1,0,1.106678,LOW
59,0.654144,0.011504,0.128789,0.121089,0.086408,1,30,28,199.116775,HIGH
3,0.138521,0.041229,0.145164,0.02,0.236308,0,0,3,8.038922,MEDIUM
7,0.132472,0.023281,0.290038,0.218992,0.155661,0,2,5,8.828752,MEDIUM
27,0.771903,0.030875,0.207575,0.169335,0.17843,21,5,1,48.042655,HIGH
21,0.57176,0.0277,0.178365,0.106263,0.159902,8,5,8,66.481894,HIGH
0,0.0,0.0,1.0,1.0,0.0,0,0,0,0.0,LOW
45,0.25,0.01125,0.019007,0.002,0.270442,13,28,4,115.319952,HIGH
3,0.00642,0.002182,0.71247,0.57078,0.269938,0,2,1,2.728707,LOW
73,0.903899,0.011564,0.041334,0.002,0.063479,20,6,47,251.847753,HIGH
6,0.278224,0.039167,0.05,0.02,0.136757,2,0,4,13.883119,MEDIUM
1,0.020485,0.018767,0.884264,0.80621,0.345175,0,1,0,0.779892,LOW
1,0.041847,0.039934,0.697943,0.606188,0.349312,0,0,1,1.263709,LOW
16,0.595253,0.041269,0.080545,0.022316,0.128771,3,0,13,64.173414,HIGH
45,0.611392,0.01305,0.163953,0.123943,0.393793,7,11,27,146.197654,HIGH
45,0.769557,0.019084,0.134066,0.044719,0.337547,16,7,22,141.018257,HIGH
26,0.605863,0.025913,0.053403,0.002,0.138339,0,19,7,84.156887,HIGH
2,0.001,0.006129,0.917962,0.771752,0.441772,1,0,1,1.147523,LOW
0,0.0,0.0,1.0,1.0,0.0,0,0,0,0.0,LOW
3,0.001,0.015527,0.596652,0.42109,0.241207,3,0,0,1.089129,LOW
2,0.032839,0.034898,0.860997,0.62419,0.178191,0,1,1,0.461326,LOW
0,0.0,0.0,1.0,1.0,0.0,0,0,0,0.0,LOW
6,0.08,0.01676,0.306582,0.238795,0.278172,2,0,4,8.254374,MEDIUM
10,0.837707,0.08,0.1128,0.107102,0.24473,0,2,8,22.592235,HIGH
3,0.171741,0.050237,0.164864,0.02,0.412212,3,0,0,7.640639,MEDIUM
4,0.020731,0.009773,0.71561,0.607021,0.129369,2,1,1,3.702133,LOW
19,0.3638,0.019465,0.173041,0.120016,0.154619,2,2,15,28.979595,HIGH
48,0.521307,0.009312,0.119072,0.028321,0.223541,3,21,24,183.436226,HIGH
10,0.196222,0.022875,0.258357,0.117082,0.207266,3,0,7,16.716733,MEDIUM
39,0.641854,0.015619,0.059389,0.002,0.371744,1,22,16,67.252073,HIGH
2,0.030771,0.021715,0.686617,0.600502,0.31596,0,1,1,0.548302,LOW
58,0.688647,0.015737,0.273192,0.223142,0.287276,14,29,15,170.507629,HIGH
22,0.585664,0.023327,0.240211,0.20538,0.106962,14,2,6,52.584248,HIGH
1,0.024118,0.009229,0.58485,0.407203,0.274649,1,0,0,1.016529,LOW
3,0.014168,0.007978,0.746409,0.634258,0.097268,1,0,2,1.194194,LOW
2,0.108172,0.047403,0.677133,0.528583,0.388402,2,0,0,2.618691,LOW
10,0.729718,0.072857,0.1782,0.091982,0.188818,0,2,8,21.165945,HIGH
5,0.121785,0.022617,0.623305,0.498168,0.231432,1,1,3,6.88157,MEDIUM
51,0.462116,0.010251,0.237921,0.232916,0.228683,11,12,28,154.6617,HIGH
0,0.0,0.0,1.0,1.0,0.0,0,0,0,0.0,LOW
2,0.018744,0.001007,0.598276,0.437924,0.357213,1,1,0,1.08788,LOW
6,0.083809,0.017881,0.265117,0.210723,0.145702,3,0,3,13.156104,MEDIUM
43,0.369062,0.005605,0.060532,0.002,0.435433,0,33,10,171.062394,HIGH
18,0.506672,0.027412,0.164687,0.096107,0.150052,1,17,0,33.439111,HIGH
61,0.697125,0.009964,0.098627,0.008057,0.178589,42,16,3,101.942422,HIGH
7,0.140997,0.019405,0.253147,0.084473,0.28114,1,5,1,17.013188,MEDIUM
56,0.922165,0.016878,0.177301,0.122538,0.278864,3,6,47,211.035777,HIGH
5,0.144458,0.029845,0.127898,0.02,0.194496,1,4,0,8.457508,MEDIUM
56,0.491166,0.013527,0.241508,0.228603,0.321208,12,36,8,164.731847,HIGH
60,0.556068,0.013181,0.23816,0.210057,0.125529,35,6,19,168.199041,HIGH
11,0.08,0.01194,0.686495,0.576713,0.190199,0,8,3,25.0,MEDIUM
2,0.004448,0.017846,0.851592,0.637507,0.191084,0,1,1,2.661554,LOW
11,0.784178,0.067731,0.137526,0.081255,0.297017,4,6,1,31.202643,HIGH
1,0.093033,0.099419,0.35166,0.12263,0.404455,0,1,0,0.62713,LOW
1,0.023622,0.01322,1.0,0.915411,0.031578,0,1,0,0.851793,LOW
4,0.001,0.001,1.0,0.802477,0.457458,2,2,0,4.424934,LOW
58,0.282981,0.002,0.080746,0.07439,0.393759,3,18,37,212.83818,HIGH
6,0.230022,0.037368,0.384421,0.318524,0.210914,5,0,1,11.8364,MEDIUM
1,0.014724,0.025366,0.846803,0.692665,0.316541,1,0,0,1.063599,LOW
28,0.585835,0.022,0.059598,0.049241,0.202429,23,3,2,61.51077,HIGH
2,0.009675,0.022789,0.835066,0.641375,0.352865,0,1,1,0.728018,LOW
21,0.438453,0.018454,0.300341,0.237143,0.05461,9,0,12,57.507834,HIGH
8,0.201161,0.027849,0.319325,0.244052,0.131757,0,2,6,22.423047,MEDIUM
36,0.379975,0.011992,0.192472,0.164063,0.452719,7,14,15,59.29876,HIGH
7,0.086718,0.009007,0.437323,0.248187,0.404203,3,4,0,12.870149,MEDIUM
8,0.097322,0.012024,0.512978,0.371731,0.428828,2,2,4,15.991635,MEDIUM
53,0.571864,0.011106,0.130922,0.069537,0.125137,40,5,8,81.439487,HIGH
0,0.0,0.0,1.0,1.0,0.0,0,0,0,0.0,LOW
0,0.0,0.0,1.0,1.0,0.0,0,0,0,0.0,LOW
11,0.08,0.007686,0.12585,0.049506,0.388445,0,0,11,25.0,MEDIUM
8,0.172738,0.025267,0.396796,0.309467,0.519509,0,2,6,20.40323,MEDIUM
60,0.421574,0.016163,0.005,0.002,0.124695,24,24,12,234.544588,HIGH
41,0.423725,0.014152,0.053939,0.018341,0.398297,9,18,14,100.24058,HIGH
3,0.20065,0.07221,0.235096,0.180005,0.293642,0,1,2,5.18318,MEDIUM
13,0.540479,0.047047,0.05947,0.048567,0.340163,2,11,0,46.038147,HIGH
1,0.040068,0.038827,0.582571,0.362982,0.286655,1,0,0,1.137151,LOW
9,0.16332,0.019791,0.32577,0.200874,0.400157,0,4,5,17.660371,MEDIUM
11,0.34614,0.030489,0.071251,0.02,0.145785,9,1,1,25.0,MEDIUM
23,0.382602,0.015393,0.093829,0.012827,0.172852,5,3,15,53.118914,HIGH
0,0.0,0.0,1.0,1.0,0.0,0,0,0,0.0,LOW
9,0.140341,0.017713,0.05,0.02,0.355148,5,4,0,25.0,MEDIUM
6,0.08,0.00727,0.460755,0.375773,0.13482,3,3,0,11.492704,MEDIUM
42,0.379246,0.009702,0.118262,0.06012,0.075606,2,29,11,160.30666,HIGH
1,0.028771,0.00563,0.808124,0.635587,0.379527,0,1,0,1.206473,LOW
44,0.878019,0.024871,0.216504,0.168782,0.155465,3,13,28,158.834251,HIGH
10,0.453512,0.046699,0.367271,0.265023,0.39448,1,1,8,15.084094,MEDIUM
3,0.012117,0.003026,0.429919,0.198451,0.136034,0,1,2,3.849041,LOW
8,0.137957,0.005,0.36071,0.212061,0.422219,0,5,3,12.451481,MEDIUM
3,0.016506,0.001,0.863034,0.635977,0.334622,0,1,2,3.009967,LOW
4,0.018252,0.001,0.938233,0.859846,0.161195,1,1,2,2.485019,LOW
4,0.021979,0.013986,0.632645,0.535651,0.389932,2,1,1,2.065404,LOW
4,0.001,0.001,0.833432,0.754772,0.165576,0,3,1,5.0,LOW
2,0.001,0.006924,0.808516,0.73587,0.233537,0,1,1,2.295804,LOW
1,0.07454,0.087878,0.704822,0.522491,0.249672,0,1,0,0.244587,LOW
1,0.02337,0.00344,0.549927,0.350216,0.457719,0,0,1,0.405196,LOW
67,0.87962,0.01488,0.205843,0.190096,0.092808,13,35,19,227.224277,HIGH
10,0.16897,0.015831,0.406818,0.216957,0.364689,7,0,3,16.332417,MEDIUM
7,0.08,0.009135,0.370268,0.274014,0.456329,1,4,2,8.162466,MEDIUM
24,0.609178,0.025437,0.190522,0.092075,0.14544,1,2,21,70.497108,HIGH
28,0.488205,0.015693,0.264456,0.164984,0.135784,5,1,22,49.003711,HIGH
11,0.424147,0.037571,0.292048,0.211642,0.29592,7,3,1,27.883617,HIGH
6,0.147006,0.020666,0.145801,0.02,0.208787,0,0,6,8.28856,MEDIUM
11,0.179792,0.011424,0.261098,0.069646,0.442057,0,9,2,11.09059,MEDIUM
1,0.047029,0.044224,0.248714,0.05,0.189801,0,0,1,1.389245,LOW
92,0.737871,0.008018,0.262025,0.209603,0.159082,29,17,46,349.575009,HIGH
0,0.0,0.0,1.0,1.0,0.0,0,0,0,0.0,LOW
46,0.671383,0.011596,0.005,0.002,0.314787,3,22,21,164.79542,HIGH
2,0.025369,0.021233,0.751895,0.623047,0.283048,0,0,2,1.664144,LOW
10,0.136682,0.010288,0.536349,0.461631,0.203433,5,5,0,25.0,MEDIUM
12,0.137911,0.009679,0.54791,0.429752,0.344646,3,9,0,25.0,MEDIUM
34,0.345085,0.009676,0.005,0.002,0.156216,28,3,3,91.328668,HIGH
10,0.247592,0.019199,0.427271,0.246089,0.142421,4,3,3,23.135832,MEDIUM
24,0.576607,0.024352,0.190293,0.132055,0.413388,4,9,11,74.117298,HIGH
2,0.026627,0.007879,0.827763,0.68961,0.097376,0,1,1,1.67453,LOW
7,0.176851,0.026171,0.325828,0.224254,0.40699,1,0,6,17.019619,MEDIUM
54,0.410714,0.006901,0.010032,0.002,0.336079,7,14,33,99.710568,HIGH
3,0.011201,0.013858,0.54274,0.460832,0.378178,0,0,3,2.230678,LOW
19,0.546646,0.027714,0.128629,0.071217,0.297613,0,13,6,29.796832,HIGH
48,0.629188,0.010237,0.241026,0.216395,0.141957,13,28,7,190.233898,HIGH
4,0.037728,0.0082,0.428075,0.272919,0.272617,0,2,2,1.475239,LOW
1,0.009842,0.002129,0.871494,0.820574,0.356901,0,0,1,0.53401,LOW
10,0.120077,0.005,0.223197,0.113149,0.413647,1,9,0,14.759907,MEDIUM
9,0.246781,0.01764,0.483063,0.357321,0.131209,2,0,7,19.107931,MEDIUM
12,0.27023,0.024601,0.443092,0.259727,0.194369,3,8,1,25.0,MEDIUM
1,0.046138,0.036395,0.537043,0.439024,0.211712,0,1,0,0.837528,LOW
39,0.509994,0.016521,0.100146,0.068911,0.181221,12,9,18,93.459735,HIGH
46,0.571214,0.013681,0.005,0.002,0.32965,11,35,0,176.265173,HIGH
12,0.286684,0.026575,0.097007,0.02,0.387248,0,6,6,25.0,MEDIUM
2,0.001,0.019756,0.570378,0.348755,0.14999,1,1,0,1.314066,LOW
0,0.0,0.0,1.0,1.0,0.0,0,0,0,0.0,LOW
9,0.157243,0.020775,0.427396,0.237562,0.329504,0,2,7,14.348721,MEDIUM
3,0.08,0.032923,0.446901,0.276112,0.317362,1,2,0,7.116215,MEDIUM
9,0.161008,0.013707,0.416448,0.221062,0.13728,3,1,5,10.64608,MEDIUM
11,0.451165,0.043783,0.204056,0.063657,0.260428,0,7,4,15.76156,MEDIUM
9,0.08,0.009897,0.202488,0.140586,0.260677,5,0,4,14.920399,MEDIUM
4,0.133915,0.036748,0.39058,0.305723,0.375662,0,3,1,6.258761,MEDIUM
38,0.625705,0.019469,0.103227,0.030313,0.141424,5,32,1,114.835906,HIGH
4,0.027234,0.001,0.80581,0.619453,0.396639,0,4,0,1.873445,LOW
1,0.024236,0.032446,0.514118,0.306136,0.219918,0,1,0,1.354743,LOW
1,0.036538,0.02466,0.606711,0.524091,0.435074,0,1,0,1.031451,LOW
9,0.233558,0.027792,0.216768,0.103275,0.358305,0,5,4,19.555499,MEDIUM
5,0.132075,0.022618,0.251066,0.18808,0.133239,4,1,0,6.12082,MEDIUM
0,0.0,0.0,1.0,1.0,0.0,0,0,0,0.0,LOW
59,0.578245,0.01068,0.26911,0.212528,0.232824,28,18,13,209.009338,HIGH
46,0.825193,0.018552,0.099154,0.006905,0.096122,8,35,3,98.112258,HIGH
7,0.08,0.012875,0.436466,0.377515,0.293679,5,1,1,19.590182,MEDIUM
1,0.102538,0.097806,0.778576,0.703837,0.188206,0,0,1,0.983516,LOW
20,0.649215,0.033679,0.081988,0.023069,0.284042,0,11,9,51.335871,HIGH
1,0.021109,0.028756,0.300342,0.205719,0.31853,0,0,1,1.043447,LOW
26,0.646721,0.021721,0.223898,0.216715,0.363011,7,14,5,73.162115,HIGH
4,0.001,0.001,0.851135,0.708567,0.316051,1,1,2,3.98384,LOW
46,0.66335,0.016092,0.258223,0.214054,0.063912,21,18,7,168.56903,HIGH
1,0.010778,0.007648,0.814635,0.655474,0.212906,1,0,0,0.606602,LOW
0,0.0,0.0,1.0,1.0,0.0,0,0,0,0.0,LOW
46,0.560489,0.011526,0.229192,0.162889,0.338893,25,15,6,159.065083,HIGH
3,0.028586,0.010921,0.887048,0.833987,0.496277,1,1,1,3.858328,LOW
2,0.005551,0.016502,1.0,0.858092,0.221827,0,2,0,2.943302,LOW
11,0.08,0.011629,0.117787,0.02,0.3125,5,2,4,14.110631,MEDIUM
2,0.024383,0.015199,0.905434,0.854366,0.430364,0,1,1,0.969221,LOW
3,0.054177,0.002189,0.929342,0.698105,0.505998,0,3,0,2.168124,LOW
38,0.452001,0.012346,0.071402,0.036628,0.188011,0,36,2,134.697587,HIGH
47,0.589156,0.013315,0.012701,0.002,0.267908,2,18,27,100.246888,HIGH
58,0.620291,0.010934,0.005,0.002,0.207883,24,15,19,96.972097,HIGH
94,0.763689,0.01257,0.050249,0.002,0.493536,9,39,46,194.908837,HIGH
0,0.0,0.0,1.0,1.0,0.0,0,0,0,0.0,LOW
16,0.382001,0.022498,0.20065,0.136732,0.114084,0,3,13,55.382053,HIGH
1,0.009681,0.016367,0.313026,0.215233,0.233826,0,1,0,0.653756,LOW
25,0.546711,0.024792,0.005,0.002,0.172666,6,15,4,57.255062,HIGH
23,0.69737,0.029806,0.101898,0.056181,0.319266,17,4,2,79.086487,HIGH
1,0.001,0.001,1.0,0.755534,0.286614,0,0,1,1.063286,LOW
3,0.112471,0.03606,0.284347,0.184532,0.425425,0,2,1,5.228592,MEDIUM
4,0.012906,0.007274,0.617039,0.368577,0.551768,0,3,1,4.022022,LOW
4,0.054079,0.016915,0.857949,0.756376,0.182319,0,1,3,4.33001,LOW
4,0.222008,0.061969,0.303562,0.214954,0.174357,4,0,0,10.081723,MEDIUM
5,0.263198,0.056084,0.054336,0.02,0.348962,0,5,0,9.375738,MEDIUM
3,0.028523,0.024147,0.467807,0.301605,0.346058,1,1,1,1.058967,LOW
5,0.15363,0.040517,0.270943,0.166308,0.440271,1,3,1,5.562632,MEDIUM
12,0.258792,0.023481,0.550992,0.442681,0.180472,7,4,1,21.715052,MEDIUM
25,0.592915,0.026979,0.257724,0.171527,0.142604,4,5,16,64.847479,HIGH
1,0.040867,0.047671,1.0,0.784114,0.131467,0,0,1,0.46603,LOW
35,0.42173,0.014816,0.179424,0.096427,0.35245,3,12,20,117.788877,HIGH
4,0.032209,0.004464,0.609079,0.555457,0.388598,2,0,2,2.981062,LOW
40,0.681233,0.020794,0.023991,0.018017,0.463227,13,17,10,115.200286,HIGH
17,0.76288,0.042777,0.253296,0.209738,0.215652,2,15,0,50.665846,HIGH
59,0.532101,0.01771,0.169829,0.109698,0.427985,3,8,48,111.149037,HIGH
14,0.513418,0.039911,0.180168,0.172025,0.298792,3,9,2,45.282683,HIGH
4,0.31518,0.080998,0.328166,0.261523,0.293439,1,2,1,11.812052,MEDIUM
42,0.641053,0.01481,0.232419,0.218319,0.209082,9,15,18,117.68916,HIGH
1,0.023794,0.019436,1.0,0.763616,0.203903,0,1,0,0.904542,LOW
9,0.110772,0.017219,0.56286,0.439778,0.088791,4,3,2,20.51385,MEDIUM
1,0.024229,0.035188,0.466514,0.346854,0.32708,0,1,0,0.419848,LOW
2,0.001,0.010899,0.679255,0.461081,0.046956,1,1,0,0.699393,LOW
2,0.023104,0.008845,0.278703,0.120127,0.487893,2,0,0,2.060174,LOW
0,0.0,0.0,1.0,1.0,0.0,0,0,0,0.0,LOW
1,0.068063,0.072452,0.55227,0.372952,0.315937,0,0,1,1.169166,LOW
7,0.161242,0.026699,0.105938,0.02,0.128036,1,6,0,19.86159,MEDIUM
7,0.283932,0.036991,0.425707,0.368526,0.400568,0,4,3,11.234891,MEDIUM
3,0.034855,0.007499,0.994932,0.80481,0.23679,0,1,2,3.079075,LOW
4,0.065407,0.034063,0.931565,0.771889,0.471658,1,1,2,4.056048,LOW
0,0.0,0.0,1.0,1.0,0.0,0,0,0,0.0,LOW
31,0.807921,0.031516,0.242087,0.144219,0.151631,1,20,10,51.623342,HIGH
121,0.380837,0.003033,0.158947,0.067104,0.210577,40,69,12,312.012005,HIGH
0,0.0,0.0,1.0,1.0,0.0,0,0,0,0.0,LOW
11,0.19776,0.007546,0.281059,0.166347,0.456343,1,1,9,25.0,MEDIUM
43,0.819864,0.018553,0.118851,0.026154,0.264111,14,17,12,124.971047,HIGH
2,0.011988,0.010306,0.642863,0.40075,0.483867,0,1,1,0.87319,LOW
4,0.022264,0.016154,0.629083,0.385765,0.237559,2,0,2,5.0,LOW
2,0.057389,0.011687,0.680098,0.616052,0.471226,2,0,0,2.861237,LOW
8,0.246038,0.03606,0.440997,0.268954,0.454306,5,1,2,15.697891,MEDIUM
37,0.82136,0.015622,0.194305,0.127577,0.364047,2,2,33,142.739228,HIGH
0,0.0,0.0,1.0,1.0,0.0,0,0,0,0.0,LOW
34,0.75595,0.02268,0.187023,0.145267,0.383927,10,13,11,83.427676,HIGH
7,0.338915,0.059408,0.466575,0.336273,0.164053,4,0,3,18.532987,MEDIUM
11,0.134229,0.014594,0.458788,0.318076,0.383394,0,6,5,18.951259,MEDIUM
4,0.008448,0.013712,0.385615,0.289647,0.057961,2,2,0,3.29562,LOW
4,0.023588,0.004125,0.718167,0.547003,0.380509,0,1,3,5.0,LOW
2,0.053034,0.044304,0.979227,0.831592,0.183259,0,2,0,1.138079,LOW
19,0.527241,0.028711,0.168122,0.123525,0.247427,5,13,1,56.872666,HIGH
10,0.13343,0.02288,0.473063,0.421625,0.102119,9,1,0,20.566736,MEDIUM
3,0.069371,0.02645,0.712495,0.601705,0.249429,1,1,1,3.914359,LOW
9,0.23307,0.022847,0.480811,0.361201,0.137475,2,5,2,10.475329,MEDIUM
11,0.244503,0.022613,0.292343,0.131549,0.18254,2,5,4,11.422757,MEDIUM
1,0.024984,0.029642,0.445709,0.272052,0.465849,1,0,0,0.220656,LOW
1,0.008667,0.004019,0.342677,0.195608,0.411642,0,1,0,1.09998,LOW
1,0.018231,0.024624,1.0,0.935214,0.364605,0,1,0,0.637148,LOW
0,0.0,0.0,1.0,1.0,0.0,0,0,0,0.0,LOW
31,0.573936,0.019514,0.093388,0.021358,0.15599,10,12,9,50.834864,HIGH
0,0.0,0.0,1.0,1.0,0.0,0,0,0,0.0,LOW
54,0.463179,0.012112,0.04717,0.002,0.282803,3,49,2,173.351491,HIGH
40,0.387252,0.007916,0.12902,0.082941,0.453513,11,13,16,119.662544,HIGH
8,0.141156,0.01612,0.211833,0.027892,0.194556,3,0,5,16.938274,MEDIUM
10,0.131174,0.006403,0.413755,0.362625,0.221888,0,10,0,25.0,MEDIUM
15,0.607904,0.037938,0.136488,0.108536,0.337638,2,11,2,46.769744,HIGH
4,0.032688,0.003344,0.774727,0.555423,0.224862,2,2,0,4.485435,LOW
5,0.275355,0.053502,0.40379,0.239237,0.144288,3,1,1,6.611369,MEDIUM
20,0.547948,0.024339,0.161815,0.11684,0.36057,16,2,2,62.321797,HIGH
3,0.002491,0.001,0.8664,0.641263,0.286804,0,1,2,1.325893,LOW
35,0.595736,0.017605,0.193296,0.157557,0.230368,12,15,8,127.567855,HIGH
2,0.077204,0.04305,0.681188,0.476915,0.439904,0,2,0,1.510436,LOW
56,0.473656,0.009477,0.119582,0.036847,0.181046,22,11,23,118.430185,HIGH
1,0.025127,0.011272,0.570421,0.443618,0.227076,1,0,0,0.574907,LOW
4,0.15173,0.050936,0.203004,0.066108,0.220076,2,2,0,7.759503,MEDIUM
51,0.718731,0.017161,0.133727,0.085089,0.086242,8,30,13,132.022721,HIGH
3,0.261888,0.094947,0.380414,0.26346,0.285945,0,3,0,8.068298,MEDIUM
15,0.736836,0.04723,0.193096,0.156947,0.040511,2,3,10,34.36324,HIGH
0,0.0,0.0,1.0,1.0,0.0,0,0,0,0.0,LOW
19,0.672651,0.030025,0.107929,0.100777,0.185202,11,2,6,46.573088,HIGH
4,0.08,0.030755,0.630677,0.451326,0.164548,0,2,2,3.96936,MEDIUM
4,0.039223,0.005929,0.36756,0.24548,0.31124,1,1,2,5.0,LOW
47,0.432121,0.00937,0.080699,0.042592,0.127084,5,28,14,162.505089,HIGH
10,0.168086,0.016043,0.556464,0.442523,0.216349,4,3,3,20.110205,MEDIUM
4,0.07951,0.003933,0.607831,0.496859,0.023447,1,3,0,5.0,LOW
2,0.001,0.001,0.701729,0.546625,0.277935,1,1,0,2.822782,LOW
9,0.08,0.009978,0.433845,0.301285,0.41103,2,1,6,9.647217,MEDIUM
11,0.08,0.014008,0.411151,0.359615,0.18222,1,6,4,17.746661,MEDIUM
8,0.08,0.017309,0.338145,0.234887,0.427068,1,6,1,16.572314,MEDIUM
28,0.600802,0.021589,0.191696,0.186392,0.02,8,15,5,84.052565,HIGH
6,0.319788,0.056089,0.262225,0.148872,0.251918,2,0,4,15.273877,MEDIUM
4,0.060281,0.016063,0.894268,0.694652,0.416236,0,4,0,4.977134,LOW
5,0.17869,0.038342,0.05,0.02,0.300618,2,1,2,10.088861,MEDIUM
21,0.819264,0.037252,0.157456,0.148678,0.198588,1,6,14,63.910748,HIGH
4,0.048622,0.022107,0.84366,0.619498,0.358717,0,3,1,3.087745,LOW
15,0.461677,0.033394,0.221533,0.177612,0.02,0,1,14,34.149567,HIGH
38,0.760783,0.019117,0.08339,0.002,0.201774,10,11,17,100.211182,HIGH
55,0.819647,0.009012,0.139666,0.128393,0.309573,0,16,39,169.14132,HIGH
9,0.330704,0.031509,0.4895,0.433178,0.161971,1,6,2,14.798761,MEDIUM
34,0.510447,0.009153,0.233872,0.183711,0.244443,15,8,11,51.488715,HIGH
33,0.68202,0.025169,0.150923,0.079256,0.495537,1,10,22,117.703441,HIGH
0,0.0,0.0,1.0,1.0,0.0,0,0,0,0.0,LOW
2,0.038164,0.013983,0.599204,0.520344,0.447236,0,0,2,1.580306,LOW
20,0.639941,0.035222,0.298597,0.248025,0.152048,0,10,10,34.067714,HIGH
12,0.353005,0.020193,0.246408,0.143267,0.327929,0,7,5,21.592751,MEDIUM
0,0.0,0.0,1.0,1.0,0.0,0,0,0,0.0,LOW
9,0.266694,0.026405,0.188359,0.02,0.328477,0,4,5,11.425005,MEDIUM
12,0.112701,0.009934,0.30843,0.146808,0.259714,4,3,5,25.0,MEDIUM
4,0.02309,0.001,0.575546,0.425637,0.434547,0,1,3,5.0,LOW
3,0.040749,0.031377,1.0,0.881416,0.168994,3,0,0,3.316616,LOW
3,0.152718,0.056413,0.565564,0.453946,0.172901,0,3,0,9.060848,MEDIUM
7,0.345409,0.050418,0.174294,0.02,0.150276,0,4,3,17.832209,MEDIUM
12,0.375651,0.031323,0.424783,0.314706,0.194454,0,2,10,13.364428,MEDIUM
4,0.037481,0.022574,0.508245,0.277063,0.105547,1,0,3,5.0,LOW
4,0.056686,0.001,0.49156,0.299005,0.3102,0,2,2,3.345323,LOW
2,0.009038,0.001,0.695764,0.533258,0.420167,0,1,1,2.354306,LOW
3,0.034197,0.010611,0.882643,0.63919,0.147072,1,0,2,2.697525,LOW
5,0.133718,0.021405,0.374992,0.226837,0.08149,2,2,1,10.435029,MEDIUM
29,0.619699,0.024292,0.224798,0.211206,0.406152,4,5,20,56.322512,HIGH
105,0.83417,0.008324,0.186546,0.176602,0.328183,50,19,36,400.0,HIGH
8,0.191667,0.023091,0.7,0.533575,0.269745,4,1,3,20.184564,MEDIUM
2,0.026916,0.016653,0.930744,0.73552,0.32315,1,1,0,1.24465,LOW
34,0.562962,0.014632,0.130086,0.049102,0.175723,7,9,18,129.62132,HIGH
18,0.581835,0.032522,0.259233,0.17264,0.442373,6,7,5,64.33049,HIGH
1,0.04307,0.043769,0.893628,0.833821,0.053579,0,0,1,0.845806,LOW
57,0.503334,0.002,0.186724,0.123328,0.172547,26,28,3,123.906975,HIGH
8,0.08,0.007874,0.384611,0.302864,0.308799,3,4,1,10.449167,MEDIUM
14,0.320911,0.024717,0.265198,0.198327,0.090501,0,8,6,44.356104,HIGH
0,0.0,0.0,1.0,1.0,0.0,0,0,0,0.0,LOW
12,0.222958,0.022182,0.491693,0.412567,0.290194,2,4,6,25.0,MEDIUM
31,0.482691,0.016774,0.192228,0.1644,0.186978,19,2,10,121.455324,HIGH
2,0.0306,0.010326,0.398625,0.230028,0.497925,2,0,0,2.324815,LOW
11,0.136094,0.010026,0.331402,0.141497,0.344317,2,9,0,25.0,MEDIUM
1,0.010691,0.002085,0.85507,0.79002,0.257892,1,0,0,1.229493,LOW
6,0.33219,0.061474,0.295056,0.096487,0.221626,0,2,4,8.566177,MEDIUM
43,0.608696,0.015733,0.153495,0.112638,0.268532,21,11,11,166.523196,HIGH
10,0.146839,0.010029,0.115963,0.02,0.345014,2,3,5,13.16745,MEDIUM
5,0.394662,0.074239,0.348335,0.232173,0.319306,0,4,1,13.065467,MEDIUM
4,0.19544,0.046045,0.467757,0.35885,0.35728,0,0,4,9.828513,MEDIUM
4,0.046012,0.018362,0.223487,0.05,0.068407,3,0,1,4.602949,LOW
10,0.180976,0.019796,0.539898,0.374392,0.153028,0,0,10,13.923465,MEDIUM
5,0.189205,0.037313,0.175675,0.052036,0.420034,0,3,2,12.384407,MEDIUM
49,0.802014,0.018102,0.212037,0.119466,0.159693,14,13,22,165.355514,HIGH
2,0.001,0.001,0.71643,0.546609,0.0,0,0,2,1.103624,LOW
49,0.725675,0.010024,0.049178,0.002,0.112887,0,27,22,129.074824,HIGH
31,0.754894,0.020179,0.249309,0.167147,0.263587,4,22,5,109.236058,HIGH
12,0.234845,0.016263,0.610825,0.433603,0.297708,1,5,6,16.549806,MEDIUM
7,0.152074,0.021127,0.263559,0.153135,0.45029,0,1,6,9.880321,MEDIUM
37,0.683539,0.018399,0.076182,0.058005,0.208922,6,9,22,64.219121,HIGH
33,0.316739,0.013868,0.238772,0.229413,0.3672,28,1,4,126.834857,HIGH
11,0.79026,0.075375,0.07193,0.025642,0.277942,4,4,3,20.024363,HIGH
5,0.39572,0.081864,0.536086,0.420728,0.259079,3,0,2,13.163116,MEDIUM
4,0.082994,0.02927,0.77455,0.580064,0.041901,1,3,0,4.847743,LOW
53,0.68885,0.012552,0.012401,0.002,0.156072,18,30,5,204.704551,HIGH
3,0.064106,0.011382,0.655415,0.601745,0.345366,1,0,2,2.331035,LOW
3,0.025056,0.017559,1.0,0.944739,0.346655,1,0,2,4.058184,LOW
0,0.0,0.0,1.0,1.0,0.0,0,0,0,0.0,LOW
23,0.36664,0.016639,0.160491,0.091206,0.30167,1,0,22,49.112901,HIGH
9,0.335535,0.026578,0.306184,0.225405,0.41921,2,7,0,16.193986,MEDIUM
58,0.445605,0.011818,0.061382,0.038457,0.335019,20,3,35,179.391767,HIGH
10,0.291978,0.022333,0.41235,0.324055,0.243319,2,4,4,25.0,MEDIUM
9,0.160867,0.024664,0.26998,0.216599,0.444727,1,8,0,23.174431,MEDIUM
3,0.031497,0.001,0.645163,0.510464,0.4243,0,3,0,2.166399,LOW
55,0.66227,0.013612,0.154567,0.139655,0.232747,46,9,0,169.737656,HIGH
14,0.498687,0.032368,0.302478,0.202786,0.124409,1,8,5,47.72624,HIGH
0,0.0,0.0,1.0,1.0,0.0,0,0,0,0.0,LOW
58,0.55137,0.007912,0.229287,0.194557,0.324211,30,18,10,183.868257,HIGH
0,0.0,0.0,1.0,1.0,0.0,0,0,0,0.0,LOW
8,0.361162,0.053595,0.310505,0.236694,0.155235,1,5,2,13.55132,MEDIUM
4,0.032239,0.010437,0.942689,0.695562,0.385654,1,3,0,4.512967,LOW
44,0.494899,0.004831,0.147047,0.074555,0.314839,15,6,23,84.699431,HIGH
8,0.155602,0.020534,0.269729,0.116635,0.308054,3,1,4,9.133061,MEDIUM
3,0.212968,0.069032,0.389651,0.200941,0.093949,0,2,1,2.454664,MEDIUM
3,0.012402,0.011677,0.629663,0.478199,0.091223,0,1,2,2.076051,LOW
11,0.19561,0.015521,0.05,0.02,0.195745,1,8,2,16.925578,MEDIUM
59,0.314885,0.006542,0.005,0.002,0.371858,36,16,7,91.04664,HIGH
48,0.522872,0.014834,0.230991,0.170633,0.130138,6,28,14,109.384569,HIGH
54,0.738259,0.01161,0.147732,0.0923,0.386756,25,21,8,143.527042,HIGH
36,0.436469,0.009341,0.107026,0.039769,0.331967,0,14,22,80.978551,HIGH
4,0.048802,0.001,0.540942,0.33034,0.348012,0,1,3,1.285072,LOW
10,0.113352,0.014622,0.128092,0.052417,0.45633,0,3,7,25.0,MEDIUM
48,0.477344,0.012345,0.194547,0.169163,0.109629,2,15,31,118.638625,HIGH
7,0.08154,0.014605,0.394915,0.251746,0.452338,1,2,4,14.278071,MEDIUM
1,0.001,0.004531,0.875106,0.71352,0.356123,0,0,1,1.213876,LOW
7,0.260086,0.035994,0.210993,0.060257,0.151697,0,2,5,20.761988,MEDIUM
12,0.217563,0.01365,0.59183,0.492628,0.268127,2,8,2,25.0,MEDIUM
28,0.412104,0.01829,0.297708,0.220453,0.105757,10,10,8,79.579218,HIGH
2,0.001,0.00747,0.804259,0.600513,0.490685,0,2,0,2.45991,LOW
2,0.001,0.001,0.967137,0.897774,0.264594,1,0,1,2.64031,LOW
2,0.001,0.011861,0.7399,0.508048,0.167974,0,1,1,2.614378,LOW
55,0.49194,0.008903,0.267716,0.16948,0.229189,22,15,18,103.279237,HIGH
10,0.10091,0.008263,0.279059,0.193452,0.220444,1,1,8,16.802439,MEDIUM
3,0.025113,0.016069,0.758773,0.586392,0.260404,1,1,1,2.832922,LOW
38,0.592686,0.015069,0.005,0.002,0.196875,25,13,0,57.537294,HIGH
3,0.024734,0.009863,0.77512,0.722637,0.152115,0,3,0,2.787746,LOW
3,0.124602,0.039236,0.597196,0.462564,0.287649,0,3,0,4.328179,MEDIUM
7,0.102414,0.02402,0.367814,0.315509,0.129191,3,2,2,13.197788,MEDIUM
18,0.567986,0.029936,0.06462,0.002,0.187249,9,5,4,59.369223,HIGH
12,0.160369,0.019972,0.452524,0.258127,0.417728,0,6,6,25.0,MEDIUM
0,0.0,0.0,1.0,1.0,0.0,0,0,0,0.0,LOW
2,0.008924,0.004453,0.528961,0.362894,0.160195,0,0,2,1.064256,LOW
12,0.602578,0.051347,0.243668,0.168423,0.482171,6,3,3,26.48277,HIGH
42,0.787343,0.016324,0.05251,0.035677,0.109494,7,17,18,108.720565,HIGH
8,0.37205,0.053781,0.466876,0.354935,0.400728,5,3,0,10.251245,MEDIUM
2,0.032162,0.020795,0.479593,0.233308,0.155319,0,1,1,1.315977,LOW
8,0.200506,0.023023,0.600028,0.524185,0.29185,2,3,3,17.961522,MEDIUM
4,0.040169,0.025289,0.478363,0.302636,0.158219,2,2,0,4.622716,LOW
6,0.136793,0.024393,0.107337,0.02,0.233631,0,6,0,17.099553,MEDIUM
5,0.091574,0.023674,0.294819,0.149504,0.209006,4,0,1,12.342581,MEDIUM
1,0.028159,0.038489,0.829643,0.699213,0.0,0,1,0,0.453131,LOW
2,0.006579,0.001,0.59373,0.37908,0.435205,0,2,0,1.183711,LOW
11,0.576934,0.051082,0.005933,0.002,0.202152,0,8,3,34.169664,HIGH
4,0.043424,0.031222,0.539721,0.329212,0.430284,3,0,1,5.0,LOW
3,0.4367,0.1,0.220261,0.066748,0.303353,0,2,1,3.952098,MEDIUM
15,0.742038,0.050095,0.121243,0.061695,0.071777,0,9,6,41.368931,HIGH
22,0.451799,0.020414,0.147305,0.097855,0.289862,6,1,15,63.806116,HIGH
38,0.507985,0.013246,0.206914,0.124442,0.02,1,3,34,125.499629,HIGH
12,0.251907,0.020295,0.221557,0.047345,0.342726,0,8,4,25.0,MEDIUM
3,0.237171,0.078463,0.58247,0.397996,0.458465,0,3,0,7.206243,MEDIUM
5,0.226022,0.039919,0.38883,0.330011,0.324036,1,0,4,10.731252,MEDIUM
3,0.001,0.001028,0.914,0.815539,0.367982,1,2,0,2.093397,LOW
2,0.011115,0.001,0.945606,0.816986,0.51189,0,1,1,1.278052,LOW
1,0.014481,0.025571,0.970397,0.916651,0.17282,0,1,0,0.700274,LOW
4,0.001,0.002311,0.992183,0.873248,0.096754,0,4,0,4.024165,LOW
9,0.288711,0.033113,0.436967,0.349012,0.288542,5,0,4,17.670172,MEDIUM
1,0.031099,0.031299,0.808962,0.653912,0.433504,0,0,1,0.981547,LOW
24,0.726616,0.032867,0.076446,0.022658,0.305019,10,8,6,55.236659,HIGH
2,0.001,0.001,0.529971,0.314038,0.309993,1,1,0,2.493652,LOW
135,0.633829,0.005666,0.188533,0.162396,0.406198,5,15,115,252.898066,HIGH
40,0.275182,0.002,0.102774,0.061827,0.347821,16,21,3,70.371874,HIGH
2,0.013689,0.0119,0.995975,0.929937,0.319336,2,0,0,1.960177,LOW
91,0.698979,0.002445,0.06582,0.024419,0.363988,14,69,8,223.658603,HIGH
4,0.025758,0.018661,0.854113,0.678816,0.406122,1,3,0,3.730145,LOW
56,0.634906,0.017055,0.152533,0.104608,0.183032,12,1,43,192.70306,HIGH
8,0.08,0.01343,0.194037,0.116828,0.471473,0,4,4,15.238597,MEDIUM
38,0.645154,0.015703,0.129624,0.047774,0.294613,22,2,14,81.407065,HIGH
0,0.0,0.0,1.0,1.0,0.0,0,0,0,0.0,LOW
126,0.692165,0.004187,0.080961,0.051396,0.109543,5,59,62,279.601385,HIGH
48,0.652491,0.018776,0.165791,0.154686,0.351176,23,11,14,103.202463,HIGH
3,0.080507,0.033322,0.275068,0.210883,0.327205,0,1,2,6.420721,MEDIUM
4,0.252023,0.065074,0.590071,0.462211,0.17187,1,1,2,11.711532,MEDIUM
49,0.739401,0.015077,0.184428,0.125259,0.107076,0,26,23,139.784094,HIGH
24,0.662922,0.027144,0.184145,0.143936,0.114456,7,4,13,40.675009,HIGH
2,0.043483,0.010509,0.990606,0.761624,0.319205,0,2,0,2.350678,LOW
4,0.02301,0.024081,0.885976,0.660653,0.392086,2,1,1,3.163351,LOW
7,0.279761,0.036613,0.423672,0.234531,0.333197,0,3,4,14.773974,MEDIUM
7,0.113738,0.018365,0.406676,0.285573,0.157302,0,3,4,11.587691,MEDIUM
5,0.08,0.015709,0.411005,0.237539,0.346424,2,2,1,11.409175,MEDIUM
44,0.644336,0.017246,0.019263,0.002,0.347943,0,29,15,132.452814,HIGH
11,0.278477,0.034868,0.342263,0.177584,0.203058,9,0,2,16.294055,MEDIUM
1,0.006359,0.020518,0.508409,0.373309,0.418811,1,0,0,0.653005,LOW
32,0.350867,0.00585,0.187653,0.135311,0.378439,21,11,0,98.319317,HIGH
0,0.0,0.0,1.0,1.0,0.0,0,0,0,0.0,LOW
56,0.785141,0.010879,0.10771,0.044466,0.265009,16,17,23,208.769229,HIGH
32,0.845716,0.01968,0.040492,0.002,0.174806,0,4,28,52.491615,HIGH
0,0.0,0.0,1.0,1.0,0.0,0,0,0,0.0,LOW
2,0.001,0.001,0.392636,0.20065,0.265929,0,2,0,2.15408,LOW
51,0.874598,0.01842,0.225101,0.147948,0.339793,1,14,36,109.583752,HIGH
3,0.056423,0.035914,1.0,0.943066,0.279797,2,0,1,1.354074,LOW
7,0.299212,0.047679,0.316485,0.214204,0.37921,0,6,1,11.27552,MEDIUM
4,0.01099,0.001,1.0,0.823544,0.196878,4,0,0,3.52292,LOW
11,0.177205,0.008271,0.291943,0.172527,0.393564,0,1,10,14.493605,MEDIUM
24,0.401419,0.014029,0.176153,0.09219,0.208555,2,13,9,50.433557,HIGH
3,0.009245,0.001,0.712148,0.494007,0.494781,1,2,0,2.599723,LOW
3,0.133153,0.05363,0.303403,0.228691,0.406884,3,0,0,5.024333,MEDIUM
3,0.495115,0.1,0.343567,0.223274,0.179196,0,1,2,4.05624,MEDIUM
6,0.33431,0.051403,0.30231,0.153071,0.330509,5,1,0,11.367691,MEDIUM
5,0.144381,0.019602,0.204808,0.090009,0.340143,2,3,0,11.137339,MEDIUM
57,0.680734,0.014601,0.150206,0.077961,0.161004,35,21,1,165.532093,HIGH
5,0.160469,0.028071,0.21224,0.086015,0.240071,3,2,0,8.67004,MEDIUM
8,0.111966,0.010116,0.632349,0.553406,0.235199,1,5,2,11.25747,MEDIUM
8,0.182386,0.019595,0.26018,0.146631,0.369544,5,3,0,15.651211,MEDIUM
4,0.189814,0.049714,0.364898,0.297091,0.455573,0,3,1,8.393194,MEDIUM
59,0.485389,0.009689,0.118071,0.072559,0.296039,7,5,47,172.42063,HIGH
3,0.323394,0.1,0.7,0.586754,0.284146,0,2,1,6.318246,MEDIUM
0,0.0,0.0,1.0,1.0,0.0,0,0,0,0.0,LOW
11,0.119004,0.007166,0.476398,0.361504,0.295856,5,1,5,12.695329,MEDIUM
30,0.863803,0.029843,0.077291,0.002074,0.299026,0,12,18,49.468678,HIGH
6,0.140847,0.019052,0.545951,0.447583,0.34798,1,4,1,8.790999,MEDIUM
1,0.001,0.001,0.763829,0.588108,0.36751,1,0,0,0.691886,LOW
15,0.619119,0.040452,0.097115,0.004256,0.431708,5,4,6,50.467478,HIGH
5,0.156225,0.037422,0.347795,0.165098,0.133731,3,0,2,7.077742,MEDIUM
15,0.643854,0.03767,0.181715,0.141301,0.189756,2,7,6,51.344131,HIGH
0,0.0,0.0,1.0,1.0,0.0,0,0,0,0.0,LOW
101,0.622924,0.004876,0.155474,0.05612,0.238983,5,61,35,376.093721,HIGH
1,0.030962,0.024687,0.501632,0.256844,0.188212,1,0,0,0.510255,LOW
7,0.255955,0.041353,0.597405,0.533538,0.240129,1,1,5,16.803278,MEDIUM
46,0.667032,0.015727,0.096932,0.077534,0.238002,17,12,17,108.154082,HIGH
5,0.223796,0.040576,0.345691,0.197381,0.222851,0,1,4,13.241962,MEDIUM
28,0.393258,0.014181,0.075651,0.002,0.422883,2,15,11,74.642062,HIGH
10,0.879256,0.08,0.005,0.002,0.223725,1,8,1,18.259474,HIGH
4,0.020225,0.001,0.756207,0.610506,0.300225,1,3,0,3.023095,LOW
39,0.437036,0.010932,0.170669,0.145518,0.342932,1,15,23,65.672634,HIGH
4,0.001,0.005277,0.898382,0.80345,0.245848,1,2,1,4.019604,LOW
0,0.0,0.0,1.0,1.0,0.0,0,0,0,0.0,LOW
4,0.008044,0.001,0.702928,0.571786,0.070379,2,0,2,2.050947,LOW
25,0.455604,0.011664,0.11061,0.030163,0.30758,11,14,0,65.533736,HIGH
4,0.18419,0.057804,0.357685,0.23936,0.05,1,3,0,8.470627,MEDIUM
5,0.291467,0.051384,0.251024,0.084499,0.132133,2,3,0,14.086773,MEDIUM
16,0.442358,0.02646,0.16926,0.127052,0.29282,7,6,3,43.225223,HIGH
56,0.536698,0.009977,0.205999,0.164101,0.070189,21,28,7,199.321802,HIGH
35,0.478746,0.015981,0.024049,0.002,0.308589,2,22,11,118.245615,HIGH
0,0.0,0.0,1.0,1.0,0.0,0,0,0,0.0,LOW
1,0.014892,0.045511,0.615265,0.509862,0.407038,0,0,1,1.390362,LOW
59,0.366648,0.007176,0.032805,0.002,0.14702,6,8,45,91.322711,HIGH
137,0.493666,0.002553,0.137679,0.12441,0.251993,48,31,58,400.0,HIGH
51,0.458305,0.009492,0.189,0.125662,0.183738,6,19,26,161.269258,HIGH
0,0.0,0.0,1.0,1.0,0.0,0,0,0,0.0,LOW
6,0.216268,0.034753,0.312903,0.220471,0.300476,3,1,2,6.324438,MEDIUM
1,0.010525,0.013633,0.354178,0.283802,0.487599,0,1,0,0.457698,LOW
0,0.0,0.0,1.0,1.0,0.0,0,0,0,0.0,LOW
51,0.359948,0.009718,0.276051,0.257704,0.375533,24,26,1,121.286269,HIGH
3,0.012747,0.004455,0.742122,0.566624,0.092083,0,1,2,3.258895,LOW
4,0.004338,0.017486,0.447647,0.395512,0.321541,1,3,0,3.481078,LOW
3,0.027528,0.00324,0.584843,0.471221,0.185631,0,0,3,2.27797,LOW
1,0.026306,0.040598,0.943028,0.745574,0.150098,0,1,0,1.364609,LOW
23,0.582078,0.027309,0.062424,0.002,0.262199,8,0,15,60.066088,HIGH
36,0.411044,0.010888,0.005,0.002,0.275609,1,21,14,58.014677,HIGH
12,0.087843,0.008228,0.285429,0.211764,0.187018,2,6,4,25.0,MEDIUM
0,0.0,0.0,1.0,1.0,0.0,0,0,0,0.0,LOW
35,0.568338,0.013668,0.137409,0.095462,0.422974,12,6,17,116.735809,HIGH
6,0.218594,0.04712,0.102065,0.02,0.108998,1,0,5,11.694,MEDIUM
29,0.722111,0.03108,0.12951,0.123551,0.165325,0,6,23,104.99579,HIGH
24,0.51088,0.020866,0.1796,0.122021,0.049372,7,6,11,72.203292,HIGH
58,0.666906,0.012388,0.187017,0.131043,0.294062,29,0,29,184.821415,HIGH
4,0.254352,0.066345,0.529063,0.341571,0.439882,1,2,1,5.390157,MEDIUM
9,0.275388,0.026193,0.421953,0.340537,0.05,2,4,3,20.810086,MEDIUM
3,0.021752,0.014439,0.377905,0.306376,0.301853,1,1,1,3.810266,LOW
24,0.534587,0.025882,0.069487,0.008653,0.129385,1,11,12,79.292205,HIGH
8,0.116182,0.020957,0.572087,0.440156,0.218827,3,2,3,20.356285,MEDIUM
4,0.08,0.022858,0.134281,0.048996,0.402728,0,1,3,10.72079,MEDIUM
47,0.385018,0.002791,0.038142,0.004827,0.177396,14,6,27,99.397978,HIGH
3,0.026943,0.001,0.929997,0.856761,0.323721,1,2,0,2.245624,LOW
10,0.496344,0.054824,0.10046,0.0293,0.20437,2,7,1,35.657251,HIGH
10,0.167819,0.009799,0.142101,0.02,0.432416,6,4,0,25.0,MEDIUM
4,0.020934,0.003893,0.435561,0.234368,0.335824,2,0,2,1.823628,LOW
1,0.007412,0.020677,0.499108,0.258034,0.273784,0,0,1,0.965762,LOW
23,0.324293,0.014229,0.240373,0.195797,0.23556,1,13,9,55.763131,HIGH
9,0.08,0.005,0.212051,0.116084,0.244086,2,2,5,25.0,MEDIUM
10,0.516326,0.049162,0.266001,0.258006,0.352973,3,0,7,33.300113,HIGH
3,0.035357,0.0163,0.768867,0.525319,0.165116,0,0,3,3.421564,LOW
5,0.299614,0.053353,0.136691,0.039124,0.0592,0,3,2,13.336028,MEDIUM
11,0.08,0.005,0.649262,0.581224,0.14946,4,5,2,25.0,MEDIUM
13,0.758293,0.059164,0.196525,0.135382,0.227274,4,7,2,47.459877,HIGH
4,0.337861,0.090808,0.216211,0.046955,0.39917,2,1,1,3.841123,MEDIUM
2,0.001,0.001,1.0,0.787275,0.094707,0,0,2,3.01308,LOW
1,0.036996,0.043233,0.607054,0.488,0.223615,0,0,1,1.504585,LOW
2,0.079291,0.054829,0.706579,0.635615,0.428227,0,1,1,1.300837,LOW
47,0.582115,0.018059,0.077059,0.002,0.198092,0,45,2,116.983535,HIGH
44,0.549294,0.006096,0.197169,0.115951,0.333116,2,30,12,158.942979,HIGH
8,0.104946,0.011025,0.257314,0.173318,0.172715,2,5,1,21.559299,MEDIUM
3,0.030252,0.025311,0.40653,0.215463,0.393149,0,2,1,3.483844,LOW
35,0.429311,0.003216,0.116441,0.090473,0.137277,5,6,24,102.85001,HIGH
27,0.56056,0.019096,0.143138,0.091119,0.355623,0,15,12,84.766933,HIGH
59,0.771546,0.011028,0.187138,0.174173,0.199587,11,23,25,198.161688,HIGH
3,0.055142,0.016205,0.841751,0.734687,0.277472,0,3,0,1.700427,LOW
9,0.157067,0.018543,0.062812,0.02,0.49137,0,6,3,25.0,MEDIUM
0,0.0,0.0,1.0,1.0,0.0,0,0,0,0.0,LOW
3,0.010699,0.001,0.532739,0.415714,0.240745,1,2,0,3.344479,LOW
15,0.446235,0.027196,0.182111,0.111572,0.12901,11,1,3,59.030849,HIGH
5,0.08,0.015193,0.174949,0.02,0.20649,4,0,1,8.6735,MEDIUM
12,0.423589,0.034806,0.048258,0.035894,0.108886,2,9,1,20.361802,HIGH
9,0.304274,0.029963,0.079545,0.02,0.269479,3,6,0,21.923486,MEDIUM
4,0.08,0.022821,0.211454,0.050581,0.169824,1,1,2,7.408449,MEDIUM
40,0.6517,0.010226,0.094569,0.01266,0.362347,5,28,7,81.776523,HIGH
141,0.484686,0.003866,0.01664,0.002,0.163617,31,17,93,349.154578,HIGH
6,0.137385,0.013614,0.322748,0.240672,0.207976,0,4,2,12.93047,MEDIUM
2,0.003685,0.001517,0.608582,0.466325,0.240143,0,0,2,2.020238,LOW
0,0.0,0.0,1.0,1.0,0.0,0,0,0,0.0,LOW
38,0.44488,0.014622,0.010926,0.002,0.28288,2,13,23,81.87511,HIGH
52,0.687713,0.011152,0.11413,0.056845,0.240263,2,49,1,175.666728,HIGH
2,0.026389,0.005762,0.579793,0.36019,0.324548,0,2,0,1.42305,LOW
3,0.012286,0.009597,0.857015,0.759988,0.381678,1,0,2,2.521852,LOW
5,0.214099,0.046523,0.344472,0.233278,0.203852,3,0,2,5.516626,MEDIUM
0,0.0,0.0,1.0,1.0,0.0,0,0,0,0.0,LOW
38,0.344511,0.005229,0.093447,0.039592,0.36534,4,17,17,112.627692,HIGH
6,0.455765,0.072523,0.26109,0.187935,0.278648,5,0,1,16.531646,MEDIUM
32,0.719628,0.023763,0.138867,0.065735,0.318188,6,25,1,52.075128,HIGH
2,0.013327,0.006597,0.428164,0.303371,0.222646,1,0,1,2.019112,LOW
9,0.172275,0.020988,0.488118,0.412327,0.290393,7,1,1,14.413588,MEDIUM
5,0.375959,0.067922,0.482786,0.299212,0.473608,1,3,1,6.940113,MEDIUM
4,0.001,0.001,1.0,0.89218,0.296316,3,0,1,2.852105,LOW
5,0.246047,0.055181,0.496974,0.419377,0.231163,2,2,1,13.420764,MEDIUM
12,0.331792,0.026289,0.595323,0.537314,0.487428,2,2,8,12.837506,MEDIUM
35,0.59028,0.015823,0.079214,0.002,0.347908,16,19,0,67.493386,HIGH
77,0.511834,0.009216,0.208231,0.18522,0.294565,45,21,11,221.215112,HIGH
1,0.001,0.001,0.940197,0.866892,0.519654,0,1,0,0.549624,LOW
48,0.769957,0.014369,0.272783,0.213162,0.110346,1,33,14,107.096843,HIGH
7,0.24958,0.042195,0.345592,0.247683,0.275612,0,6,1,9.233937,MEDIUM
3,0.023092,0.013373,0.789423,0.624235,0.423044,0,1,2,3.507119,LOW
54,0.419725,0.007909,0.240043,0.166138,0.212509,24,1,29,176.925118,HIGH
12,0.652792,0.05585,0.119053,0.079863,0.190228,1,10,1,42.333088,HIGH
34,0.717051,0.022415,0.115974,0.033584,0.210115,7,0,27,61.759407,HIGH
35,0.73335,0.017771,0.233353,0.214844,0.289049,2,10,23,96.547726,HIGH
30,0.40754,0.009037,0.284777,0.259717,0.146565,10,5,15,100.836321,HIGH
2,0.019011,0.001679,0.697931,0.627185,0.433347,0,1,1,2.30225,LOW
59,0.687018,0.013036,0.18227,0.122543,0.358273,3,15,41,127.370243,HIGH
4,0.001499,0.008067,0.735424,0.563958,0.114169,1,1,2,2.893,LOW
0,0.0,0.0,1.0,1.0,0.0,0,0,0,0.0,LOW
52,0.458071,0.006282,0.198453,0.188988,0.417008,16,18,18,168.991859,HIGH
14,0.683693,0.044549,0.143256,0.058504,0.283927,6,1,7,49.71368,HIGH
12,0.181125,0.016504,0.522425,0.4623,0.231481,3,6,3,25.0,MEDIUM
8,0.08,0.014912,0.123759,0.02,0.234088,0,2,6,23.882412,MEDIUM
11,0.275319,0.034279,0.314456,0.223672,0.445369,1,2,8,23.434672,MEDIUM
8,0.113193,0.012994,0.687903,0.590257,0.072737,2,6,0,15.074726,MEDIUM
43,0.655509,0.012979,0.19132,0.15106,0.272081,1,13,29,164.938304,HIGH
4,0.002376,0.005303,0.599997,0.358476,0.153334,2,1,1,3.41106,LOW
43,0.497462,0.008793,0.171163,0.119961,0.389962,27,6,10,71.651616,HIGH
2,0.042957,0.034212,1.0,0.932871,0.125143,0,1,1,0.664528,LOW
12,0.08,0.011761,0.7,0.647094,0.213882,6,1,5,13.417232,MEDIUM
9,0.163561,0.014535,0.209833,0.13713,0.251907,0,3,6,12.973176,MEDIUM
3,0.019743,0.010932,0.822109,0.622225,0.308674,0,0,3,3.931344,LOW
11,0.754262,0.07142,0.170484,0.072653,0.200365,1,8,2,26.758602,HIGH
32,0.392963,0.015868,0.243467,0.166847,0.317047,11,15,6,122.5559,HIGH
1,0.004568,0.015632,0.324923,0.171928,0.259329,0,0,1,1.071677,LOW
37,0.427091,0.010832,0.231011,0.132793,0.123792,23,11,3,98.77684,HIGH
1,0.023882,0.009836,0.502237,0.420222,0.183823,0,0,1,0.554336,LOW
3,0.044957,0.011035,0.579132,0.365707,0.458228,1,1,1,1.573562,LOW
46,0.648149,0.019201,0.202236,0.189508,0.272881,19,23,4,90.703453,HIGH
6,0.49232,0.086855,0.347568,0.247601,0.440315,3,0,3,17.717894,MEDIUM
3,0.333815,0.1,0.333005,0.206574,0.259049,2,1,0,4.155022,MEDIUM
131,0.807309,0.011569,0.162641,0.077767,0.265025,47,51,33,391.495697,HIGH
4,0.023486,0.001,0.538544,0.294159,0.380718,0,3,1,4.876129,LOW
3,0.046232,0.026399,0.839783,0.609273,0.290445,3,0,0,1.197605,LOW
5,0.371407,0.078455,0.175241,0.027578,0.361539,1,2,2,12.509424,MEDIUM
0,0.0,0.0,1.0,1.0,0.0,0,0,0,0.0,LOW
4,0.431799,0.1,0.257966,0.147434,0.134265,0,2,2,11.432635,MEDIUM
0,0.0,0.0,1.0,1.0,0.0,0,0,0,0.0,LOW
13,0.459785,0.032833,0.177894,0.084739,0.315589,6,4,3,31.825243,HIGH
17,0.576739,0.03138,0.174446,0.134828,0.181806,4,10,3,55.631591,HIGH
10,0.250755,0.018694,0.56517,0.413697,0.426449,0,4,6,22.575834,MEDIUM
35,0.398396,0.008526,0.005,0.002,0.283105,3,29,3,57.101384,HIGH
42,0.594605,0.014751,0.105881,0.074831,0.22876,7,27,8,120.427294,HIGH
4,0.027683,0.016046,1.0,0.898078,0.299358,0,0,4,4.314756,LOW
1,0.038105,0.061282,0.698671,0.498416,0.285256,0,0,1,1.345451,LOW
23,0.651304,0.023389,0.016719,0.002,0.23141,8,1,14,43.971178,HIGH
9,0.08,0.005,0.512372,0.43648,0.353737,7,1,1,8.72425,MEDIUM
1,0.046674,0.059242,0.517593,0.438286,0.40106,1,0,0,1.213769,LOW
0,0.0,0.0,1.0,1.0,0.0,0,0,0,0.0,LOW
3,0.0086,0.004752,0.9496,0.710997,0.186501,0,3,0,1.754663,LOW
3,0.190115,0.062223,0.66672,0.570292,0.294683,0,0,3,3.560135,MEDIUM
4,0.069946,0.012904,0.692645,0.47882,0.135064,2,0,2,3.742709,LOW
7,0.091489,0.014848,0.606664,0.530195,0.289008,3,0,4,19.272855,MEDIUM
2,0.005055,0.002682,0.352509,0.112989,0.262185,0,0,2,1.752412,LOW
0,0.0,0.0,1.0,1.0,0.0,0,0,0,0.0,LOW
3,0.028822,0.027432,0.421871,0.252302,0.42482,1,1,1,2.794542,LOW
60,0.459669,0.008466,0.220213,0.189441,0.3525,6,49,5,102.813837,HIGH
18,0.580222,0.035942,0.160376,0.140236,0.140602,10,7,1,30.312423,HIGH
4,0.001,0.013654,0.779677,0.593838,0.425489,3,0,1,3.233453,LOW
62,0.553477,0.009451,0.134012,0.086159,0.197283,0,55,7,204.911547,HIGH
7,0.110126,0.012548,0.494268,0.435585,0.353332,0,5,2,20.403832,MEDIUM
3,0.014111,0.013416,0.877591,0.82361,0.439437,1,1,1,1.379358,LOW
2,0.061642,0.022695,0.636446,0.397298,0.276938,1,0,1,2.892325,LOW
3,0.062019,0.011045,0.461115,0.282096,0.379811,0,1,2,1.111174,LOW
3,0.138031,0.048759,0.598071,0.504208,0.237968,1,1,1,6.808142,MEDIUM
4,0.226838,0.050562,0.412392,0.231247,0.453001,1,2,1,4.244779,MEDIUM
1,0.031798,0.032711,0.679386,0.621229,0.257247,1,0,0,1.2704,LOW
47,0.463896,0.009085,0.108749,0.036459,0.085536,11,33,3,117.803795,HIGH
27,0.510454,0.017905,0.148831,0.111781,0.168149,23,1,3,88.518689,HIGH
10,0.407222,0.044701,0.090142,0.029373,0.02,0,4,6,36.994061,HIGH
1,0.063382,0.068525,0.644688,0.51998,0.345348,0,0,1,0.985979,LOW
7,0.08,0.010097,0.563857,0.471935,0.328271,0,3,4,13.877174,MEDIUM
23,0.569163,0.025207,0.23945,0.231308,0.372641,0,23,0,51.011781,HIGH
112,0.484608,0.002,0.060587,0.031154,0.238242,18,50,44,216.179031,HIGH
5,0.299243,0.058056,0.069445,0.02,0.366611,2,1,2,12.279536,MEDIUM
116,0.412446,0.002,0.239805,0.197362,0.340128,12,46,58,388.198461,HIGH
4,0.033757,0.006874,1.0,0.907299,0.549409,1,3,0,4.769255,LOW
1,0.062517,0.080813,0.773407,0.648845,0.451382,0,0,1,0.31927,LOW
9,0.215255,0.023027,0.426819,0.298236,0.223358,2,5,2,16.553834,MEDIUM
1,0.0093,0.008921,0.430549,0.26539,0.281437,0,1,0,0.862655,LOW
0,0.0,0.0,1.0,1.0,0.0,0,0,0,0.0,LOW
8,0.168129,0.015461,0.420475,0.222436,0.192369,0,8,0,22.037471,MEDIUM
1,0.039231,0.039921,0.837536,0.588859,0.336681,0,0,1,0.644921,LOW
10,0.159949,0.023733,0.29268,0.12632,0.341103,3,7,0,18.414614,MEDIUM
3,0.256453,0.080532,0.635358,0.575781,0.183322,0,1,2,6.248292,MEDIUM
10,0.254247,0.020405,0.568972,0.447489,0.184037,0,4,6,12.518379,MEDIUM
35,0.623807,0.022311,0.029089,0.002,0.259487,12,9,14,93.382522,HIGH
11,0.128357,0.00758,0.05,0.02,0.123478,0,4,7,17.205093,MEDIUM
6,0.455183,0.082701,0.492766,0.442085,0.147181,0,0,6,11.322348,MEDIUM
3,0.019513,0.001,0.938825,0.832132,0.304094,0,2,1,3.93307,LOW
6,0.163115,0.017384,0.139105,0.02,0.274509,0,6,0,9.310039,MEDIUM
3,0.057337,0.025767,0.478101,0.229648,0.282421,1,0,2,1.246671,LOW
15,0.396216,0.02584,0.005,0.002,0.204026,9,0,6,30.53942,HIGH
101,0.850507,0.004882,0.153474,0.087825,0.072269,88,10,3,357.061293,HIGH
3,0.010194,0.001,0.535031,0.408418,0.424357,0,2,1,3.02142,LOW
51,0.47732,0.013739,0.084996,0.057837,0.153785,30,15,6,127.937268,HIGH
18,0.476859,0.026939,0.177608,0.142546,0.340278,0,10,8,40.528067,HIGH
58,0.807798,0.017211,0.120857,0.075063,0.075966,7,21,30,87.390382,HIGH
5,0.106246,0.026757,0.107219,0.02,0.42508,4,0,1,12.010784,MEDIUM
22,0.482543,0.023499,0.128836,0.040871,0.299662,1,18,3,80.447435,HIGH
3,0.038386,0.009729,1.0,0.916175,0.117422,2,1,0,4.163919,LOW
2,0.022546,0.001,0.590714,0.485706,0.0,1,0,1,3.151562,LOW
3,0.08,0.018865,0.365604,0.302932,0.389552,3,0,0,6.40987,MEDIUM
30,0.673475,0.022909,0.07112,0.023172,0.154164,2,15,13,111.59743,HIGH
9,0.302094,0.02602,0.371868,0.312106,0.284287,0,1,8,17.219216,MEDIUM
47,0.648957,0.010417,0.216858,0.182955,0.197509,9,29,9,89.109031,HIGH
5,0.311301,0.061407,0.495931,0.31068,0.427797,0,0,5,11.880604,MEDIUM
4,0.08,0.024151,0.191656,0.132627,0.423617,1,3,0,9.970734,MEDIUM
4,0.151781,0.02984,0.490058,0.438654,0.296007,0,4,0,9.800314,MEDIUM
10,0.146722,0.01125,0.383286,0.189556,0.33647,4,5,1,18.616235,MEDIUM
7,0.100821,0.009284,0.624247,0.507832,0.209012,3,2,2,15.500063,MEDIUM
6,0.224315,0.040965,0.559599,0.362631,0.420282,4,1,1,8.798026,MEDIUM
12,0.106908,0.012794,0.411487,0.351474,0.258084,1,5,6,25.0,MEDIUM
9,0.365515,0.037615,0.37743,0.185988,0.214199,1,5,3,24.092993,MEDIUM
11,0.159736,0.014559,0.570011,0.482176,0.158093,3,7,1,25.0,MEDIUM
56,0.784853,0.007884,0.026573,0.002,0.131156,14,15,27,132.025369,HIGH
3,0.00877,0.023945,0.600201,0.480503,0.560158,0,1,2,1.701677,LOW
22,0.660711,0.030293,0.049337,0.002,0.195764,2,12,8,48.362345,HIGH
17,0.510669,0.02909,0.24363,0.186149,0.080101,5,11,1,52.238719,HIGH
28,0.424082,0.01327,0.06786,0.023844,0.383139,7,20,1,57.183833,HIGH
5,0.364683,0.07068,0.230917,0.112144,0.175821,0,4,1,11.311281,MEDIUM
6,0.322163,0.051285,0.597957,0.416024,0.191774,1,0,5,7.396057,MEDIUM
45,0.54085,0.010132,0.18241,0.134116,0.132274,27,9,9,111.034148,HIGH
3,0.009141,0.001512,1.0,0.94992,0.132749,3,0,0,2.038603,LOW
3,0.007386,0.016696,0.822063,0.721651,0.09239,1,2,0,2.049388,LOW
54,0.791819,0.020076,0.015379,0.002,0.28368,0,26,28,185.272194,HIGH
11,0.318058,0.026376,0.155219,0.02,0.161857,3,4,4,25.0,MEDIUM
10,0.146796,0.024556,0.150275,0.02,0.080143,0,2,8,13.722217,MEDIUM
20,0.714452,0.036127,0.080624,0.048807,0.213405,1,17,2,78.558692,HIGH
9,0.182652,0.024652,0.421238,0.301683,0.205202,7,1,1,17.874342,MEDIUM
53,0.458926,0.011442,0.104458,0.096329,0.141857,17,3,33,172.755587,HIGH
3,0.185481,0.054906,0.306575,0.13141,0.213531,0,3,0,7.112654,MEDIUM
4,0.057027,0.020845,0.451726,0.400666,0.390282,2,2,0,3.801603,LOW
31,0.613478,0.023111,0.032555,0.002,0.376041,15,6,10,102.190939,HIGH
2,0.021011,0.001793,0.345358,0.209437,0.346644,0,2,0,3.044832,LOW
1,0.02301,0.021662,0.985445,0.920647,0.166592,0,1,0,1.133473,LOW
9,0.25469,0.033554,0.245591,0.095315,0.383266,3,5,1,20.627324,MEDIUM
10,0.164664,0.01238,0.18105,0.039422,0.327018,1,5,4,25.0,MEDIUM
39,0.548006,0.010537,0.061512,0.049312,0.247709,18,9,12,155.49922,HIGH
3,0.070029,0.043183,0.459884,0.382119,0.064265,0,3,0,2.310224,LOW
1,0.031192,0.026954,0.411927,0.163572,0.251381,0,0,1,1.174919,LOW
4,0.029429,0.001,0.711179,0.541479,0.151299,0,4,0,5.0,LOW
28,0.495467,0.014607,0.148215,0.062992,0.193527,1,0,27,98.414198,HIGH
2,0.015633,0.011005,0.919307,0.822848,0.531363,1,0,1,1.180599,LOW
2,0.001,0.001,0.75095,0.540661,0.357289,0,2,0,2.159773,LOW
5,0.287173,0.055893,0.129166,0.028917,0.370465,0,1,4,14.402603,MEDIUM
2,0.018192,0.004977,0.580421,0.367507,0.333386,0,1,1,1.839222,LOW
2,0.004958,0.011839,0.582183,0.520481,0.334809,0,1,1,1.276629,LOW
6,0.326585,0.054893,0.063573,0.02,0.15336,3,2,1,13.973682,MEDIUM
0,0.0,0.0,1.0,1.0,0.0,0,0,0,0.0,LOW
15,0.725936,0.050554,0.268771,0.204682,0.170743,0,3,12,50.526165,HIGH
52,0.566655,0.009285,0.209131,0.145231,0.140635,14,2,36,111.01874,HIGH
0,0.0,0.0,1.0,1.0,0.0,0,0,0,0.0,LOW
7,0.286903,0.035266,0.210441,0.110899,0.26171,3,2,2,9.928326,MEDIUM
4,0.001,0.016322,0.591379,0.447481,0.122858,1,1,2,5.0,LOW
4,0.029803,0.001,0.920612,0.762067,0.21374,1,0,3,4.258478,LOW
0,0.0,0.0,1.0,1.0,0.0,0,0,0,0.0,LOW
19,0.42052,0.025478,0.049159,0.002,0.314085,4,10,5,34.796627,HIGH
4,0.001,0.001,0.948083,0.816722,0.17938,1,2,1,3.426871,LOW
3,0.011213,0.001,0.644363,0.513011,0.098665,0,2,1,1.612288,LOW
5,0.225599,0.046454,0.547423,0.471559,0.093908,1,3,1,10.354238,MEDIUM
24,0.960476,0.038394,0.090596,0.022678,0.38957,3,9,12,70.802801,HIGH
91,0.452102,0.002,0.047199,0.002,0.346125,15,52,24,174.017518,HIGH
29,0.584136,0.019878,0.045312,0.002,0.305225,9,3,17,63.098277,HIGH
8,0.10399,0.019163,0.637281,0.529136,0.160196,4,3,1,13.742353,MEDIUM
13,0.708628,0.054937,0.060689,0.01855,0.229705,0,13,0,21.398055,HIGH
11,0.715051,0.067076,0.095225,0.030761,0.116693,1,1,9,36.169659,HIGH
1,0.01752,0.004559,0.968413,0.755854,0.243569,0,1,0,1.139863,LOW
3,0.004936,0.001,0.644043,0.423789,0.189057,1,2,0,1.007478,LOW
2,0.014967,0.001,0.868894,0.813972,0.109362,0,2,0,1.212343,LOW
3,0.16607,0.056039,0.642858,0.504461,0.347119,1,2,0,7.082946,MEDIUM
0,0.0,0.0,1.0,1.0,0.0,0,0,0,0.0,LOW
56,0.642727,0.013814,0.118551,0.033655,0.267006,15,26,15,100.965248,HIGH
10,0.080834,0.011888,0.447306,0.351126,0.139399,1,3,6,25.0,MEDIUM
3,0.17295,0.053434,0.208784,0.02,0.386969,1,2,0,4.047422,MEDIUM
3,0.027394,0.013241,0.477726,0.418217,0.327279,0,1,2,2.608834,LOW
20,0.311025,0.011823,0.163989,0.126142,0.191009,2,13,5,36.092148,HIGH
0,0.0,0.0,1.0,1.0,0.0,0,0,0,0.0,LOW
4,0.001,0.010695,1.0,0.79783,0.147497,2,0,2,3.884753,LOW
2,0.062908,0.011187,0.471522,0.375343,0.205904,0,1,1,0.604707,LOW
3,0.431168,0.1,0.341246,0.24855,0.160045,1,1,1,6.398128,MEDIUM
11,0.347429,0.038128,0.126774,0.02,0.392873,2,9,0,17.811724,MEDIUM
10,0.320811,0.034581,0.328551,0.135564,0.258664,2,6,2,16.941423,MEDIUM
3,0.012651,0.021314,1.0,0.816022,0.348197,0,1,2,3.459679,LOW
3,0.141542,0.048507,0.106726,0.02,0.111385,2,1,0,4.483525,MEDIUM
3,0.243126,0.079769,0.650927,0.502377,0.278534,3,0,0,4.499637,MEDIUM
33,0.798485,0.021151,0.160031,0.093174,0.02,0,5,28,51.590154,HIGH
1,0.035213,0.034405,0.4979,0.445668,0.282423,0,0,1,0.359415,LOW
12,0.163894,0.012066,0.676576,0.491619,0.294131,2,6,4,25.0,MEDIUM
7,0.35869,0.054505,0.48511,0.361637,0.194694,1,0,6,9.019966,MEDIUM
0,0.0,0.0,1.0,1.0,0.0,0,0,0,0.0,LOW
20,0.665075,0.030709,0.092127,0.081478,0.127526,0,16,4,74.517649,HIGH
0,0.0,0.0,1.0,1.0,0.0,0,0,0,0.0,LOW
6,0.242973,0.039694,0.300151,0.134516,0.127719,1,2,3,16.700564,MEDIUM
27,0.554397,0.020024,0.195743,0.189114,0.068006,3,11,13,84.64638,HIGH
16,0.619967,0.04331,0.164598,0.087299,0.02,9,5,2,31.717167,HIGH
4,0.043167,0.007166,0.52886,0.30111,0.494336,1,3,0,2.443505,LOW
11,0.088222,0.009132,0.329592,0.193159,0.182238,1,9,1,13.044643,MEDIUM
3,0.192442,0.063243,0.338752,0.243441,0.300429,0,3,0,6.834267,MEDIUM
5,0.254944,0.051821,0.246049,0.135618,0.515841,0,3,2,10.543745,MEDIUM
6,0.252826,0.036297,0.278246,0.103141,0.477946,3,1,2,9.376076,MEDIUM
10,0.272664,0.027453,0.667039,0.526965,0.330679,2,5,3,21.527199,MEDIUM
54,0.57474,0.013492,0.094588,0.036269,0.046738,2,34,18,117.070969,HIGH
12,0.559838,0.042582,0.150858,0.118646,0.253633,3,9,0,48.324002,HIGH
1,0.023726,0.01825,1.0,0.761795,0.431099,0,1,0,1.441533,LOW
86,0.709775,0.013342,0.065524,0.002,0.277111,12,70,4,186.815839,HIGH
6,0.117323,0.020852,0.7,0.615112,0.430711,0,2,4,16.056344,MEDIUM
48,0.485557,0.01153,0.141417,0.059256,0.212644,1,3,44,71.774757,HIGH
4,0.029262,0.012456,0.676498,0.561063,0.236567,2,2,0,5.0,LOW
53,0.60573,0.011801,0.122346,0.100729,0.180207,14,32,7,121.858953,HIGH
22,0.374989,0.012963,0.35,0.261478,0.341928,4,15,3,42.180218,HIGH
4,0.064339,0.024008,0.325717,0.234512,0.310073,0,2,2,5.0,LOW
32,0.774179,0.019653,0.291486,0.220641,0.150277,23,1,8,100.554995,HIGH
3,0.033317,0.01414,0.664724,0.572318,0.411687,0,2,1,1.618647,LOW
0,0.0,0.0,1.0,1.0,0.0,0,0,0,0.0,LOW
0,0.0,0.0,1.0,1.0,0.0,0,0,0,0.0,LOW
6,0.231701,0.03824,0.458988,0.375614,0.174352,1,2,3,7.995479,MEDIUM
49,0.739728,0.015548,0.095072,0.02609,0.304675,0,38,11,177.783762,HIGH
9,0.214837,0.017675,0.530427,0.37328,0.437581,0,8,1,20.115455,MEDIUM
4,0.098946,0.023449,0.440495,0.363726,0.213907,0,0,4,9.03835,MEDIUM
2,0.006613,0.004785,0.70472,0.472793,0.367606,0,0,2,0.586808,LOW
1,0.023786,0.014592,1.0,0.922496,0.185643,1,0,0,1.398965,LOW
49,0.423369,0.002948,0.193333,0.118872,0.314846,18,10,21,153.993647,HIGH
4,0.020173,0.018924,0.87155,0.771667,0.510205,2,0,2,4.461409,LOW
45,0.800886,0.019014,0.189569,0.176202,0.328779,21,20,4,114.775312,HIGH
0,0.0,0.0,1.0,1.0,0.0,0,0,0,0.0,LOW
4,0.035083,0.001484,0.965766,0.768567,0.411292,0,1,3,4.531366,LOW
35,0.568551,0.011816,0.058661,0.02936,0.446123,13,18,4,56.042829,HIGH
34,0.485264,0.015682,0.093489,0.002,0.381441,4,18,12,93.25777,HIGH
38,0.415618,0.010776,0.030527,0.002,0.173828,4,15,19,70.653166,HIGH
6,0.278368,0.042333,0.174449,0.098275,0.192569,0,4,2,14.836376,MEDIUM
29,0.841581,0.0219,0.215596,0.210301,0.258583,2,14,13,55.554682,HIGH
28,0.575584,0.02175,0.174951,0.103563,0.393913,12,14,2,87.763955,HIGH
3,0.157609,0.04877,0.641843,0.498514,0.084981,1,1,1,4.566237,MEDIUM
12,0.08,0.005,0.3018,0.190523,0.15197,4,2,6,15.569963,MEDIUM
1,0.031641,0.030729,0.682262,0.582963,0.216137,0,1,0,0.314996,LOW
56,0.604114,0.0093,0.086739,0.009499,0.109218,12,24,20,165.441625,HIGH
11,0.546722,0.051596,0.253685,0.201772,0.368078,0,4,7,39.973735,HIGH
2,0.026938,0.017065,0.582455,0.396163,0.100565,1,0,1,1.46467,LOW
4,0.08,0.025062,0.654786,0.512676,0.336465,1,1,2,10.593217,MEDIUM
99,0.409209,0.002359,0.007842,0.002,0.116007,14,24,61,354.374646,HIGH
7,0.353723,0.05458,0.418312,0.290185,0.399065,0,3,4,16.524705,MEDIUM
2,0.018624,0.014692,1.0,0.842334,0.48189,0,0,2,2.83814,LOW
1,0.024396,0.012304,0.522506,0.324584,0.211186,0,1,0,1.403946,LOW
1,0.030927,0.039556,0.654731,0.603757,0.234696,1,0,0,1.300429,LOW
55,0.804781,0.017039,0.038456,0.002,0.18774,17,14,24,214.118018,HIGH
0,0.0,0.0,1.0,1.0,0.0,0,0,0,0.0,LOW
137,0.433044,0.002,0.27063,0.176932,0.159146,3,49,85,285.678235,HIGH
12,0.183185,0.015858,0.261056,0.158913,0.377576,2,5,5,14.676237,MEDIUM
49,0.600643,0.010376,0.005,0.002,0.316874,13,29,7,146.871584,HIGH
1,0.085252,0.088806,0.675365,0.600706,0.254861,0,0,1,0.389434,LOW
37,0.393309,0.013438,0.078046,0.002,0.068318,8,19,10,77.026566,HIGH
4,0.3458,0.080183,0.250634,0.088498,0.099943,2,1,1,11.18487,MEDIUM
8,0.277248,0.027925,0.545311,0.367645,0.442054,1,0,7,22.706324,MEDIUM
38,0.602118,0.018358,0.075681,0.065555,0.311781,4,22,12,122.969699,HIGH
0,0.0,0.0,1.0,1.0,0.0,0,0,0,0.0,LOW
17,0.802784,0.044709,0.285784,0.244017,0.248103,6,1,10,35.780085,HIGH
59,0.693749,0.014818,0.05442,0.031126,0.265803,14,37,8,159.017272,HIGH
6,0.303728,0.047567,0.236855,0.159773,0.175155,1,1,4,15.505965,MEDIUM
4,0.006703,0.013727,0.601214,0.442253,0.030181,0,3,1,5.0,LOW
11,0.166642,0.0168,0.292853,0.13599,0.364336,1,10,0,25.0,MEDIUM
3,0.001,0.001,1.0,0.757082,0.44077,1,2,0,3.387636,LOW
4,0.08,0.019718,0.347744,0.238565,0.373538,4,0,0,10.198938,MEDIUM
44,0.653912,0.01498,0.085908,0.002,0.341024,0,12,32,144.137973,HIGH
3,0.056223,0.004818,0.633902,0.481057,0.31058,0,1,2,3.858558,LOW
4,0.00952,0.001,0.685749,0.598367,0.352048,1,2,1,4.847397,LOW
4,0.053435,0.005293,0.662161,0.461957,0.20506,0,3,1,4.877149,LOW
2,0.046743,0.01129,0.748804,0.591735,0.306863,0,1,1,2.920425,LOW
3,0.032972,0.001,0.678633,0.438875,0.132278,2,1,0,2.867794,LOW
4,0.044845,0.001,0.813024,0.625883,0.475554,1,0,3,5.0,LOW
7,0.275238,0.04433,0.596891,0.544097,0.220546,4,1,2,12.379737,MEDIUM
3,0.030801,0.00341,0.968203,0.860894,0.139602,0,3,0,4.038059,LOW
52,0.413939,0.009771,0.096376,0.002,0.252446,31,8,13,150.342237,HIGH
3,0.005013,0.022846,0.810665,0.599479,0.117224,0,1,2,1.405981,LOW
29,0.63153,0.027451,0.1549,0.125144,0.243648,0,17,12,89.389869,HIGH
12,0.08,0.005,0.395486,0.312802,0.346591,7,2,3,25.0,MEDIUM
24,0.729014,0.031988,0.052461,0.002,0.093417,1,2,21,88.07934,HIGH
132,0.530067,0.00749,0.235659,0.210682,0.315939,9,79,44,400.0,HIGH
4,0.037025,0.021904,0.539435,0.429618,0.31819,2,1,1,2.036291,LOW
39,0.852057,0.022545,0.113891,0.042937,0.117221,1,6,32,144.511019,HIGH
7,0.229911,0.036655,0.358096,0.200508,0.173423,0,5,2,15.390099,MEDIUM
2,0.006439,0.001,0.843263,0.73608,0.221602,1,0,1,1.620721,LOW
1,0.009567,0.012563,0.575221,0.422273,0.152049,0,1,0,0.597558,LOW
8,0.08,0.014004,0.298364,0.159283,0.148642,5,1,2,14.993873,MEDIUM
2,0.023308,0.024167,0.756033,0.699953,0.295912,0,2,0,2.087814,LOW
10,0.231059,0.027457,0.498853,0.391925,0.302627,0,10,0,25.0,MEDIUM
4,0.038785,0.006854,1.0,0.796195,0.276402,1,1,2,3.638865,LOW
2,0.017755,0.002293,0.954182,0.778297,0.210431,1,0,1,2.285942,LOW
21,0.584607,0.02764,0.207593,0.176406,0.327035,5,8,8,62.991133,HIGH
9,0.249712,0.031827,0.209592,0.032991,0.398188,1,2,6,13.8215,MEDIUM
3,0.001,0.013155,0.501179,0.333801,0.175043,0,3,0,1.321947,LOW
4,0.019874,0.001454,1.0,0.914581,0.408383,2,1,1,3.606141,LOW
18,0.536249,0.025032,0.206822,0.189506,0.266803,7,2,9,29.497963,HIGH
1,0.013863,0.006581,0.683167,0.581925,0.24059,0,1,0,1.093658,LOW
3,0.08,0.02891,0.52083,0.433796,0.410443,3,0,0,8.157323,MEDIUM
9,0.08,0.010675,0.462334,0.283997,0.477007,3,1,5,14.007097,MEDIUM
31,0.56214,0.016986,0.17371,0.163216,0.246013,0,0,31,113.325488,HIGH
0,0.0,0.0,1.0,1.0,0.0,0,0,0,0.0,LOW
7,0.13094,0.018961,0.268211,0.08164,0.339184,1,1,5,14.970528,MEDIUM
1,0.012049,0.018127,0.311285,0.070489,0.264824,0,0,1,0.763247,LOW
58,0.596113,0.015072,0.106571,0.047871,0.315308,4,19,35,225.225606,HIGH
8,0.25693,0.037082,0.140547,0.02,0.37698,0,4,4,12.286239,MEDIUM
30,0.461321,0.01308,0.189331,0.133547,0.159253,4,20,6,73.384766,HIGH
4,0.025605,0.001,0.547939,0.339134,0.377329,1,2,1,5.0,LOW
2,0.001,0.003786,1.0,0.930101,0.393975,0,1,1,0.937402,LOW
13,0.789452,0.053426,0.141209,0.07078,0.237365,6,3,4,52.439451,HIGH
3,0.012316,0.0232,0.970021,0.840117,0.190922,0,2,1,2.748307,LOW
10,0.126969,0.009118,0.36573,0.257101,0.280808,5,2,3,23.092855,MEDIUM
4,0.113766,0.031442,0.538017,0.444652,0.079443,1,1,2,7.534852,MEDIUM
0,0.0,0.0,1.0,1.0,0.0,0,0,0,0.0,LOW
4,0.100516,0.012969,0.631773,0.51952,0.282589,0,1,3,8.243193,MEDIUM
39,0.723467,0.018164,0.235468,0.167473,0.08691,2,16,21,123.866746,HIGH
2,0.027629,0.013832,0.850155,0.717501,0.416769,2,0,0,0.636503,LOW
7,0.08,0.009691,0.432461,0.374178,0.269831,2,1,4,15.35361,MEDIUM
11,0.159562,0.010421,0.367679,0.266818,0.425369,6,1,4,12.214499,MEDIUM
35,0.748379,0.022273,0.073272,0.021083,0.259077,18,17,0,82.63615,HIGH
6,0.135134,0.012689,0.236267,0.09094,0.205697,0,2,4,13.879071,MEDIUM
3,0.006903,0.001,0.718373,0.485307,0.037245,2,0,1,4.504149,LOW
15,0.823761,0.056545,0.014869,0.002,0.364766,1,12,2,29.41671,HIGH
36,0.649957,0.018073,0.18701,0.13757,0.14769,16,16,4,118.288237,HIGH
0,0.0,0.0,1.0,1.0,0.0,0,0,0,0.0,LOW
16,0.793456,0.050749,0.183603,0.160899,0.261826,3,6,7,49.005599,HIGH
3,0.039132,0.033134,1.0,0.939897,0.201333,1,2,0,4.071305,LOW
1,0.012585,0.025042,0.83713,0.64933,0.375614,1,0,0,1.440673,LOW
12,0.08,0.013763,0.606492,0.556474,0.407588,0,4,8,13.18809,MEDIUM
4,0.015242,0.008333,0.86097,0.661813,0.177116,0,1,3,5.0,LOW
11,0.08,0.007018,0.584726,0.445939,0.373628,1,9,1,19.219824,MEDIUM
86,0.47732,0.003811,0.093632,0.0818,0.154647,2,25,59,306.164078,HIGH
34,0.653209,0.023004,0.253131,0.200828,0.218485,16,15,3,64.862988,HIGH
8,0.445894,0.047246,0.575809,0.407603,0.101067,2,1,5,21.100658,MEDIUM
57,0.637069,0.005555,0.246911,0.208941,0.179723,0,35,22,142.246963,HIGH
1,0.039495,0.028115,0.614452,0.404405,0.19162,0,0,1,1.221212,LOW
3,0.001,0.001,0.506592,0.417495,0.066778,0,0,3,2.579245,LOW
3,0.036871,0.020067,0.905913,0.698376,0.146955,0,1,2,1.16741,LOW
17,0.658678,0.038328,0.140099,0.100427,0.314067,1,7,9,67.562234,HIGH
8,0.08,0.014424,0.405128,0.262638,0.2224,0,7,1,13.339093,MEDIUM
1,0.008918,0.001,0.917795,0.759976,0.151904,0,0,1,0.409202,LOW
18,0.25,0.01662,0.114957,0.024308,0.25127,13,1,4,51.554532,HIGH
2,0.001,0.007762,0.644394,0.57544,0.217373,1,1,0,1.379712,LOW
0,0.0,0.0,1.0,1.0,0.0,0,0,0,0.0,LOW
4,0.017068,0.009245,0.893602,0.776162,0.238447,0,1,3,1.886473,LOW
40,0.745936,0.019128,0.028352,0.022158,0.147965,5,6,29,134.052931,HIGH
40,0.802693,0.020427,0.150467,0.131115,0.364774,5,23,12,78.539903,HIGH
15,0.383295,0.023215,0.167814,0.161974,0.29693,6,5,4,58.109646,HIGH
6,0.218809,0.029662,0.085655,0.02,0.476162,0,3,3,17.702335,MEDIUM
1,0.040035,0.02987,0.490407,0.429953,0.291519,0,0,1,0.53924,LOW
2,0.062839,0.041282,0.325348,0.076176,0.458658,0,2,0,1.5299,LOW
0,0.0,0.0,1.0,1.0,0.0,0,0,0,0.0,LOW
56,0.402097,0.006829,0.112207,0.036158,0.275745,19,14,23,210.074611,HIGH
75,0.501761,0.00371,0.06014,0.002,0.044893,19,6,50,234.173005,HIGH
2,0.029945,0.02844,0.661534,0.598099,0.322909,0,0,2,1.884252,LOW
2,0.015077,0.008074,1.0,0.838863,0.472754,0,1,1,1.164715,LOW
59,0.49085,0.008707,0.106692,0.01143,0.248039,8,16,35,221.718974,HIGH
14,0.650826,0.051408,0.249133,0.239765,0.443175,12,1,1,42.18252,HIGH
57,0.381165,0.012222,0.221068,0.173801,0.426853,10,30,17,143.020183,HIGH
70,0.476523,0.002909,0.275261,0.211705,0.336642,23,37,10,277.03778,HIGH
4,0.001,0.0045,0.274851,0.169,0.211665,1,2,1,3.63681,LOW
6,0.286128,0.049302,0.151882,0.02,0.357502,2,4,0,8.789359,MEDIUM
27,0.25,0.014128,0.106097,0.026278,0.334384,4,5,18,71.288562,HIGH
1,0.015341,0.020382,0.638574,0.520708,0.139367,0,0,1,1.453684,LOW
22,0.403229,0.014665,0.196264,0.129013,0.361338,9,13,0,81.727093,HIGH
5,0.12879,0.02395,0.209552,0.059534,0.144087,0,5,0,11.902002,MEDIUM
7,0.200975,0.027843,0.557648,0.48951,0.319472,1,2,4,19.853906,MEDIUM
4,0.01472,0.018777,0.923182,0.683486,0.53295,1,3,0,2.362493,LOW
9,0.209242,0.023447,0.271373,0.153958,0.297846,0,9,0,25.0,MEDIUM
43,0.771574,0.015166,0.179905,0.083137,0.154523,14,13,16,98.1229,HIGH
24,0.670592,0.030571,0.191175,0.102522,0.426929,3,20,1,51.739119,HIGH
6,0.388778,0.062506,0.05,0.02,0.05,1,2,3,14.144643,MEDIUM
0,0.0,0.0,1.0,1.0,0.0,0,0,0,0.0,LOW
2,0.001,0.002073,0.561091,0.375999,0.199111,0,1,1,1.130612,LOW
29,0.302854,0.01659,0.219949,0.176198,0.289615,5,18,6,76.837065,HIGH
2,0.030129,0.020989,0.996779,0.908693,0.175966,0,1,1,2.656842,LOW
0,0.0,0.0,1.0,1.0,0.0,0,0,0,0.0,LOW
1,0.03077,0.04426,0.505091,0.368576,0.48658,1,0,0,0.421337,LOW
15,0.553118,0.038828,0.081199,0.064392,0.252532,5,3,7,42.295733,HIGH
30,0.435298,0.014076,0.302243,0.264203,0.212046,10,8,12,48.035835,HIGH
21,0.492072,0.025459,0.109566,0.044181,0.195411,1,8,12,74.427822,HIGH
5,0.165506,0.032436,0.336523,0.144859,0.05,3,1,1,8.865936,MEDIUM
8,0.192319,0.02508,0.48874,0.405093,0.268293,0,6,2,13.828979,MEDIUM
8,0.08,0.005,0.182767,0.02,0.161802,3,3,2,10.455476,MEDIUM
48,0.656765,0.016501,0.038365,0.002,0.143847,6,23,19,149.31825,HIGH
5,0.16056,0.026178,0.150985,0.056813,0.253415,2,3,0,9.520252,MEDIUM
9,0.392426,0.040825,0.207744,0.058479,0.360927,4,5,0,12.65551,MEDIUM
5,0.179411,0.033809,0.33107,0.160722,0.351474,0,4,1,8.558868,MEDIUM
3,0.001445,0.001,0.901609,0.667967,0.049379,2,0,1,1.887942,LOW
50,0.531398,0.010739,0.126697,0.032312,0.134319,32,7,11,140.27363,HIGH
2,0.029928,0.008634,0.740287,0.532718,0.261432,0,0,2,1.124344,LOW
2,0.042658,0.01525,0.876057,0.768915,0.47058,0,2,0,1.97644,LOW
0,0.0,0.0,1.0,1.0,0.0,0,0,0,0.0,LOW
36,0.71752,0.024504,0.087284,0.076528,0.417828,5,11,20,97.693458,HIGH
42,0.645284,0.021483,0.213974,0.137187,0.427019,31,2,9,86.200941,HIGH
18,0.865267,0.043788,0.129492,0.068469,0.322374,10,2,6,28.51019,HIGH
68,0.25,0.0058,0.076028,0.002,0.365744,8,58,2,118.863253,HIGH
20,0.629475,0.0302,0.15509,0.080541,0.141594,1,9,10,44.177956,HIGH
14,0.507384,0.036629,0.064243,0.05618,0.171798,1,7,6,27.457377,HIGH
49,0.859605,0.01703,0.216184,0.121262,0.034282,3,17,29,76.597448,HIGH
51,0.405327,0.008312,0.069601,0.044609,0.049885,4,12,35,202.656263,HIGH
2,0.018928,0.001,0.490456,0.243123,0.234224,0,0,2,0.584415,LOW
4,0.058065,0.007749,0.803738,0.718704,0.41585,2,0,2,2.223653,LOW
50,0.63362,0.014084,0.208325,0.202837,0.193391,21,1,28,183.696847,HIGH
1,0.027859,0.03181,0.937678,0.807016,0.233107,1,0,0,1.042921,LOW
27,0.452181,0.016146,0.098149,0.028026,0.314848,10,9,8,73.464085,HIGH
11,0.147605,0.018441,0.389608,0.266887,0.369575,2,7,2,14.562384,MEDIUM
5,0.261955,0.061663,0.05,0.02,0.295518,1,1,3,15.034434,MEDIUM
0,0.0,0.0,1.0,1.0,0.0,0,0,0,0.0,LOW
12,0.525499,0.043751,0.154432,0.085127,0.230087,4,3,5,33.157137,HIGH
0,0.0,0.0,1.0,1.0,0.0,0,0,0,0.0,LOW
12,0.249407,0.023591,0.185179,0.038162,0.245876,3,8,1,14.180538,MEDIUM
0,0.0,0.0,1.0,1.0,0.0,0,0,0,0.0,LOW
22,0.768851,0.036766,0.253187,0.210257,0.29272,0,18,4,79.483757,HIGH
27,0.416895,0.01411,0.14089,0.061417,0.043484,4,11,12,76.618743,HIGH
59,0.546284,0.010718,0.068961,0.010096,0.3688,0,20,39,220.039473,HIGH
14,0.613022,0.04452,0.338248,0.325974,0.286279,2,2,10,52.917397,HIGH
34,0.812492,0.023012,0.190468,0.152946,0.117022,3,18,13,108.906822,HIGH
10,0.257585,0.027134,0.175268,0.02,0.069199,0,4,6,25.0,MEDIUM
4,0.08,0.023534,0.292439,0.182677,0.268288,1,0,3,7.687614,MEDIUM
36,0.658998,0.025007,0.098126,0.028766,0.025744,3,12,21,83.044475,HIGH
64,0.351417,0.004516,0.237247,0.138083,0.203818,23,23,18,177.83875,HIGH
2,0.004274,0.027598,1.0,0.930478,0.209542,0,1,1,2.706593,LOW
55,0.477657,0.009525,0.005,0.002,0.252305,1,10,44,140.726082,HIGH
4,0.227589,0.062316,0.05,0.02,0.253287,2,2,0,10.003276,MEDIUM
28,0.688737,0.024806,0.089076,0.018321,0.06871,6,16,6,105.815633,HIGH
38,0.748409,0.015817,0.084876,0.041686,0.073107,0,16,22,112.2372,HIGH
137,0.845916,0.004359,0.185852,0.087674,0.265403,51,13,73,238.603974,HIGH
1,0.021502,0.016535,0.737525,0.534674,0.534137,1,0,0,1.416946,LOW
0,0.0,0.0,1.0,1.0,0.0,0,0,0,0.0,LOW
12,0.140446,0.008668,0.68292,0.606485,0.185986,3,9,0,14.127501,MEDIUM
4,0.177453,0.043373,0.219961,0.054463,0.21742,3,1,0,5.850537,MEDIUM
45,0.527673,0.012764,0.214397,0.206653,0.409515,27,15,3,169.526543,HIGH
4,0.001,0.001,0.96212,0.889166,0.570222,0,0,4,5.0,LOW
1,0.016588,0.022509,1.0,0.860068,0.343322,0,1,0,1.226425,LOW
55,0.718114,0.016133,0.199849,0.110479,0.229923,36,8,11,149.501312,HIGH
11,0.093314,0.005,0.295076,0.172547,0.05,5,5,1,14.66584,MEDIUM
10,0.08,0.013471,0.513166,0.345335,0.361552,2,0,8,20.941487,MEDIUM
4,0.01131,0.001029,0.886561,0.648524,0.016473,1,2,1,3.767229,LOW
37,0.538428,0.012974,0.198336,0.117921,0.178375,6,16,15,119.773627,HIGH
8,0.21906,0.030805,0.563459,0.423837,0.291563,3,2,3,23.909513,MEDIUM
51,0.438503,0.01284,0.160145,0.061252,0.079096,5,12,34,112.147491,HIGH
5,0.273176,0.051931,0.220861,0.041429,0.253006,1,4,0,14.591657,MEDIUM
2,0.038225,0.027065,0.867906,0.6761,0.448775,2,0,0,2.871349,LOW
2,0.010922,0.021611,0.498399,0.258101,0.452306,1,0,1,1.558805,LOW
2,0.025782,0.010402,0.527566,0.47181,0.464264,0,2,0,1.259939,LOW
58,0.850539,0.012376,0.165381,0.071647,0.342239,9,31,18,90.63319,HIGH
40,0.762054,0.019423,0.005,0.002,0.127261,4,19,17,138.918799,HIGH
55,0.435864,0.009848,0.35,0.331618,0.230471,10,32,13,115.87744,HIGH
4,0.049601,0.011048,0.588971,0.441081,0.230198,1,1,2,5.0,LOW
3,0.135122,0.038826,0.586931,0.452003,0.330368,0,1,2,7.003978,MEDIUM
83,0.676743,0.005363,0.045321,0.002,0.214623,0,19,64,206.029185,HIGH
0,0.0,0.0,1.0,1.0,0.0,0,0,0,0.0,LOW
3,0.140779,0.055237,0.188422,0.02,0.349684,0,2,1,8.864584,MEDIUM
56,0.755027,0.014185,0.070329,0.053308,0.341996,14,29,13,91.087346,HIGH
3,0.016624,0.006057,0.269347,0.18018,0.082543,1,0,2,1.89951,LOW
2,0.001,0.001,0.68028,0.624946,0.153768,0,1,1,2.25167,LOW
19,0.788108,0.03671,0.137351,0.051152,0.10157,9,0,10,32.151272,HIGH
35,0.31655,0.00691,0.143975,0.124531,0.020654,7,20,8,100.76198,HIGH
3,0.025999,0.007456,0.721879,0.558876,0.306902,2,1,0,1.04989,LOW
42,0.434518,0.0071,0.35,0.260004,0.289731,1,8,33,159.489982,HIGH
10,0.08,0.006793,0.481672,0.349981,0.358555,1,1,8,22.845613,MEDIUM
11,0.250202,0.030662,0.441391,0.309671,0.089295,1,8,2,25.0,MEDIUM
28,0.75268,0.030634,0.142068,0.05556,0.120615,5,15,8,70.622132,HIGH
6,0.08,0.024738,0.565395,0.452974,0.446633,2,4,0,8.499882,MEDIUM
11,0.363078,0.035941,0.551475,0.367464,0.303052,5,6,0,14.635791,MEDIUM
1,0.001,0.020836,0.908846,0.742243,0.442768,0,0,1,0.49893,LOW
4,0.11379,0.038647,0.46256,0.295453,0.206276,1,0,3,10.096324,MEDIUM
8,0.08,0.008116,0.608334,0.477419,0.330033,2,3,3,15.995479,MEDIUM
8,0.201976,0.029793,0.516929,0.426742,0.387196,4,4,0,9.11628,MEDIUM
5,0.261874,0.054019,0.549793,0.368105,0.404136,1,0,4,12.285715,MEDIUM
4,0.004739,0.01934,1.0,0.849849,0.181614,1,2,1,2.945151,LOW
1,0.014314,0.019109,0.455752,0.345875,0.207222,0,1,0,0.70803,LOW
0,0.0,0.0,1.0,1.0,0.0,0,0,0,0.0,LOW
13,0.296674,0.023449,0.071811,0.002,0.287005,10,3,0,51.189687,HIGH
53,0.741315,0.012543,0.089167,0.005548,0.119259,22,13,18,120.215237,HIGH
6,0.448518,0.081232,0.182183,0.088659,0.181682,0,1,5,12.443911,MEDIUM
50,0.645491,0.012385,0.081103,0.05394,0.280262,29,10,11,97.673807,HIGH
26,0.522904,0.021891,0.023372,0.002,0.376721,2,5,19,78.644779,HIGH
3,0.001,0.011699,0.621345,0.437004,0.253991,1,0,2,3.856693,LOW
2,0.033516,0.026981,0.639299,0.487272,0.346788,0,2,0,1.113347,LOW
4,0.005208,0.001,0.486313,0.350968,0.114575,0,1,3,2.553428,LOW
4,0.313755,0.079938,0.59788,0.454058,0.279422,0,3,1,4.7405,MEDIUM
4,0.339489,0.08384,0.490957,0.375815,0.310528,2,2,0,7.759145,MEDIUM
3,0.373068,0.1,0.261245,0.173993,0.186484,2,1,0,8.376221,MEDIUM
7,0.1873,0.022538,0.655232,0.464954,0.295537,3,4,0,16.176711,MEDIUM
38,0.624961,0.019282,0.084919,0.003435,0.092577,3,5,30,104.16707,HIGH
6,0.173773,0.023767,0.463535,0.327662,0.096412,1,3,2,17.392752,MEDIUM
3,0.025382,0.002186,0.412254,0.194755,0.146734,0,0,3,3.945624,LOW
1,0.001,0.007337,0.909641,0.812195,0.323073,0,0,1,0.931156,LOW
5,0.229182,0.038691,0.266876,0.175651,0.183885,0,5,0,13.358826,MEDIUM
3,0.17447,0.058727,0.334978,0.256519,0.318331,1,1,1,6.078078,MEDIUM
7,0.08,0.009605,0.161161,0.045635,0.378613,4,3,0,9.78519,MEDIUM
10,0.172774,0.01924,0.448368,0.267807,0.439605,5,1,4,25.0,MEDIUM
3,0.008565,0.001,0.573136,0.419324,0.070549,0,1,2,4.690687,LOW
56,0.481993,0.007071,0.047962,0.002,0.09046,6,40,10,175.100552,HIGH
57,0.536833,0.008549,0.35,0.310302,0.024794,18,12,27,194.68605,HIGH
10,0.189743,0.02078,0.170117,0.02,0.331164,4,3,3,25.0,MEDIUM
12,0.191184,0.010081,0.299802,0.111467,0.170169,1,2,9,25.0,MEDIUM
6,0.206437,0.032228,0.578255,0.39244,0.096561,0,3,3,15.114613,MEDIUM
0,0.0,0.0,1.0,1.0,0.0,0,0,0,0.0,LOW
33,0.453047,0.01363,0.286071,0.257952,0.119619,3,9,21,62.037014,HIGH
4,0.243429,0.056128,0.17067,0.02,0.145854,4,0,0,6.903015,MEDIUM
7,0.08,0.006722,0.657555,0.503393,0.127978,2,1,4,10.986654,MEDIUM
6,0.204248,0.032443,0.61014,0.41027,0.183233,3,3,0,16.320943,MEDIUM
0,0.0,0.0,1.0,1.0,0.0,0,0,0,0.0,LOW
4,0.429161,0.1,0.391488,0.338032,0.292242,2,1,1,10.031345,MEDIUM
10,0.514672,0.05288,0.051799,0.02755,0.02,4,6,0,33.185607,HIGH
43,0.513042,0.013774,0.25357,0.18246,0.088733,26,0,17,121.138455,HIGH
1,0.001,0.011738,0.511427,0.268379,0.477507,0,0,1,0.648271,LOW
2,0.040881,0.027262,1.0,0.812238,0.319273,1,1,0,1.855313,LOW
5,0.150066,0.034247,0.363306,0.16987,0.413257,1,2,2,10.871506,MEDIUM
4,0.015799,0.001,0.551515,0.469305,0.294896,0,4,0,2.862496,LOW
10,0.08,0.006896,0.19066,0.051836,0.220359,2,3,5,10.751545,MEDIUM
12,0.269187,0.020923,0.411299,0.282571,0.117868,1,4,7,21.858345,MEDIUM
3,0.115939,0.04808,0.309947,0.15266,0.097252,0,2,1,3.373795,MEDIUM
7,0.192543,0.025355,0.327659,0.248657,0.350996,5,0,2,18.394026,MEDIUM
3,0.050733,0.014778,0.475146,0.291193,0.234734,0,0,3,1.727409,LOW
11,0.454366,0.039004,0.038669,0.025163,0.247704,3,5,3,39.179021,HIGH
26,0.774273,0.032605,0.26927,0.185985,0.031102,9,11,6,68.964971,HIGH
10,0.17922,0.023177,0.089165,0.02,0.258345,2,6,2,18.632903,MEDIUM
7,0.230467,0.033462,0.626238,0.507181,0.220479,0,2,5,8.540824,MEDIUM
3,0.221205,0.076506,0.401152,0.243103,0.399777,0,2,1,4.137725,MEDIUM
7,0.119753,0.02216,0.260102,0.100707,0.339893,1,5,1,13.045828,MEDIUM
3,0.009679,0.005716,0.67074,0.615087,0.037675,0,3,0,1.529627,LOW
1,0.008473,0.011651,0.594212,0.533294,0.401115,0,0,1,1.292728,LOW
0,0.0,0.0,1.0,1.0,0.0,0,0,0,0.0,LOW
38,0.516431,0.015566,0.22276,0.128792,0.044369,12,26,0,80.866617,HIGH
22,0.420209,0.024704,0.1295,0.072826,0.12182,1,11,10,43.071881,HIGH
29,0.612088,0.023155,0.145093,0.062656,0.073889,7,8,14,86.016689,HIGH
8,0.218677,0.030821,0.05,0.02,0.23146,0,7,1,19.335033,MEDIUM
7,0.312672,0.043225,0.404488,0.349575,0.202515,0,5,2,11.94787,MEDIUM
13,0.782848,0.059624,0.058573,0.002,0.072009,4,5,4,24.612271,HIGH
3,0.304308,0.098156,0.33912,0.200454,0.309975,1,2,0,5.308176,MEDIUM
4,0.007213,0.001,0.636178,0.551741,0.058861,3,1,0,5.0,LOW
109,0.550495,0.005079,0.167899,0.083225,0.327112,4,96,9,379.284033,HIGH
2,0.025636,0.004223,0.591103,0.537295,0.134815,0,1,1,1.617939,LOW
0,0.0,0.0,1.0,1.0,0.0,0,0,0,0.0,LOW
58,0.548992,0.005081,0.07846,0.020953,0.313269,0,8,50,164.522203,HIGH
7,0.301951,0.039146,0.05,0.02,0.269831,2,2,3,11.198318,MEDIUM
1,0.009388,0.004069,0.431917,0.321464,0.323548,0,0,1,0.964467,LOW
32,0.636767,0.021698,0.029209,0.002,0.111916,5,27,0,53.656294,HIGH
3,0.226264,0.064425,0.364236,0.23314,0.19134,2,1,0,6.692722,MEDIUM
58,0.493979,0.008586,0.05606,0.028444,0.187323,4,10,44,139.080195,HIGH
1,0.051138,0.049163,0.592222,0.482852,0.057089,1,0,0,0.641167,LOW
39,0.390804,0.00902,0.005,0.002,0.308115,36,2,1,138.899611,HIGH
11,0.428308,0.042478,0.286461,0.135534,0.27431,3,3,5,18.647039,MEDIUM
0,0.0,0.0,1.0,1.0,0.0,0,0,0,0.0,LOW
11,0.607905,0.0515,0.092877,0.038848,0.435641,0,7,4,28.696942,HIGH
3,0.084697,0.03156,0.580658,0.394481,0.33542,1,2,0,5.711602,MEDIUM
47,0.653632,0.011491,0.05702,0.043215,0.457229,16,27,4,78.668405,HIGH
8,0.217454,0.028466,0.263294,0.155165,0.299856,0,6,2,15.914618,MEDIUM
37,0.955304,0.021813,0.125306,0.054921,0.333494,0,30,7,67.78871,HIGH
1,0.019143,0.031589,0.843436,0.706843,0.039567,1,0,0,0.144933,LOW
0,0.0,0.0,1.0,1.0,0.0,0,0,0,0.0,LOW
49,0.505253,0.00507,0.246323,0.187125,0.301473,34,11,4,194.426235,HIGH
1,0.050495,0.054917,0.970872,0.856226,0.128165,0,1,0,1.163637,LOW
30,0.558249,0.019965,0.118958,0.024092,0.166447,4,19,7,92.003586,HIGH
2,0.003793,0.002679,0.791035,0.590726,0.090307,2,0,0,1.457255,LOW
34,0.618589,0.021956,0.210782,0.121698,0.280155,1,21,12,86.191007,HIGH
90,0.751674,0.00681,0.191738,0.103589,0.354599,56,22,12,357.313715,HIGH
25,0.431561,0.014295,0.04988,0.011088,0.236273,2,0,23,54.628871,HIGH
9,0.404467,0.044954,0.05,0.02,0.406968,0,4,5,21.225008,MEDIUM
4,0.08,0.015287,0.160114,0.039196,0.447151,4,0,0,7.012598,MEDIUM
10,0.592699,0.057875,0.325623,0.245182,0.233506,3,6,1,27.185367,HIGH
1,0.022375,0.011407,0.625186,0.4023,0.003669,0,1,0,1.183591,LOW
3,0.033813,0.001216,0.39281,0.309997,0.160975,0,2,1,1.901179,LOW
12,0.231659,0.024092,0.252639,0.174293,0.255203,2,2,8,25.0,MEDIUM
8,0.163195,0.025531,0.338892,0.277483,0.220454,3,5,0,15.560903,MEDIUM
4,0.050519,0.030284,1.0,0.906226,0.392242,1,0,3,3.353509,LOW
4,0.054307,0.024999,0.954425,0.784072,0.426661,0,4,0,2.039603,LOW
10,0.491201,0.044404,0.225387,0.175125,0.188846,2,8,0,38.933819,HIGH
1,0.019248,0.025083,0.916634,0.695748,0.342431,0,1,0,0.170853,LOW
12,0.132472,0.014279,0.238529,0.097656,0.174901,1,0,11,22.975802,MEDIUM
0,0.0,0.0,1.0,1.0,0.0,0,0,0,0.0,LOW
2,0.011143,0.012095,0.438676,0.374716,0.302313,1,1,0,3.004819,LOW
1,0.012946,0.003086,0.624849,0.455426,0.375939,0,1,0,0.424964,LOW
3,0.032938,0.022822,1.0,0.943728,0.168684,1,0,2,2.914733,LOW
7,0.21297,0.038918,0.165039,0.02,0.245759,2,4,1,10.561461,MEDIUM
53,0.733757,0.010306,0.178542,0.089626,0.119175,23,4,26,137.639047,HIGH
19,0.450825,0.025757,0.159096,0.085633,0.127577,15,4,0,51.381284,HIGH
2,0.011719,0.013053,0.979416,0.774577,0.151384,1,1,0,2.678162,LOW
10,0.36458,0.033868,0.504752,0.342519,0.196297,0,2,8,25.0,MEDIUM
0,0.0,0.0,1.0,1.0,0.0,0,0,0,0.0,LOW
56,0.689363,0.013861,0.005,0.002,0.264825,14,36,6,91.298446,HIGH
23,0.599542,0.025832,0.201624,0.14668,0.110803,2,1,20,71.376884,HIGH
104,0.687425,0.006274,0.079104,0.055726,0.338886,18,5,81,165.896095,HIGH
1,0.02047,0.025457,0.663171,0.541088,0.224813,0,1,0,1.298558,LOW
25,0.45691,0.018536,0.257986,0.209103,0.234295,0,20,5,87.940382,HIGH
45,0.805337,0.015907,0.220874,0.178432,0.236159,38,7,0,129.543887,HIGH
57,0.487019,0.007376,0.041145,0.002,0.365405,15,18,24,120.012119,HIGH
94,0.424934,0.002115,0.242795,0.16112,0.384935,24,47,23,304.525247,HIGH
19,0.477361,0.019145,0.187668,0.113425,0.153302,4,8,7,65.273504,HIGH
9,0.253791,0.028274,0.396404,0.302365,0.387873,7,2,0,19.870865,MEDIUM
7,0.157497,0.014172,0.63361,0.532784,0.405169,0,1,6,20.688976,MEDIUM
28,0.359865,0.017631,0.101922,0.022888,0.116938,7,6,15,55.537698,HIGH
11,0.292811,0.033672,0.599482,0.461668,0.123905,10,0,1,25.0,MEDIUM
3,0.007257,0.001,0.532646,0.394912,0.041711,1,1,1,3.665691,LOW
4,0.228337,0.049477,0.281575,0.17116,0.340072,0,1,3,9.53252,MEDIUM
10,0.08,0.005,0.542855,0.455061,0.39549,1,4,5,20.809731,MEDIUM
8,0.08,0.014778,0.331453,0.272853,0.280848,0,2,6,15.27352,MEDIUM
10,0.185151,0.016293,0.475062,0.404692,0.172685,1,2,7,17.798892,MEDIUM
4,0.273516,0.067224,0.360591,0.203778,0.462723,2,2,0,11.532195,MEDIUM
52,0.687543,0.017983,0.138294,0.105618,0.401908,2,24,26,89.592319,HIGH
4,0.039622,0.001,0.768354,0.616683,0.522417,0,4,0,3.876138,LOW
3,0.006382,0.004073,0.722487,0.667544,0.413101,1,1,1,3.899276,LOW
12,0.260447,0.026537,0.452747,0.399906,0.382827,2,6,4,22.468133,MEDIUM
25,0.478195,0.020889,0.034597,0.002,0.090316,16,7,2,94.115145,HIGH
17,0.612332,0.035879,0.01537,0.002,0.162784,5,4,8,62.962341,HIGH
0,0.0,0.0,1.0,1.0,0.0,0,0,0,0.0,LOW
74,0.672062,0.01127,0.26292,0.181659,0.211977,10,18,46,191.840845,HIGH
23,0.566748,0.024428,0.145469,0.108819,0.286156,6,17,0,91.424606,HIGH
55,0.532956,0.007184,0.311315,0.256723,0.27914,7,6,42,216.252583,HIGH
11,0.22312,0.022108,0.53543,0.336583,0.186984,4,4,3,19.511034,MEDIUM
46,0.663303,0.016574,0.005,0.002,0.178398,4,3,39,152.476413,HIGH
3,0.155209,0.053685,0.457147,0.365154,0.240248,0,2,1,3.57469,MEDIUM
3,0.08,0.029789,0.373078,0.223953,0.404412,1,0,2,9.136487,MEDIUM
2,0.07651,0.03936,0.888362,0.80298,0.1784,1,0,1,2.712884,LOW
3,0.008702,0.001,0.653946,0.536015,0.201024,0,0,3,1.239309,LOW
0,0.0,0.0,1.0,1.0,0.0,0,0,0,0.0,LOW
34,0.286291,0.003123,0.038318,0.002,0.106525,9,10,15,56.108336,HIGH
33,0.624283,0.019642,0.092585,0.039751,0.04858,3,23,7,108.412675,HIGH
3,0.057945,0.024762,1.0,0.803218,0.265652,0,0,3,2.51274,LOW
8,0.244753,0.027573,0.461203,0.304488,0.336142,1,4,3,21.649638,MEDIUM
45,0.307618,0.003285,0.018501,0.002,0.357234,17,15,13,143.135465,HIGH
9,0.08,0.005,0.506017,0.41408,0.214148,7,0,2,24.528116,MEDIUM
92,0.487152,0.009663,0.180953,0.115618,0.186028,67,14,11,209.390151,HIGH
143,0.771123,0.004154,0.059616,0.035211,0.314241,8,104,31,220.799891,HIGH
4,0.023167,0.020691,0.429323,0.207594,0.100157,1,1,2,2.429142,LOW
9,0.346812,0.034368,0.251775,0.096324,0.277732,2,0,7,15.598884,MEDIUM
7,0.100552,0.018931,0.256097,0.187754,0.206661,0,0,7,16.30098,MEDIUM
8,0.178238,0.016634,0.155319,0.076242,0.330226,1,3,4,23.445679,MEDIUM
2,0.036738,0.004002,0.391847,0.197976,0.021251,0,2,0,0.947304,LOW
0,0.0,0.0,1.0,1.0,0.0,0,0,0,0.0,LOW
12,0.185172,0.019844,0.657228,0.504249,0.352047,2,1,9,25.0,MEDIUM
4,0.010153,0.001,0.831212,0.672096,0.115268,0,1,3,3.746259,LOW
7,0.231056,0.040543,0.257371,0.09244,0.397867,0,1,6,18.331667,MEDIUM
7,0.08,0.00985,0.501875,0.309038,0.440452,3,4,0,13.257841,MEDIUM
2,0.001643,0.001,0.758922,0.627283,0.346474,0,2,0,2.613972,LOW
6,0.182548,0.027783,0.546453,0.393594,0.198084,0,4,2,8.07886,MEDIUM
3,0.00806,0.001,0.531024,0.402156,0.389413,0,1,2,1.636315,LOW
10,0.414738,0.049846,0.245114,0.207053,0.307634,0,5,5,22.696655,HIGH
7,0.08,0.016814,0.125094,0.02,0.05,0,7,0,20.904478,MEDIUM
23,0.528881,0.029519,0.189561,0.120034,0.185983,10,8,5,39.383589,HIGH
11,0.08,0.006107,0.561725,0.399373,0.378641,4,3,4,25.0,MEDIUM
0,0.0,0.0,1.0,1.0,0.0,0,0,0,0.0,LOW
13,0.703125,0.052472,0.186504,0.177789,0.255819,8,1,4,39.407882,HIGH
2,0.001,0.001,0.788081,0.58844,0.516796,2,0,0,2.498124,LOW
17,0.378389,0.025213,0.063604,0.002,0.326041,1,15,1,47.714155,HIGH
3,0.222509,0.074471,0.432755,0.318873,0.361758,0,1,2,6.366274,MEDIUM
11,0.17886,0.016682,0.275941,0.082896,0.231812,0,8,3,20.820535,MEDIUM
11,0.346177,0.043472,0.161024,0.02,0.483111,2,6,3,17.533097,MEDIUM
36,0.365258,0.012199,0.034305,0.002,0.356964,15,12,9,64.534445,HIGH
1,0.003163,0.014118,0.666826,0.607101,0.374997,0,1,0,0.668363,LOW
3,0.016186,0.001,1.0,0.840639,0.235954,1,2,0,3.392051,LOW
14,0.643726,0.046771,0.168763,0.115919,0.126527,0,0,14,40.312406,HIGH
57,0.483003,0.004546,0.044315,0.002,0.34799,6,47,4,119.878876,HIGH
4,0.211806,0.049599,0.585695,0.447715,0.215382,0,4,0,11.869971,MEDIUM
2,0.018796,0.005221,0.610046,0.439573,0.326785,0,1,1,1.725204,LOW
7,0.152082,0.016419,0.469223,0.304023,0.347465,0,3,4,17.910832,MEDIUM
10,0.324503,0.027224,0.176115,0.030321,0.325851,2,2,6,25.0,MEDIUM
69,0.405139,0.006861,0.268504,0.194172,0.211742,41,20,8,234.218467,HIGH
4,0.03154,0.004117,0.549259,0.390562,0.019593,0,2,2,2.656149,LOW
12,0.206533,0.01519,0.314063,0.147066,0.158492,0,10,2,25.0,MEDIUM
3,0.057274,0.020006,0.963089,0.813861,0.371789,0,1,2,1.412883,LOW
5,0.270273,0.056383,0.328489,0.199395,0.173038,0,0,5,6.56461,MEDIUM
0,0.0,0.0,1.0,1.0,0.0,0,0,0,0.0,LOW
10,0.08,0.009352,0.252823,0.053657,0.100383,1,0,9,18.197005,MEDIUM
0,0.0,0.0,1.0,1.0,0.0,0,0,0,0.0,LOW
34,0.71136,0.022045,0.14205,0.121462,0.307881,0,17,17,98.427868,HIGH
1,0.005929,0.001,1.0,0.93314,0.42628,0,1,0,1.274631,LOW
4,0.005454,0.001,0.626304,0.493144,0.55266,2,0,2,4.219607,LOW
36,0.592766,0.023455,0.091266,0.042435,0.285782,22,12,2,104.322715,HIGH
0,0.0,0.0,1.0,1.0,0.0,0,0,0,0.0,LOW
2,0.060645,0.022773,0.384772,0.290211,0.471897,0,0,2,0.623398,LOW
1,0.018082,0.006914,1.0,0.903784,0.330061,0,1,0,0.320594,LOW
22,0.56701,0.025677,0.146202,0.10991,0.341218,5,13,4,50.282947,HIGH
1,0.025864,0.021885,0.727922,0.562347,0.394454,0,0,1,1.165467,LOW
52,0.509439,0.012798,0.21182,0.171266,0.403596,21,14,17,122.013185,HIGH
4,0.08,0.010597,0.461273,0.403437,0.476147,1,0,3,11.980388,MEDIUM
3,0.08,0.028465,0.285582,0.175825,0.307311,1,2,0,7.222108,MEDIUM
1,0.061927,0.066921,0.597048,0.457855,0.128449,0,1,0,1.257926,LOW
3,0.041505,0.024804,0.910681,0.71872,0.113407,0,3,0,3.978002,LOW
3,0.016685,0.001,0.853271,0.67153,0.360565,0,0,3,3.323084,LOW
0,0.0,0.0,1.0,1.0,0.0,0,0,0,0.0,LOW
9,0.08,0.005,0.05,0.02,0.321414,0,6,3,13.917563,MEDIUM
56,0.459532,0.005509,0.011713,0.002,0.240303,8,46,2,222.346094,HIGH
3,0.380105,0.1,0.424088,0.32372,0.212558,0,1,2,5.521643,MEDIUM
44,0.633814,0.01332,0.014335,0.002,0.267608,13,14,17,112.106404,HIGH
26,0.545078,0.022997,0.159407,0.105716,0.202476,3,8,15,72.995096,HIGH
3,0.007747,0.001,0.487855,0.248323,0.302995,0,2,1,1.149919,LOW
8,0.316147,0.033467,0.233597,0.117371,0.346443,2,3,3,23.644504,MEDIUM
0,0.0,0.0,1.0,1.0,0.0,0,0,0,0.0,LOW
38,0.535575,0.014762,0.250737,0.163371,0.299962,31,4,3,124.760038,HIGH
70,0.823826,0.012077,0.096703,0.027622,0.211265,9,1,60,133.868571,HIGH
36,0.909207,0.02714,0.094509,0.081678,0.2604,0,22,14,139.577558,HIGH
0,0.0,0.0,1.0,1.0,0.0,0,0,0,0.0,LOW
4,0.001,0.004408,0.793071,0.728382,0.216984,1,2,1,4.252508,LOW
42,0.493756,0.016286,0.067518,0.057273,0.041251,11,14,17,68.550977,HIGH
3,0.029022,0.017768,0.70084,0.595382,0.490827,0,1,2,4.52098,LOW
11,0.241386,0.02046,0.423816,0.310707,0.287177,7,3,1,25.0,MEDIUM
13,0.479429,0.033338,0.245814,0.165894,0.102689,3,8,2,46.365121,HIGH
12,0.310139,0.025382,0.585079,0.489482,0.111418,0,4,8,25.0,MEDIUM
52,0.518614,0.00511,0.183436,0.149671,0.279439,29,3,20,164.261897,HIGH
46,0.441759,0.00805,0.058621,0.0535,0.347561,7,14,25,76.821545,HIGH
20,0.561975,0.031582,0.245844,0.157395,0.230952,2,5,13,43.962021,HIGH
56,0.517046,0.006485,0.249382,0.153903,0.359723,3,43,10,113.165535,HIGH
4,0.037208,0.016548,0.54902,0.494838,0.07627,0,1,3,4.779533,LOW
32,0.449132,0.012665,0.1492,0.075451,0.083946,1,10,21,116.261328,HIGH
13,0.524045,0.04326,0.100805,0.079973,0.165233,2,3,8,42.889789,HIGH
46,0.44932,0.010932,0.072099,0.002,0.337742,0,30,16,105.065109,HIGH
1,0.018378,0.025338,0.616048,0.372196,0.128455,1,0,0,0.593898,LOW
5,0.268449,0.053134,0.554579,0.433148,0.313343,0,5,0,8.007811,MEDIUM
81,0.424834,0.002,0.089773,0.040689,0.348878,17,63,1,178.085102,HIGH
46,0.415927,0.010451,0.134629,0.086844,0.206614,28,7,11,73.674818,HIGH
0,0.0,0.0,1.0,1.0,0.0,0,0,0,0.0,LOW
46,0.625249,0.015989,0.17489,0.145671,0.102865,6,10,30,130.411768,HIGH
42,0.396075,0.012832,0.147764,0.135554,0.170674,2,39,1,139.148843,HIGH
10,0.270072,0.022306,0.183305,0.08754,0.227132,3,1,6,24.864591,MEDIUM
43,0.342834,0.008092,0.258425,0.247578,0.198369,4,19,20,72.271003,HIGH
4,0.030071,0.019583,0.263967,0.053148,0.265229,0,0,4,3.664386,LOW
4,0.188509,0.045848,0.457308,0.391284,0.162761,0,2,2,5.88934,MEDIUM
3,0.074763,0.02861,0.512002,0.276993,0.070271,0,1,2,1.683441,LOW
4,0.267302,0.072631,0.295353,0.101775,0.430492,0,1,3,6.983383,MEDIUM
27,0.542854,0.016382,0.322786,0.241854,0.02,12,14,1,71.620476,HIGH
11,0.194337,0.015954,0.261502,0.172178,0.283988,1,2,8,20.502033,MEDIUM
22,0.841652,0.039673,0.092867,0.002,0.245243,0,19,3,83.660411,HIGH
7,0.08,0.005,0.7,0.648407,0.561724,1,0,6,18.540461,MEDIUM
22,0.491748,0.024078,0.170306,0.094721,0.3017,4,4,14,78.720095,HIGH
7,0.095619,0.005,0.358103,0.289171,0.13511,2,3,2,16.68675,MEDIUM
12,0.151523,0.010292,0.33112,0.177883,0.449339,0,4,8,25.0,MEDIUM
4,0.02233,0.001,0.476156,0.37439,0.400377,1,0,3,3.366894,LOW
0,0.0,0.0,1.0,1.0,0.0,0,0,0,0.0,LOW
13,0.869193,0.06099,0.116771,0.050869,0.132431,2,3,8,35.051093,HIGH
11,0.440603,0.042479,0.087929,0.044303,0.104251,1,4,6,39.100671,HIGH
4,0.154666,0.039184,0.191475,0.054541,0.349313,0,2,2,4.999993,MEDIUM
8,0.419296,0.056001,0.261682,0.123881,0.359147,0,3,5,22.018658,MEDIUM
27,0.578946,0.018141,0.285734,0.226253,0.053531,27,0,0,45.783706,HIGH
44,0.611521,0.009561,0.252013,0.183921,0.049188,4,16,24,117.660745,HIGH
13,0.942794,0.08,0.250026,0.1633,0.311707,0,12,1,30.238362,HIGH
12,0.540748,0.042673,0.157156,0.113202,0.320622,4,8,0,35.438765,HIGH
15,0.504972,0.031229,0.125036,0.073419,0.151566,0,2,13,55.823993,HIGH
3,0.037949,0.025699,0.727583,0.512892,0.6,0,2,1,3.121017,LOW
10,0.120982,0.009901,0.635594,0.502087,0.272508,6,1,3,11.865621,MEDIUM
31,0.447439,0.011491,0.279779,0.226485,0.41666,10,9,12,71.049462,HIGH
1,0.010003,0.010826,0.282944,0.051731,0.229771,0,1,0,0.480987,LOW
14,0.391849,0.021393,0.15043,0.1218,0.17531,2,12,0,39.962957,HIGH
12,0.23221,0.017495,0.194709,0.02,0.37302,0,12,0,25.0,MEDIUM
14,0.582744,0.047592,0.045214,0.016375,0.224145,9,0,5,40.840543,HIGH
7,0.259649,0.042465,0.173002,0.069319,0.24917,4,3,0,14.343432,MEDIUM
2,0.033026,0.008831,0.343475,0.218632,0.300054,0,1,1,3.110419,LOW
0,0.0,0.0,1.0,1.0,0.0,0,0,0,0.0,LOW
4,0.026928,0.007837,0.591502,0.478466,0.321619,2,0,2,5.0,LOW
11,0.317537,0.028124,0.159287,0.07147,0.16371,0,10,1,25.0,MEDIUM
43,0.754934,0.023458,0.090739,0.074187,0.300241,18,9,16,93.415106,HIGH
3,0.156951,0.052247,0.464037,0.335376,0.426523,0,0,3,6.688651,MEDIUM
107,0.771527,0.002508,0.116971,0.065494,0.283994,35,56,16,247.367986,HIGH
11,0.128195,0.014314,0.52177,0.331081,0.410643,1,1,9,25.0,MEDIUM
0,0.0,0.0,1.0,1.0,0.0,0,0,0,0.0,LOW
10,0.377594,0.032426,0.542363,0.372857,0.138222,2,1,7,11.339858,MEDIUM
4,0.03182,0.00421,0.766602,0.701716,0.222475,0,1,3,3.6427,LOW
3,0.008566,0.01755,0.691605,0.497899,0.131385,2,1,0,3.126965,LOW
7,0.190108,0.02005,0.206265,0.137764,0.193994,2,1,4,17.01946,MEDIUM
53,0.701706,0.010833,0.013545,0.002,0.355487,10,9,34,96.105104,HIGH
16,0.467795,0.032384,0.218445,0.199688,0.432502,7,0,9,51.980707,HIGH
6,0.114333,0.006548,0.34635,0.287895,0.403792,0,3,3,17.286996,MEDIUM
29,0.63559,0.022313,0.167941,0.11779,0.215275,0,21,8,81.068813,HIGH
8,0.225676,0.031803,0.598575,0.515795,0.168144,2,2,4,21.349466,MEDIUM
8,0.304865,0.037671,0.101857,0.048327,0.181266,0,0,8,15.483991,MEDIUM
1,0.036672,0.015016,1.0,0.833106,0.293722,0,1,0,1.256354,LOW
56,0.788828,0.00956,0.061455,0.010838,0.42084,3,24,29,190.001556,HIGH
9,0.113379,0.010814,0.419237,0.345185,0.242305,8,1,0,24.657115,MEDIUM
3,0.033389,0.001,0.248271,0.193433,0.431308,0,0,3,2.529978,LOW
11,0.496718,0.048573,0.093325,0.008705,0.137505,3,6,2,43.716665,HIGH
12,0.156256,0.009477,0.507817,0.392746,0.283791,5,5,2,25.0,MEDIUM
5,0.248289,0.048006,0.130272,0.07178,0.058897,2,3,0,4.649919,MEDIUM
40,0.589703,0.007247,0.195995,0.143081,0.204387,4,19,17,71.931397,HIGH
63,0.437993,0.005367,0.157642,0.136272,0.305624,13,22,28,148.686754,HIGH
5,0.212931,0.044788,0.372286,0.231354,0.41144,0,4,1,12.47291,MEDIUM
6,0.281351,0.050935,0.44398,0.339771,0.290453,2,2,2,13.563481,MEDIUM
12,0.155477,0.014013,0.333649,0.143874,0.177784,0,11,1,12.68138,MEDIUM
8,0.259655,0.027873,0.328126,0.254425,0.373622,0,6,2,14.644546,MEDIUM
12,0.08,0.007286,0.120502,0.027904,0.388732,0,4,8,25.0,MEDIUM
5,0.08,0.012521,0.168263,0.02,0.205359,3,0,2,4.926156,MEDIUM
9,0.115908,0.005646,0.488581,0.369203,0.240546,1,5,3,22.577669,MEDIUM
7,0.130168,0.018627,0.512679,0.379613,0.227505,4,2,1,16.395575,MEDIUM
1,0.008257,0.001,0.914922,0.706425,0.369478,1,0,0,0.517529,LOW
11,0.129374,0.011901,0.216052,0.054617,0.399142,8,0,3,23.357562,MEDIUM
4,0.050125,0.014857,0.417186,0.206524,0.332316,3,1,0,1.338626,LOW
7,0.430442,0.065009,0.266371,0.206552,0.246994,0,2,5,16.332634,MEDIUM
11,0.171257,0.011893,0.485219,0.362625,0.237756,8,3,0,17.861364,MEDIUM
3,0.044572,0.017762,0.895083,0.668268,0.23992,1,0,2,2.529925,LOW
2,0.077312,0.042156,0.763372,0.565268,0.462263,1,1,0,0.77408,LOW
4,0.011518,0.003105,0.859247,0.771985,0.324784,1,1,2,5.0,LOW
2,0.001,0.001,1.0,0.903812,0.277786,0,0,2,0.401237,LOW
6,0.147087,0.021916,0.229074,0.170221,0.289809,3,2,1,9.299091,MEDIUM
1,0.041607,0.03082,0.702109,0.647008,0.124915,0,1,0,0.663669,LOW
12,0.08,0.006118,0.568636,0.467099,0.17959,1,9,2,20.424426,MEDIUM
47,0.68363,0.013193,0.252582,0.191631,0.167709,12,16,19,75.937685,HIGH
11,0.209422,0.008525,0.348666,0.195961,0.1777,5,4,2,16.042486,MEDIUM
11,0.384492,0.036105,0.40386,0.304451,0.314065,2,3,6,25.0,MEDIUM
49,0.303932,0.009096,0.02693,0.002,0.253792,26,12,11,151.350619,HIGH
6,0.442511,0.075755,0.588193,0.53012,0.235371,0,4,2,9.671315,MEDIUM
15,0.520772,0.036713,0.075645,0.002,0.076836,3,0,12,33.0413,HIGH
5,0.208848,0.039238,0.280957,0.133699,0.411779,5,0,0,13.563129,MEDIUM
46,0.498864,0.002833,0.067613,0.018954,0.312777,8,15,23,172.418387,HIGH
5,0.08,0.022683,0.242406,0.068987,0.198127,0,2,3,14.434483,MEDIUM
3,0.018494,0.001,0.445312,0.301469,0.446433,1,0,2,1.421902,LOW
5,0.150137,0.030252,0.464461,0.278284,0.289527,0,2,3,7.565081,MEDIUM
4,0.127578,0.022493,0.15013,0.033771,0.371286,3,0,1,4.932522,MEDIUM
1,0.012756,0.013671,0.796767,0.699012,0.340714,0,0,1,1.448528,LOW
7,0.347873,0.043798,0.303569,0.223699,0.319943,3,3,1,15.654276,MEDIUM
29,0.448382,0.013342,0.127492,0.088489,0.141427,0,12,17,81.601056,HIGH
54,0.402691,0.006914,0.255721,0.204213,0.186562,0,12,42,139.862753,HIGH
0,0.0,0.0,1.0,1.0,0.0,0,0,0,0.0,LOW
8,0.430223,0.058463,0.230802,0.110565,0.336747,0,2,6,8.630237,MEDIUM
6,0.253016,0.040444,0.123526,0.02,0.154473,5,0,1,13.357853,MEDIUM
11,0.18102,0.008219,0.452716,0.350688,0.383427,3,0,8,17.39186,MEDIUM
6,0.315263,0.063587,0.272663,0.150222,0.265117,1,5,0,15.657347,MEDIUM
3,0.015135,0.005826,0.702818,0.502468,0.329762,2,1,0,2.702045,LOW
53,0.598192,0.012408,0.127403,0.110246,0.287963,13,12,28,189.20242,HIGH
11,0.173382,0.013649,0.51064,0.452665,0.082923,2,1,8,22.962133,MEDIUM
0,0.0,0.0,1.0,1.0,0.0,0,0,0,0.0,LOW
4,0.198656,0.047225,0.150832,0.02,0.511467,2,2,0,10.076926,MEDIUM
2,0.019273,0.015232,0.51531,0.357336,0.409335,0,2,0,2.871944,LOW
35,0.587979,0.014789,0.005,0.002,0.216189,10,15,10,128.831921,HIGH
2,0.008851,0.001,0.8744,0.655759,0.453616,1,1,0,1.232075,LOW
57,0.43049,0.010619,0.055223,0.033675,0.260197,29,8,20,216.733734,HIGH
46,0.500992,0.013739,0.306219,0.247837,0.120681,3,14,29,111.953494,HIGH
8,0.266264,0.03969,0.586942,0.483202,0.254817,1,3,4,11.54773,MEDIUM
21,0.806184,0.04039,0.050777,0.027535,0.02,1,10,10,68.480268,HIGH
10,0.177464,0.017282,0.376336,0.298673,0.198765,0,10,0,12.054073,MEDIUM
19,0.561551,0.034517,0.166356,0.083275,0.199455,0,15,4,46.832568,HIGH
8,0.153505,0.018161,0.638763,0.579224,0.244543,4,2,2,22.690089,MEDIUM
53,0.545253,0.010118,0.118259,0.039311,0.211983,0,21,32,112.105426,HIGH
1,0.018407,0.030142,0.399004,0.313797,0.457885,0,1,0,0.598639,LOW
10,0.44113,0.044244,0.303647,0.196133,0.486724,0,4,6,13.869677,MEDIUM
24,0.558124,0.024873,0.226811,0.151024,0.298636,11,12,1,63.500163,HIGH
51,0.672504,0.010951,0.08856,0.064184,0.092678,7,28,16,196.394022,HIGH
20,0.541388,0.03081,0.148956,0.102481,0.293875,17,0,3,55.277574,HIGH
3,0.001,0.013507,0.716559,0.64576,0.403679,1,1,1,2.388578,LOW
0,0.0,0.0,1.0,1.0,0.0,0,0,0,0.0,LOW
40,0.633402,0.015308,0.070337,0.002,0.05868,12,18,10,96.406267,HIGH
23,0.666513,0.028414,0.096037,0.013239,0.264531,6,0,17,79.84834,HIGH
18,0.585074,0.032976,0.156156,0.132192,0.252532,0,3,15,69.759456,HIGH
3,0.178401,0.064149,0.414636,0.305776,0.05945,1,1,1,7.476113,MEDIUM
12,0.08,0.005,0.412882,0.243989,0.127271,3,6,3,25.0,MEDIUM
50,0.577018,0.009514,0.215055,0.14304,0.313546,17,24,9,193.932158,HIGH
56,0.681757,0.008353,0.205444,0.118567,0.230126,1,8,47,138.79758,HIGH
3,0.21821,0.07602,0.580657,0.459869,0.465239,2,1,0,7.610119,MEDIUM
4,0.006656,0.009285,0.538318,0.351839,0.40132,1,3,0,1.332112,LOW
4,0.026536,0.001,0.79723,0.551378,0.305969,1,3,0,2.504661,LOW
3,0.001,0.001,0.521884,0.435219,0.265323,2,0,1,1.716368,LOW
13,0.475972,0.036231,0.201953,0.165279,0.253433,2,7,4,32.665273,HIGH
8,0.173453,0.020608,0.05,0.02,0.444593,4,2,2,18.816645,MEDIUM
4,0.26666,0.068252,0.346676,0.292254,0.215381,1,1,2,11.334657,MEDIUM
5,0.17037,0.038974,0.695533,0.609622,0.238546,0,1,4,8.868471,MEDIUM
4,0.031417,0.005475,0.50567,0.296833,0.268126,2,2,0,5.0,LOW
51,0.531931,0.013036,0.171855,0.135604,0.238698,50,0,1,117.295818,HIGH
11,0.145649,0.012401,0.411152,0.221105,0.194971,3,1,7,21.822707,MEDIUM
0,0.0,0.0,1.0,1.0,0.0,0,0,0,0.0,LOW
40,0.470132,0.010135,0.245672,0.162298,0.112437,23,6,11,140.120371,HIGH
5,0.226919,0.050771,0.416915,0.24522,0.402995,1,4,0,12.977075,MEDIUM
58,0.74352,0.016138,0.030082,0.002,0.349352,6,25,27,215.460175,HIGH
9,0.08,0.005,0.492717,0.371351,0.149403,3,6,0,14.870715,MEDIUM
3,0.294469,0.094698,0.221221,0.078795,0.126892,0,1,2,8.312688,MEDIUM
4,0.064298,0.009022,0.680998,0.546784,0.232984,1,2,1,4.504863,LOW
15,0.673791,0.043265,0.16842,0.158771,0.433003,12,2,1,57.580845,HIGH
23,0.571697,0.016369,0.092763,0.059,0.154291,12,2,9,72.689422,HIGH
2,0.004452,0.005632,0.895265,0.656115,0.220335,0,0,2,0.933064,LOW
0,0.0,0.0,1.0,1.0,0.0,0,0,0,0.0,LOW
57,0.490858,0.007409,0.112777,0.07866,0.02,30,17,10,199.903745,HIGH
1,0.032218,0.020798,0.474807,0.246429,0.59729,0,0,1,1.123867,LOW
6,0.154894,0.029523,0.295458,0.12964,0.461017,1,5,0,17.180123,MEDIUM
0,0.0,0.0,1.0,1.0,0.0,0,0,0,0.0,LOW
7,0.088172,0.01434,0.350276,0.287913,0.3657,4,1,2,11.100516,MEDIUM
8,0.124413,0.017903,0.395737,0.305125,0.243498,0,7,1,15.687674,MEDIUM
4,0.032871,0.011298,0.513195,0.304353,0.167865,3,1,0,3.497786,LOW
2,0.022767,0.001,0.799143,0.614255,0.237743,1,0,1,2.789291,LOW
3,0.021069,0.004012,0.835538,0.714188,0.149513,0,0,3,2.279251,LOW
46,0.64697,0.017855,0.167312,0.126821,0.318429,7,8,31,81.49168,HIGH
0,0.0,0.0,1.0,1.0,0.0,0,0,0,0.0,LOW
1,0.00148,0.00786,0.788105,0.568322,0.370722,1,0,0,0.903734,LOW
1,0.053673,0.040924,0.994812,0.927165,0.346469,0,0,1,0.3383,LOW
5,0.226737,0.042962,0.550105,0.455114,0.391706,3,1,1,5.912689,MEDIUM
1,0.042428,0.045731,0.870095,0.638978,0.494807,0,0,1,0.885246,LOW
12,0.446031,0.030611,0.219035,0.130205,0.497513,2,7,3,15.237726,MEDIUM
1,0.001,0.007571,0.377627,0.322253,0.347437,0,1,0,1.15623,LOW
0,0.0,0.0,1.0,1.0,0.0,0,0,0,0.0,LOW
11,0.234114,0.018306,0.155309,0.042185,0.180644,7,2,2,19.057835,MEDIUM
86,0.835534,0.011888,0.275986,0.206029,0.289728,17,35,34,181.451309,HIGH
9,0.124478,0.010617,0.258532,0.058607,0.49354,0,3,6,21.311966,MEDIUM
14,0.670559,0.044233,0.075265,0.002,0.115843,0,1,13,21.394179,HIGH
37,0.549815,0.018756,0.12282,0.038101,0.288805,2,28,7,133.557806,HIGH
9,0.148294,0.013715,0.450254,0.383822,0.386547,1,4,4,18.214511,MEDIUM
1,0.022209,0.025208,0.328799,0.079996,0.470555,0,0,1,0.592609,LOW
17,0.496699,0.031644,0.041953,0.002,0.28381,2,5,10,46.156413,HIGH
5,0.132546,0.021645,0.33009,0.256675,0.249291,0,4,1,10.962316,MEDIUM
6,0.167613,0.025765,0.450869,0.279861,0.363622,0,2,4,14.847071,MEDIUM
50,0.401749,0.002,0.087247,0.002,0.119063,16,23,11,149.955541,HIGH
3,0.054998,0.020372,0.470639,0.23566,0.122519,0,1,2,1.887554,LOW
21,0.714419,0.034115,0.005,0.002,0.075289,9,4,8,44.856674,HIGH
15,0.644949,0.045599,0.201796,0.165433,0.101897,5,8,2,32.281498,HIGH
29,0.637932,0.022053,0.126979,0.117808,0.204164,7,15,7,45.586348,HIGH
5,0.08,0.013199,0.464593,0.376562,0.269488,1,2,2,15.099279,MEDIUM
12,0.104025,0.005,0.335531,0.167993,0.281152,2,2,8,21.600152,MEDIUM
33,0.620476,0.022879,0.047352,0.002,0.255742,8,13,12,65.923459,HIGH
9,0.164664,0.014016,0.100825,0.02,0.140837,6,2,1,19.370331,MEDIUM
12,0.336018,0.024691,0.065834,0.02,0.399358,5,0,7,12.365841,MEDIUM
34,0.544992,0.016042,0.281557,0.220192,0.229621,19,9,6,92.640394,HIGH
3,0.08,0.026502,0.201491,0.078709,0.425564,1,2,0,8.662044,MEDIUM
53,0.606554,0.013871,0.149716,0.091459,0.273957,11,30,12,154.077753,HIGH
4,0.031454,0.003278,0.373146,0.154691,0.094129,0,1,3,4.780611,LOW
12,0.596022,0.049951,0.216025,0.152454,0.099931,0,6,6,47.754712,HIGH
4,0.08,0.021224,0.634862,0.512191,0.073533,2,2,0,7.464321,MEDIUM
4,0.001,0.001,1.0,0.918988,0.249497,1,2,1,5.0,LOW
13,0.788429,0.059515,0.103377,0.028678,0.250395,0,4,9,19.770262,HIGH
2,0.017828,0.02583,0.980861,0.732104,0.142794,0,1,1,0.693341,LOW
2,0.027399,0.024781,0.508455,0.323769,0.500289,1,1,0,1.889516,LOW
2,0.002602,0.003268,0.542813,0.446688,0.182272,2,0,0,2.252291,LOW
11,0.089362,0.009042,0.413225,0.22158,0.255583,5,5,1,12.140125,MEDIUM
49,0.568251,0.009468,0.196868,0.159296,0.103886,16,31,2,149.441093,HIGH
1,0.02637,0.033075,0.607466,0.498405,0.1752,0,1,0,0.43355,LOW
3,0.059581,0.01607,0.666314,0.531238,0.316261,1,2,0,1.017441,LOW
6,0.278344,0.047504,0.508827,0.39491,0.313584,3,1,2,15.517997,MEDIUM
11,0.710433,0.059661,0.183929,0.089138,0.234691,3,4,4,21.053251,HIGH
67,0.332536,0.005424,0.181859,0.127369,0.105169,5,27,35,117.007185,HIGH
6,0.195329,0.038801,0.505,0.332061,0.289995,0,1,5,12.753934,MEDIUM
8,0.293227,0.041201,0.7,0.531688,0.173917,0,7,1,14.552105,MEDIUM
33,0.699384,0.025626,0.250831,0.207594,0.278354,10,7,16,131.19804,HIGH
36,0.458793,0.014039,0.078056,0.008557,0.163384,0,15,21,63.258015,HIGH
37,0.783138,0.023111,0.164276,0.065053,0.409812,1,26,10,109.078718,HIGH
5,0.137722,0.027631,0.623286,0.523295,0.193911,2,1,2,14.311146,MEDIUM
2,0.039856,0.022288,0.578367,0.387819,0.388475,1,0,1,2.291415,LOW
3,0.040395,0.027731,0.324303,0.239296,0.358925,3,0,0,3.859963,LOW
1,0.001,0.001,0.785449,0.723127,0.137675,0,0,1,1.280604,LOW
7,0.260236,0.031309,0.121008,0.02,0.372628,1,1,5,14.826552,MEDIUM
6,0.08,0.007725,0.269104,0.106761,0.165037,0,6,0,16.946293,MEDIUM
24,0.733302,0.034078,0.207975,0.13805,0.17485,3,6,15,37.33083,HIGH
4,0.008738,0.007905,1.0,0.830441,0.009677,0,0,4,4.716826,LOW
1,0.015846,0.01985,0.869935,0.693572,0.169233,0,1,0,1.576179,LOW
3,0.024968,0.023094,1.0,0.773323,0.491966,1,2,0,1.250482,LOW
2,0.068752,0.037336,0.490167,0.337715,0.29587,0,2,0,1.2391,LOW
4,0.203443,0.054711,0.17416,0.02,0.093093,4,0,0,7.764339,MEDIUM
0,0.0,0.0,1.0,1.0,0.0,0,0,0,0.0,LOW
12,0.097024,0.009245,0.414812,0.233732,0.312594,6,5,1,25.0,MEDIUM
20,0.299867,0.014502,0.244265,0.20184,0.417644,1,13,6,42.593657,HIGH
18,0.715991,0.03984,0.069122,0.057006,0.359045,3,1,14,69.773849,HIGH
12,0.133826,0.017619,0.206865,0.123829,0.252281,1,5,6,25.0,MEDIUM
44,0.387182,0.010982,0.064226,0.002,0.212718,26,10,8,71.148929,HIGH
12,0.171601,0.01338,0.158955,0.02,0.401163,7,3,2,25.0,MEDIUM
10,0.195537,0.017618,0.297512,0.144577,0.242711,0,3,7,19.634646,MEDIUM
6,0.194676,0.035195,0.151964,0.02,0.274993,0,4,2,15.156722,MEDIUM
10,0.08,0.006252,0.260858,0.181101,0.454451,1,2,7,25.0,MEDIUM
9,0.104096,0.014182,0.094226,0.033718,0.32733,4,4,1,16.617932,MEDIUM
45,0.478501,0.00517,0.226129,0.170884,0.318147,0,25,20,122.149768,HIGH
3,0.136272,0.036104,0.16509,0.052997,0.228098,0,2,1,5.858889,MEDIUM
3,0.210697,0.07256,0.612322,0.431882,0.108573,3,0,0,8.104821,MEDIUM
1,0.019643,0.008919,1.0,0.913836,0.289271,0,0,1,1.061253,LOW
41,0.457599,0.008154,0.094668,0.042427,0.093834,1,13,27,111.689906,HIGH
11,0.168969,0.013759,0.453878,0.299333,0.320354,1,1,9,25.0,MEDIUM
15,0.718824,0.0431,0.059916,0.002,0.02,0,13,2,53.778906,HIGH
4,0.08,0.019489,0.204468,0.062478,0.226843,0,2,2,5.597257,MEDIUM
3,0.042506,0.00509,0.475073,0.38422,0.373268,0,1,2,1.359332,LOW
56,0.332424,0.004488,0.179817,0.122936,0.024433,13,24,19,107.07315,HIGH
0,0.0,0.0,1.0,1.0,0.0,0,0,0,0.0,LOW
34,0.612375,0.016216,0.005,0.002,0.105855,5,16,13,63.182097,HIGH
7,0.273936,0.037308,0.352871,0.27399,0.231286,4,1,2,13.488915,MEDIUM
7,0.131447,0.021679,0.56962,0.38268,0.360733,0,4,3,16.323329,MEDIUM
1,0.028605,0.028074,0.829486,0.665587,0.4791,1,0,0,1.328477,LOW
12,0.458418,0.032807,0.417116,0.366651,0.168525,2,9,1,25.0,MEDIUM
9,0.115793,0.019103,0.226941,0.148197,0.166185,2,2,5,10.340683,MEDIUM
4,0.01618,0.026242,0.771675,0.718151,0.230082,4,0,0,5.0,LOW
56,0.702273,0.008621,0.172776,0.145835,0.322916,4,27,25,149.040401,HIGH
2,0.023899,0.023509,0.666216,0.527136,0.036565,0,1,1,1.535471,LOW
8,0.178894,0.03527,0.362956,0.225967,0.173811,2,1,5,13.13881,MEDIUM
20,0.473163,0.022886,0.035835,0.002,0.167067,0,9,11,72.408787,HIGH
33,0.685544,0.020921,0.244748,0.168235,0.229232,0,8,25,118.763961,HIGH
54,0.706833,0.014826,0.152,0.058771,0.02,19,21,14,189.282131,HIGH
19,0.521018,0.026288,0.04851,0.010054,0.309128,5,12,2,54.640707,HIGH
10,0.657918,0.064615,0.246587,0.197927,0.231273,3,6,1,36.813006,HIGH
12,0.178942,0.015129,0.081695,0.02,0.347512,0,2,10,25.0,MEDIUM
57,0.521736,0.009728,0.175483,0.165173,0.224237,3,7,47,207.883991,HIGH
7,0.355915,0.051319,0.454406,0.366452,0.235559,1,3,3,17.631272,MEDIUM
23,0.795561,0.037025,0.084304,0.002,0.198046,8,11,4,71.641224,HIGH
9,0.330262,0.031294,0.569223,0.457726,0.146208,2,0,7,15.386181,MEDIUM
14,0.700603,0.051361,0.221805,0.157522,0.107847,1,2,11,26.286268,HIGH
2,0.030844,0.010611,0.630385,0.555313,0.155458,0,0,2,1.070809,LOW
9,0.18692,0.023589,0.161456,0.076726,0.258163,6,0,3,19.219503,MEDIUM
10,0.248875,0.022408,0.231458,0.080051,0.15273,3,6,1,25.0,MEDIUM
11,0.08,0.01136,0.332665,0.243235,0.236619,2,0,9,20.117921,MEDIUM
36,0.633636,0.01645,0.07303,0.024763,0.27729,4,13,19,126.70546,HIGH
25,0.475376,0.017955,0.188849,0.133017,0.100755,2,22,1,45.969764,HIGH
47,0.528675,0.008545,0.263037,0.234394,0.430928,18,17,12,179.177997,HIGH
1,0.014355,0.039093,1.0,0.788503,0.444833,0,1,0,1.200499,LOW
5,0.143249,0.033447,0.425468,0.355514,0.313425,2,1,2,10.624664,MEDIUM
10,0.30505,0.028699,0.160168,0.107328,0.2193,3,1,6,21.085669,MEDIUM
1,0.041407,0.016944,0.615724,0.409253,0.272535,0,0,1,0.361121,LOW
3,0.028233,0.018917,0.660616,0.515911,0.157136,0,2,1,3.301961,LOW
11,0.323859,0.026002,0.477993,0.413195,0.17099,0,8,3,24.899204,MEDIUM
6,0.272015,0.040093,0.577999,0.425944,0.448605,2,3,1,9.023472,MEDIUM
59,0.347179,0.002784,0.187227,0.156539,0.378942,39,17,3,147.601041,HIGH
2,0.00619,0.006112,0.592036,0.415909,0.487242,0,2,0,0.970714,LOW
5,0.217677,0.033526,0.090271,0.02,0.229752,0,3,2,12.476787,MEDIUM
43,0.679596,0.016433,0.02234,0.002,0.154388,11,16,16,108.042573,HIGH
5,0.229142,0.041316,0.350022,0.203717,0.13965,0,3,2,8.315931,MEDIUM
4,0.180183,0.045538,0.372487,0.192446,0.300359,0,1,3,6.310176,MEDIUM
3,0.126216,0.036693,0.339277,0.189673,0.263702,1,0,2,4.186544,MEDIUM
1,0.026993,0.023138,0.746715,0.583876,0.236071,1,0,0,0.651031,LOW
4,0.056776,0.024795,0.982933,0.832195,0.390473,1,1,2,3.594732,LOW
1,0.024395,0.013284,0.421223,0.18747,0.106361,0,0,1,1.493494,LOW
4,0.123606,0.035026,0.147582,0.042149,0.428536,2,0,2,6.025439,MEDIUM
58,0.759084,0.017665,0.135776,0.063605,0.12636,23,20,15,195.492457,HIGH
25,0.426155,0.017548,0.073212,0.038479,0.116278,21,2,2,51.023311,HIGH
3,0.031442,0.004118,0.475636,0.38533,0.236872,1,1,1,3.052985,LOW
12,0.08,0.005,0.382596,0.20016,0.381137,9,0,3,20.281701,MEDIUM
2,0.054282,0.028575,0.706075,0.50673,0.043753,0,0,2,1.74564,LOW
1,0.026319,0.013415,0.81738,0.721108,0.245499,0,1,0,0.589737,LOW
4,0.049684,0.001,0.914611,0.829284,0.207681,2,2,0,2.157751,LOW
43,0.484227,0.007545,0.174538,0.109732,0.355077,17,13,13,116.40352,HIGH
8,0.282276,0.035113,0.419528,0.269938,0.328058,0,0,8,12.870874,MEDIUM
9,0.080136,0.005,0.201573,0.063125,0.176581,1,6,2,19.26669,MEDIUM
4,0.01158,0.001,0.561673,0.391745,0.239379,0,3,1,1.248696,LOW
22,0.616199,0.029555,0.081701,0.03086,0.206236,4,15,3,75.632822,HIGH
3,0.233425,0.086879,0.7,0.549788,0.42977,3,0,0,5.92376,MEDIUM
145,0.276466,0.005307,0.27792,0.243027,0.086233,27,117,1,400.0,HIGH
12,0.153814,0.005,0.316778,0.171863,0.315842,4,3,5,25.0,MEDIUM
17,0.35551,0.021543,0.074803,0.030569,0.152552,1,8,8,55.55902,HIGH
3,0.019799,0.018818,0.532538,0.284425,0.25711,2,0,1,2.397513,LOW
4,0.212836,0.059206,0.341021,0.184752,0.498448,0,0,4,8.09311,MEDIUM
10,0.249313,0.024612,0.362433,0.251961,0.135176,0,4,6,21.684298,MEDIUM
7,0.225028,0.033056,0.15565,0.02,0.277814,0,2,5,16.869962,MEDIUM
1,0.001,0.001,0.450788,0.252348,0.406401,0,1,0,0.970364,LOW
2,0.013446,0.001,0.668395,0.538475,0.534973,0,2,0,0.989707,LOW
23,0.470243,0.022385,0.32459,0.226688,0.269633,14,3,6,60.602508,HIGH
6,0.219681,0.032607,0.183799,0.02,0.140383,1,4,1,13.037606,MEDIUM
4,0.026191,0.001,0.573264,0.342937,0.082482,0,1,3,4.166371,LOW
49,0.42375,0.008934,0.146786,0.09186,0.229625,8,12,29,184.44399,HIGH
51,0.53924,0.010838,0.160478,0.101747,0.408461,1,31,19,133.29541,HIGH
41,0.690647,0.016931,0.182049,0.104415,0.469474,2,23,16,143.890274,HIGH
0,0.0,0.0,1.0,1.0,0.0,0,0,0,0.0,LOW
5,0.190044,0.034044,0.237167,0.147319,0.465062,1,4,0,8.067331,MEDIUM
4,0.151764,0.036483,0.463032,0.264742,0.458876,3,1,0,8.777233,MEDIUM
10,0.11638,0.012422,0.438183,0.33533,0.476755,1,2,7,16.654634,MEDIUM
27,0.518773,0.018723,0.05771,0.002,0.297777,8,9,10,45.592496,HIGH
2,0.004561,0.001,0.590549,0.493314,0.266593,0,1,1,2.839818,LOW
11,0.219977,0.008573,0.279198,0.19706,0.489255,1,6,4,21.670942,MEDIUM
1,0.001,0.001,0.475906,0.265278,0.259365,1,0,0,1.09333,LOW
11,0.315441,0.027847,0.557629,0.397941,0.135485,1,9,1,13.982025,MEDIUM
9,0.237533,0.020656,0.557707,0.379556,0.261936,0,2,7,13.19769,MEDIUM
2,0.001,0.001,0.978906,0.832794,0.0,1,1,0,2.746234,LOW
21,0.694364,0.032133,0.076726,0.036706,0.320481,1,13,7,74.671291,HIGH
0,0.0,0.0,1.0,1.0,0.0,0,0,0,0.0,LOW
4,0.374095,0.1,0.05,0.02,0.236459,3,1,0,9.875317,MEDIUM
0,0.0,0.0,1.0,1.0,0.0,0,0,0,0.0,LOW
53,0.398845,0.011164,0.031832,0.002,0.072584,22,22,9,179.596508,HIGH
4,0.08,0.01463,0.492873,0.302585,0.204967,0,2,2,9.399543,MEDIUM
41,0.591821,0.010328,0.21383,0.156232,0.191678,3,10,28,95.801396,HIGH
42,0.792101,0.018213,0.102512,0.062342,0.330399,34,6,2,133.399842,HIGH
6,0.396199,0.070328,0.508521,0.440111,0.261114,1,4,1,8.963798,MEDIUM
0,0.0,0.0,1.0,1.0,0.0,0,0,0,0.0,LOW
5,0.08,0.012789,0.7,0.50044,0.183696,0,2,3,9.360966,MEDIUM
59,0.598521,0.014032,0.061574,0.002,0.197014,32,3,24,119.716397,HIGH
20,0.515939,0.02882,0.24153,0.233972,0.31133,12,0,8,47.491314,HIGH
2,0.010682,0.012021,0.420893,0.288225,0.341079,0,0,2,1.341396,LOW
1,0.01112,0.031331,0.995283,0.881193,0.162573,1,0,0,1.471074,LOW
4,0.206917,0.052732,0.433126,0.255403,0.269903,0,1,3,5.838958,MEDIUM
0,0.0,0.0,1.0,1.0,0.0,0,0,0,0.0,LOW
6,0.221448,0.034996,0.152944,0.061822,0.355631,1,2,3,16.184487,MEDIUM
4,0.20545,0.047248,0.668764,0.516096,0.137011,1,3,0,4.574835,MEDIUM
4,0.006533,0.001,0.828879,0.639293,0.348739,1,1,2,1.667103,LOW
4,0.062749,0.021854,0.245271,0.126081,0.225172,2,1,1,4.365811,LOW
4,0.08,0.016804,0.412826,0.247809,0.131752,2,1,1,7.616278,MEDIUM
8,0.195417,0.013843,0.201446,0.02,0.186766,1,3,4,20.998581,MEDIUM
38,0.494593,0.012902,0.053149,0.002,0.1706,1,27,10,149.199427,HIGH
4,0.027119,0.013848,0.348899,0.120443,0.17448,1,2,1,5.0,LOW
42,0.410461,0.009842,0.043172,0.002,0.14384,21,9,12,70.268662,HIGH
24,0.572462,0.025799,0.147966,0.090176,0.374276,1,11,12,82.446688,HIGH
14,0.705948,0.049031,0.262975,0.205497,0.280894,6,7,1,48.75955,HIGH
2,0.031777,0.006725,0.724636,0.484643,0.087765,0,0,2,2.579612,LOW
38,0.38278,0.008054,0.169911,0.095249,0.157838,31,5,2,102.299949,HIGH
3,0.001,0.010303,0.814835,0.686113,0.43503,0,3,0,3.538147,LOW
80,0.481425,0.007787,0.20753,0.165579,0.318946,21,5,54,232.217447,HIGH
58,0.366723,0.008943,0.081305,0.017775,0.357031,3,9,46,193.125833,HIGH
4,0.08,0.013801,0.262389,0.11771,0.310386,0,3,1,4.753324,MEDIUM
3,0.08,0.020891,0.355869,0.228797,0.432864,0,1,2,4.987099,MEDIUM
18,0.491472,0.028034,0.197084,0.144569,0.243204,0,10,8,28.219982,HIGH
11,0.208827,0.018871,0.30927,0.200197,0.417845,2,9,0,12.823572,MEDIUM
32,0.82082,0.029341,0.085982,0.041458,0.118225,2,13,17,126.302806,HIGH
3,0.224154,0.073196,0.336213,0.222826,0.195362,2,1,0,6.146468,MEDIUM
2,0.014623,0.00724,0.784898,0.638589,0.331721,0,0,2,1.517052,LOW
3,0.009236,0.00783,0.931616,0.794877,0.357079,0,1,2,2.202812,LOW
4,0.007947,0.001,1.0,0.836669,0.187958,0,3,1,5.0,LOW
35,0.506845,0.007818,0.236448,0.139978,0.094974,10,20,5,105.837934,HIGH
1,0.011317,0.001,1.0,0.917292,0.020349,1,0,0,1.25279,LOW
2,0.009975,0.006439,0.477464,0.247524,0.053381,0,1,1,0.600683,LOW
3,0.024202,0.008906,0.442421,0.351385,0.381024,2,0,1,1.94606,LOW
14,0.447067,0.033724,0.201761,0.174767,0.399485,2,10,2,50.019677,HIGH
12,0.123112,0.011969,0.206366,0.074645,0.221083,3,3,6,24.455815,MEDIUM
8,0.13168,0.016268,0.200595,0.07499,0.288084,2,4,2,16.636476,MEDIUM
12,0.08,0.005,0.428622,0.292262,0.232513,1,4,7,25.0,MEDIUM
2,0.028299,0.001091,0.727337,0.479186,0.136672,1,0,1,2.439562,LOW
2,0.005174,0.009982,0.212634,0.05,0.471586,0,1,1,2.356727,LOW
2,0.034515,0.016585,1.0,0.876565,0.041988,0,0,2,2.500302,LOW
21,0.567002,0.025298,0.038375,0.002,0.101687,6,5,10,78.477995,HIGH
47,0.426705,0.010064,0.105102,0.032268,0.093689,7,37,3,127.746128,HIGH
41,0.674674,0.017886,0.073724,0.014996,0.02,7,15,19,72.30884,HIGH
35,0.769148,0.023133,0.188368,0.112463,0.243121,2,25,8,63.51294,HIGH
49,0.480138,0.005542,0.120711,0.058304,0.239555,35,8,6,134.675836,HIGH
40,0.630694,0.017678,0.232111,0.190692,0.377892,5,1,34,160.74852,HIGH
22,0.63262,0.030317,0.107126,0.092314,0.170926,2,6,14,34.05856,HIGH
1,0.010294,0.006662,0.692074,0.465816,0.277216,0,0,1,0.536252,LOW
55,0.576029,0.005918,0.26293,0.165126,0.368397,10,40,5,90.17722,HIGH
3,0.144613,0.042251,0.302621,0.133288,0.224957,0,3,0,4.076667,MEDIUM
6,0.106444,0.025757,0.205281,0.154397,0.342919,1,5,0,10.207686,MEDIUM
9,0.38233,0.047558,0.454409,0.266753,0.180303,0,7,2,25.0,MEDIUM
59,0.531453,0.0082,0.200252,0.163365,0.415422,2,30,27,110.235277,HIGH
6,0.257956,0.043011,0.578344,0.380869,0.418489,1,4,1,9.775797,MEDIUM
6,0.26168,0.042036,0.190977,0.02,0.18868,1,0,5,18.133001,MEDIUM
4,0.075546,0.016182,0.752188,0.658512,0.371129,0,4,0,3.5473,LOW
1,0.055616,0.065413,0.762696,0.540131,0.309363,0,0,1,0.969433,LOW
53,0.928826,0.017259,0.222707,0.128433,0.18902,12,19,22,178.998947,HIGH
3,0.103297,0.028998,0.577628,0.400872,0.504119,0,2,1,2.721569,LOW
11,0.08,0.007325,0.122716,0.02,0.248944,6,0,5,25.0,MEDIUM
0,0.0,0.0,1.0,1.0,0.0,0,0,0,0.0,LOW
54,0.596409,0.006043,0.251738,0.206972,0.222884,13,3,38,178.971421,HIGH
8,0.310342,0.042229,0.591631,0.408995,0.313904,2,4,2,15.902628,MEDIUM
3,0.001,0.00175,0.319482,0.251896,0.44935,1,1,1,3.108463,LOW
50,0.668291,0.016325,0.212627,0.203114,0.216375,18,4,28,81.978772,HIGH
6,0.08,0.0118,0.579506,0.442004,0.230334,0,1,5,8.334585,MEDIUM
10,0.427653,0.04134,0.165857,0.098332,0.05,3,4,3,16.862252,MEDIUM
1,0.022059,0.036243,0.638549,0.580159,0.424716,0,0,1,0.518937,LOW
1,0.037085,0.038183,0.540444,0.302633,0.095731,0,1,0,1.301657,LOW
4,0.413173,0.1,0.355205,0.232293,0.387508,1,1,2,11.389343,MEDIUM
11,0.256285,0.022584,0.422176,0.366711,0.268656,3,2,6,20.094582,MEDIUM
4,0.020199,0.001,0.654368,0.488083,0.357851,0,2,2,1.896087,LOW
3,0.036032,0.017762,1.0,0.912207,0.273365,1,1,1,2.520077,LOW
7,0.08,0.005,0.66892,0.509621,0.276254,1,1,5,8.747912,MEDIUM
11,0.08,0.005,0.198175,0.041549,0.143199,2,5,4,16.866031,MEDIUM
6,0.088896,0.014211,0.312698,0.135953,0.36398,0,6,0,13.016086,MEDIUM
3,0.010479,0.001,0.940214,0.846212,0.168153,1,2,0,3.491594,LOW
42,0.314964,0.011561,0.167502,0.070838,0.245965,40,2,0,90.931733,HIGH
3,0.053376,0.01276,0.431593,0.309771,0.220804,1,0,2,3.999565,LOW
2,0.02992,0.025158,0.873371,0.679034,0.197208,1,0,1,2.368055,LOW
6,0.08,0.008105,0.208905,0.057647,0.300706,1,1,4,13.958942,MEDIUM
4,0.08,0.011172,0.692655,0.540888,0.267835,1,3,0,10.929882,MEDIUM
4,0.08,0.030839,0.545708,0.455121,0.309471,0,1,3,8.065679,MEDIUM
2,0.027488,0.039719,0.972811,0.884747,0.482831,2,0,0,0.924064,LOW
12,0.08,0.007716,0.687433,0.517841,0.236415,7,1,4,25.0,MEDIUM
0,0.0,0.0,1.0,1.0,0.0,0,0,0,0.0,LOW
10,0.176917,0.014607,0.278094,0.205185,0.437169,0,0,10,17.586068,MEDIUM
43,0.81131,0.016559,0.155179,0.116297,0.37526,19,9,15,155.080623,HIGH
6,0.265116,0.049037,0.371359,0.186539,0.460252,2,3,1,11.92205,MEDIUM
51,0.751188,0.010341,0.212662,0.18166,0.332681,5,36,10,88.021657,HIGH
9,0.281617,0.027827,0.245499,0.188273,0.330696,3,4,2,13.840846,MEDIUM
1,0.004272,0.001,0.505716,0.359108,0.137701,1,0,0,0.676482,LOW
48,0.704418,0.013069,0.134339,0.044004,0.168385,3,11,34,179.890436,HIGH
5,0.08,0.02401,0.320478,0.1995,0.465199,3,1,1,12.307695,MEDIUM
1,0.033116,0.021905,0.366231,0.163113,0.385596,1,0,0,0.266304,LOW
3,0.323042,0.1,0.36264,0.172236,0.196835,0,1,2,5.4465,MEDIUM
3,0.128807,0.046893,0.333733,0.173451,0.431461,3,0,0,8.83902,MEDIUM
31,0.605557,0.015737,0.239021,0.202521,0.252523,12,8,11,59.020974,HIGH
11,0.303176,0.031554,0.236876,0.171372,0.194045,6,4,1,17.249053,HIGH
1,0.015552,0.021791,0.648207,0.502078,0.262274,1,0,0,0.887652,LOW
12,0.831918,0.074613,0.016005,0.002,0.230452,4,1,7,35.873441,HIGH
47,0.857663,0.014395,0.044689,0.013761,0.286392,2,41,4,132.499993,HIGH
3,0.038082,0.014956,0.749967,0.572842,0.359672,1,2,0,3.951812,LOW
15,0.628482,0.040772,0.276635,0.203917,0.172412,3,10,2,51.315939,HIGH
0,0.0,0.0,1.0,1.0,0.0,0,0,0,0.0,LOW
29,0.408553,0.012499,0.048216,0.002,0.122548,10,6,13,55.444158,HIGH
8,0.143762,0.023341,0.56878,0.44863,0.319479,1,3,4,16.304575,MEDIUM
8,0.106134,0.016614,0.485699,0.342379,0.42412,2,2,4,23.301974,MEDIUM
21,0.298219,0.016284,0.2622,0.213038,0.319913,14,3,4,61.834468,HIGH
134,0.733542,0.002,0.03097,0.003091,0.299742,24,51,59,398.028043,HIGH
13,0.55118,0.043588,0.103938,0.055746,0.189001,2,0,11,46.362094,HIGH
11,0.461593,0.040463,0.166076,0.127285,0.336137,5,5,1,38.838463,HIGH
113,0.808511,0.007204,0.009431,0.002,0.063672,41,23,49,400.0,HIGH
4,0.37601,0.086884,0.403895,0.256468,0.309281,0,3,1,10.441427,MEDIUM
4,0.0376,0.023108,0.647417,0.573886,0.20106,1,2,1,5.0,LOW
33,0.645357,0.019464,0.083673,0.05603,0.190253,0,24,9,121.35203,HIGH
4,0.010228,0.001,0.924761,0.808154,0.352462,1,2,1,5.0,LOW
10,0.1168,0.010982,0.111567,0.049637,0.244887,1,7,2,17.453445,MEDIUM
9,0.097669,0.007098,0.333275,0.184593,0.41985,4,5,0,19.390508,MEDIUM
11,0.294683,0.023175,0.330546,0.150544,0.07867,0,7,4,25.0,MEDIUM
39,0.541539,0.014056,0.268624,0.245051,0.354312,9,15,15,151.59613,HIGH
4,0.036687,0.003103,0.414051,0.321936,0.200752,0,3,1,3.542496,LOW
11,0.185804,0.014147,0.331181,0.132114,0.292684,3,7,1,14.781369,MEDIUM
49,0.319529,0.005561,0.092976,0.01972,0.083297,6,8,35,90.912876,HIGH
0,0.0,0.0,1.0,1.0,0.0,0,0,0,0.0,LOW
4,0.034414,0.001531,0.855274,0.804958,0.306939,0,2,2,2.469414,LOW
7,0.393526,0.054905,0.473189,0.353197,0.114179,1,2,4,18.361254,MEDIUM
2,0.001,0.005314,0.640378,0.528472,0.568319,0,2,0,2.321363,LOW
1,0.03282,0.015835,1.0,0.800232,0.420856,1,0,0,0.961121,LOW
7,0.316981,0.043084,0.646468,0.543169,0.459883,4,2,1,7.927705,MEDIUM
39,0.583193,0.011454,0.130051,0.049892,0.26713,17,14,8,135.933724,HIGH
3,0.06605,0.025396,0.549275,0.405631,0.154071,1,0,2,3.801554,LOW
1,0.013611,0.001777,0.661379,0.413772,0.224678,1,0,0,0.646382,LOW
4,0.001,0.001,0.44702,0.393412,0.443905,0,1,3,3.25414,LOW
10,0.24894,0.022851,0.267356,0.129634,0.162232,4,6,0,20.016226,MEDIUM
4,0.016997,0.001,0.730883,0.614715,0.078613,0,0,4,3.602566,LOW
37,0.655369,0.014394,0.202386,0.163284,0.046261,0,6,31,107.706855,HIGH
40,0.849933,0.023191,0.301463,0.201594,0.116302,7,17,16,88.319001,HIGH
7,0.195082,0.026659,0.145515,0.02,0.407584,5,0,2,18.047573,MEDIUM
111,0.614623,0.004752,0.058437,0.002,0.25757,30,36,45,181.488938,HIGH
11,0.181489,0.005773,0.306766,0.108938,0.198616,2,1,8,15.108258,MEDIUM
1,0.003665,0.001,0.813864,0.694991,0.340758,1,0,0,1.316402,LOW
9,0.185951,0.022809,0.499189,0.392205,0.28651,1,3,5,25.0,MEDIUM
25,0.465424,0.020231,0.213427,0.189838,0.199992,7,12,6,51.395473,HIGH
49,0.703375,0.012452,0.155744,0.078905,0.298055,14,26,9,143.263995,HIGH
41,0.684054,0.015867,0.047234,0.002,0.194485,3,1,37,64.49843,HIGH
9,0.258755,0.028187,0.452299,0.284057,0.174366,0,6,3,25.0,MEDIUM
24,0.742555,0.028749,0.126378,0.041077,0.260464,14,7,3,93.040562,HIGH
1,0.021385,0.015086,0.553357,0.45196,0.425714,0,0,1,1.101839,LOW
44,0.51677,0.013204,0.064207,0.002,0.399003,21,9,14,128.622821,HIGH
10,0.374601,0.038206,0.020053,0.002,0.401987,1,3,6,20.421191,HIGH
8,0.126904,0.00763,0.310276,0.15938,0.323818,0,2,6,16.941256,MEDIUM
30,0.794317,0.028147,0.230776,0.154845,0.308663,18,7,5,117.903847,HIGH
3,0.020878,0.005232,0.499473,0.428715,0.337084,1,2,0,2.055085,LOW
6,0.206301,0.029955,0.08163,0.02,0.197107,0,3,3,11.744938,MEDIUM
47,0.898487,0.020113,0.019094,0.002,0.319059,24,5,18,177.187258,HIGH
20,0.297743,0.013169,0.129804,0.104601,0.366828,8,5,7,31.525026,HIGH
11,0.091744,0.007926,0.240022,0.15526,0.464952,3,2,6,15.179385,MEDIUM
3,0.005498,0.001,0.638105,0.567465,0.295097,1,2,0,2.489043,LOW
116,0.65273,0.012202,0.015324,0.002,0.185472,12,58,46,400.0,HIGH
3,0.013167,0.008452,1.0,0.7668,0.109241,1,1,1,1.139945,LOW
31,0.670912,0.021419,0.25325,0.159576,0.357456,7,12,12,64.071882,HIGH
3,0.027793,0.005302,0.748589,0.512587,0.218052,0,2,1,1.886894,LOW
6,0.322931,0.050474,0.352761,0.23295,0.421812,1,1,4,14.119723,MEDIUM
3,0.185037,0.064272,0.05,0.02,0.368255,1,2,0,4.338907,MEDIUM
2,0.019287,0.01789,0.508054,0.277084,0.294629,0,1,1,1.755967,LOW
1,0.027416,0.011767,0.913023,0.713059,0.158114,0,1,0,1.216585,LOW
6,0.269377,0.048628,0.529413,0.416915,0.334584,4,0,2,12.260842,MEDIUM
1,0.005329,0.001,0.947806,0.709187,0.403274,1,0,0,1.330194,LOW
6,0.240164,0.0381,0.457115,0.276621,0.384284,0,1,5,14.846194,MEDIUM
34,0.720007,0.023198,0.146181,0.056974,0.057354,0,2,32,117.586086,HIGH
5,0.184995,0.034896,0.543024,0.488363,0.346206,2,1,2,10.487273,MEDIUM
22,0.420124,0.015302,0.151743,0.121037,0.198632,9,5,8,83.272083,HIGH
3,0.306975,0.092181,0.152745,0.073163,0.409402,0,3,0,5.808604,MEDIUM
34,0.509177,0.018109,0.296953,0.286385,0.215646,3,21,10,133.847224,HIGH
38,0.645274,0.010882,0.154501,0.127946,0.197484,18,4,16,63.315295,HIGH
2,0.022787,0.001,0.430391,0.194505,0.380491,0,0,2,2.049936,LOW
6,0.296153,0.045184,0.494756,0.414264,0.205189,2,1,3,13.541828,MEDIUM
7,0.176346,0.020358,0.407173,0.296624,0.390464,1,3,3,12.763139,MEDIUM
9,0.08,0.005,0.269186,0.156542,0.361348,5,3,1,21.519179,MEDIUM
19,0.698148,0.039019,0.202839,0.190408,0.117095,2,5,12,60.306178,HIGH
4,0.181636,0.044216,0.158645,0.02,0.306385,2,1,1,9.06839,MEDIUM
6,0.217171,0.035433,0.182071,0.02,0.376263,1,3,2,13.150908,MEDIUM
7,0.08,0.020909,0.054144,0.02,0.395379,2,3,2,14.825261,MEDIUM
36,0.652257,0.017006,0.217845,0.123438,0.168112,24,11,1,102.022023,HIGH
17,0.40348,0.027003,0.112206,0.02738,0.22228,9,1,7,42.2809,HIGH
39,0.453972,0.017559,0.132238,0.057516,0.342036,28,8,3,135.896322,HIGH
12,0.155854,0.017404,0.119176,0.068728,0.055158,0,3,9,12.856424,MEDIUM
43,0.588005,0.012498,0.121275,0.027036,0.231811,0,7,36,64.770684,HIGH
5,0.181924,0.032458,0.367442,0.314539,0.204547,2,3,0,11.440299,MEDIUM
17,0.746957,0.043324,0.042109,0.029615,0.061721,9,5,3,30.115122,HIGH
11,0.123715,0.020588,0.160242,0.031282,0.177776,7,0,4,23.045813,MEDIUM
9,0.40669,0.046858,0.127963,0.02,0.463629,3,0,6,15.875374,MEDIUM
4,0.02337,0.015241,0.963501,0.822619,0.237653,0,0,4,1.671512,LOW
0,0.0,0.0,1.0,1.0,0.0,0,0,0,0.0,LOW
45,0.431554,0.014335,0.125964,0.093556,0.309467,10,16,19,160.558404,HIGH
13,0.963048,0.074376,0.005,0.002,0.475524,1,6,6,34.832446,HIGH
15,0.704781,0.04766,0.016914,0.002,0.02,3,10,2,47.138481,HIGH
40,0.796681,0.020303,0.100753,0.003391,0.332593,0,33,7,139.689244,HIGH
1,0.049408,0.044636,0.906055,0.836157,0.389731,0,1,0,1.04257,LOW
11,0.413686,0.040274,0.331597,0.205483,0.22147,0,4,7,23.95144,MEDIUM
2,0.021011,0.005762,0.742418,0.504821,0.372639,0,2,0,2.426864,LOW
2,0.031451,0.011421,1.0,0.781034,0.381561,2,0,0,2.66088,LOW
2,0.012215,0.011723,0.823739,0.586717,0.342932,1,1,0,2.287001,LOW
2,0.003772,0.001,0.63286,0.428147,0.478105,0,1,1,1.062668,LOW
12,0.254022,0.015678,0.57868,0.469445,0.189466,6,2,4,18.000321,MEDIUM
1,0.005832,0.015722,0.468332,0.225382,0.13176,1,0,0,0.75964,LOW
6,0.178896,0.027884,0.508538,0.319242,0.301479,0,2,4,16.271306,MEDIUM
1,0.045741,0.034594,0.923039,0.764074,0.140579,0,0,1,0.357478,LOW
2,0.044887,0.032723,0.806555,0.640034,0.158815,1,1,0,2.426118,LOW
52,0.626194,0.013235,0.245371,0.159804,0.166203,7,23,22,127.022763,HIGH
55,0.307425,0.0034,0.175082,0.085119,0.213909,41,14,0,215.843583,HIGH
2,0.027664,0.0049,0.769402,0.663191,0.168058,1,1,0,1.841208,LOW
3,0.017332,0.010908,0.630953,0.552383,0.424825,0,2,1,1.250368,LOW
45,0.455839,0.006673,0.128571,0.031568,0.298216,11,15,19,110.866873,HIGH
102,0.790402,0.007897,0.160286,0.079866,0.02,35,0,67,263.641729,HIGH
3,0.038461,0.01292,0.890918,0.798226,0.236412,0,2,1,2.541716,LOW
52,0.501071,0.014998,0.34467,0.334354,0.181732,10,2,40,145.538267,HIGH
25,0.836375,0.035743,0.201171,0.178164,0.138137,3,17,5,71.539552,HIGH
31,0.760799,0.022945,0.098136,0.063479,0.135659,12,14,5,50.309655,HIGH
4,0.001,0.004649,0.766979,0.52437,0.17472,0,0,4,3.599652,LOW
3,0.025656,0.014204,0.733827,0.492851,0.461766,3,0,0,4.354741,LOW
0,0.0,0.0,1.0,1.0,0.0,0,0,0,0.0,LOW
3,0.213657,0.076725,0.161531,0.091454,0.095068,2,0,1,9.069098,MEDIUM
4,0.158569,0.045875,0.353916,0.16687,0.356622,3,0,1,11.920141,MEDIUM
9,0.138678,0.015422,0.398812,0.227983,0.272656,0,4,5,10.114996,MEDIUM
12,0.093159,0.005659,0.581366,0.440606,0.372366,12,0,0,16.700734,MEDIUM
20,0.675951,0.033276,0.005,0.002,0.15512,2,17,1,77.955971,HIGH
4,0.08,0.019508,0.085009,0.02,0.339882,0,1,3,9.603871,MEDIUM
1,0.039165,0.031718,0.529841,0.423675,0.275525,0,1,0,0.66597,LOW
5,0.111523,0.021288,0.483355,0.290308,0.191936,1,2,2,12.031082,MEDIUM
2,0.062908,0.039862,0.403441,0.338562,0.451704,2,0,0,1.80769,LOW
47,0.339724,0.011192,0.048511,0.002,0.333069,14,20,13,124.617944,HIGH
44,0.851177,0.015912,0.005,0.002,0.436584,19,11,14,141.098585,HIGH
52,0.62609,0.006949,0.092344,0.033283,0.143693,16,28,8,169.879177,HIGH
2,0.0219,0.017945,0.739208,0.608361,0.302828,1,0,1,0.886931,LOW
5,0.21872,0.045302,0.202868,0.076601,0.211962,3,2,0,7.510904,MEDIUM
5,0.274622,0.049484,0.599864,0.500911,0.167968,1,3,1,9.931924,MEDIUM
3,0.026949,0.019486,0.545222,0.347454,0.330652,0,0,3,3.613589,LOW
4,0.029059,0.013948,0.774139,0.587071,0.302843,1,0,3,5.0,LOW
7,0.156044,0.019467,0.126749,0.02,0.09343,2,2,3,10.448974,MEDIUM
33,0.584919,0.015985,0.283276,0.191618,0.259756,15,1,17,78.63577,HIGH
22,0.544026,0.02172,0.167869,0.10323,0.090371,4,18,0,46.896265,HIGH
12,0.137146,0.012024,0.204989,0.040903,0.271316,4,7,1,12.785107,MEDIUM
34,0.725428,0.019137,0.141379,0.061533,0.341002,10,14,10,73.011734,HIGH
16,0.548726,0.03053,0.178635,0.151812,0.278487,0,11,5,58.80711,HIGH
12,0.301419,0.026084,0.245497,0.172712,0.42333,2,1,9,25.0,MEDIUM
0,0.0,0.0,1.0,1.0,0.0,0,0,0,0.0,LOW
8,0.208024,0.031142,0.104958,0.02,0.05,0,4,4,17.911803,MEDIUM
7,0.38791,0.042053,0.340721,0.221407,0.151646,1,4,2,7.887717,MEDIUM
3,0.001,0.001,0.815021,0.667946,0.221603,0,1,2,3.270505,LOW
9,0.212232,0.021198,0.380212,0.214658,0.186913,3,3,3,14.850024,MEDIUM
55,0.492937,0.008781,0.309539,0.244322,0.109148,46,7,2,161.281078,HIGH
12,0.253859,0.014734,0.133388,0.056029,0.188831,1,6,5,17.178544,MEDIUM
0,0.0,0.0,1.0,1.0,0.0,0,0,0,0.0,LOW
125,0.581075,0.002,0.169974,0.118476,0.367982,64,49,12,264.798406,HIGH
1,0.001,0.013723,0.39468,0.334071,0.291376,0,0,1,0.699807,LOW
8,0.161049,0.032436,0.296642,0.226773,0.294478,0,4,4,21.478763,MEDIUM
1,0.037202,0.03972,0.328634,0.211193,0.064488,0,1,0,0.895063,LOW
9,0.114634,0.008732,0.088704,0.02,0.359209,0,9,0,10.442705,MEDIUM
8,0.158947,0.02342,0.328504,0.184956,0.412844,4,2,2,15.748824,MEDIUM
7,0.250645,0.040421,0.499422,0.326812,0.216357,2,3,2,12.11274,MEDIUM
53,0.492456,0.010717,0.129054,0.067386,0.071335,19,26,8,137.882924,HIGH
54,0.718435,0.012102,0.167825,0.152784,0.02,11,18,25,186.09794,HIGH
4,0.08,0.030075,0.168237,0.031442,0.305176,1,1,2,5.70859,MEDIUM
3,0.295959,0.1,0.310726,0.171042,0.277501,2,1,0,7.338471,MEDIUM
1,0.003528,0.008373,0.779966,0.607224,0.254144,0,1,0,0.27007,LOW
12,0.377547,0.037116,0.652273,0.487337,0.296872,4,5,3,25.0,MEDIUM
11,0.45074,0.04018,0.558157,0.422604,0.098166,3,2,6,25.0,MEDIUM
0,0.0,0.0,1.0,1.0,0.0,0,0,0,0.0,LOW
22,0.786287,0.03421,0.142328,0.098459,0.187591,1,10,11,66.096852,HIGH
5,0.08,0.015501,0.3475,0.240366,0.482204,1,1,3,4.914461,MEDIUM
16,0.766955,0.044838,0.097578,0.07116,0.290886,3,9,4,35.239372,HIGH
10,0.08,0.00589,0.58168,0.384815,0.05,3,7,0,20.721853,MEDIUM
1,0.020541,0.020611,0.531403,0.399362,0.395495,0,1,0,1.08635,LOW
8,0.08,0.015111,0.331366,0.240531,0.343141,3,3,2,13.308861,MEDIUM
2,0.002156,0.001,0.857106,0.796981,0.104709,0,2,0,2.046484,LOW
1,0.005765,0.009436,0.826681,0.597594,0.076125,0,1,0,0.732028,LOW
3,0.045572,0.02765,0.857453,0.730071,0.342339,1,2,0,4.447186,LOW
25,0.773384,0.031276,0.059886,0.002,0.336876,4,18,3,44.934655,HIGH
2,0.01456,0.019316,0.747318,0.64252,0.316035,0,2,0,2.995935,LOW
31,0.673436,0.022239,0.215372,0.162147,0.345817,1,22,8,50.182226,HIGH
3,0.034218,0.022388,0.918113,0.747544,0.38824,0,0,3,3.273708,LOW
27,0.705987,0.028027,0.121304,0.072969,0.357324,4,5,18,104.809334,HIGH
33,0.684313,0.021947,0.249004,0.157268,0.250597,10,9,14,50.184039,HIGH
0,0.0,0.0,1.0,1.0,0.0,0,0,0,0.0,LOW
6,0.105248,0.014205,0.579141,0.432748,0.378749,1,3,2,7.186449,MEDIUM
49,0.544238,0.017548,0.079318,0.009687,0.231263,0,43,6,129.56612,HIGH
4,0.014775,0.001,0.553861,0.439211,0.565263,1,2,1,4.147153,LOW
4,0.08,0.013353,0.684428,0.58039,0.40416,2,2,0,10.449552,MEDIUM
9,0.207072,0.018811,0.136542,0.02,0.344034,4,5,0,10.388768,MEDIUM
0,0.0,0.0,1.0,1.0,0.0,0,0,0,0.0,LOW
1,0.001,0.001,0.591816,0.417237,0.122386,0,1,0,1.209774,LOW
6,0.112574,0.024903,0.382632,0.194274,0.328975,1,1,4,8.391439,MEDIUM
33,0.771527,0.0225,0.049857,0.002,0.070726,10,9,14,128.767345,HIGH
1,0.026162,0.018177,0.561926,0.437441,0.401555,0,1,0,0.501599,LOW
3,0.194086,0.06696,0.401724,0.272159,0.408737,1,1,1,5.539233,MEDIUM
38,0.54851,0.014058,0.005,0.002,0.232063,29,7,2,133.700114,HIGH
3,0.013227,0.004175,0.504783,0.354884,0.387555,2,0,1,1.762943,LOW
2,0.009576,0.011834,0.559792,0.368665,0.345111,0,2,0,2.745901,LOW
51,0.308789,0.011565,0.030463,0.021972,0.063904,15,9,27,190.572856,HIGH
5,0.217931,0.030661,0.663285,0.561939,0.318345,1,3,1,10.632065,MEDIUM
2,0.027922,0.022502,0.61191,0.467948,0.270458,0,2,0,2.11723,LOW
16,0.596948,0.039157,0.247316,0.202933,0.186333,5,4,7,39.84705,HIGH
4,0.08,0.010057,0.221827,0.108833,0.294327,1,2,1,8.589357,MEDIUM
1,0.013573,0.018352,0.520548,0.295058,0.192357,0,1,0,1.197914,LOW
35,0.620308,0.014165,0.073879,0.048253,0.122034,3,5,27,63.924841,HIGH
32,0.581209,0.021831,0.005981,0.002,0.207948,5,19,8,70.655137,HIGH
4,0.044291,0.014132,0.640101,0.454693,0.372107,0,1,3,3.887264,LOW
42,0.652982,0.013028,0.132086,0.039084,0.107965,4,15,23,131.990115,HIGH
9,0.140989,0.022562,0.468796,0.359295,0.278118,0,3,6,8.955699,MEDIUM
55,0.567475,0.01076,0.282914,0.243834,0.36744,33,9,13,85.531699,HIGH
56,0.761804,0.01184,0.102498,0.043457,0.377793,10,17,29,143.389195,HIGH
27,0.567957,0.02281,0.042183,0.024366,0.174379,0,16,11,41.850935,HIGH
4,0.018096,0.005683,0.54697,0.420981,0.083824,0,3,1,2.343632,LOW
3,0.028258,0.010712,0.508511,0.433076,0.360826,0,2,1,4.393386,LOW
23,0.822764,0.035459,0.056464,0.024908,0.375943,1,5,17,46.967535,HIGH
3,0.018754,0.006403,0.845363,0.671585,0.14336,1,0,2,3.912311,LOW
17,0.652435,0.03684,0.181668,0.172124,0.247801,4,10,3,56.633683,HIGH
2,0.03578,0.02023,0.79936,0.607993,0.6,0,0,2,0.637472,LOW
26,0.449792,0.016499,0.158262,0.123618,0.216307,5,4,17,51.616035,HIGH
1,0.058655,0.046709,0.38207,0.186923,0.302522,0,0,1,1.309401,LOW
20,0.536551,0.027339,0.050742,0.002,0.322957,12,2,6,68.66808,HIGH
4,0.258176,0.064924,0.290385,0.195478,0.136266,0,0,4,4.523384,MEDIUM
7,0.16396,0.029528,0.205544,0.097039,0.262948,1,2,4,20.099233,MEDIUM
18,0.445026,0.023588,0.288709,0.252682,0.084703,5,9,4,53.002117,HIGH
27,0.372247,0.013948,0.221287,0.215853,0.123218,1,20,6,103.118046,HIGH
12,0.090163,0.005,0.220123,0.031327,0.331779,0,9,3,17.942101,MEDIUM
6,0.084159,0.023626,0.517231,0.466846,0.254642,0,0,6,15.303166,MEDIUM
2,0.051061,0.023701,0.518662,0.311406,0.105162,1,0,1,1.657739,LOW
8,0.101183,0.014555,0.096114,0.02,0.303849,7,1,0,21.436333,MEDIUM
5,0.092033,0.014845,0.305676,0.144487,0.399871,0,1,4,12.615092,MEDIUM
2,0.017126,0.001,0.70718,0.570273,0.416633,0,1,1,1.070258,LOW
13,0.756801,0.054282,0.130961,0.082824,0.217081,4,2,7,32.873833,HIGH
53,0.682155,0.012384,0.060147,0.043566,0.089744,6,7,40,183.656594,HIGH
3,0.016248,0.001512,0.53843,0.332417,0.3642,0,0,3,3.22987,LOW
4,0.018256,0.027216,0.710799,0.501219,0.354833,0,3,1,2.334425,LOW
24,0.554271,0.020994,0.244784,0.155222,0.31507,3,3,18,38.839792,HIGH
38,0.495665,0.011918,0.143134,0.1177,0.166319,8,28,2,66.459358,HIGH
57,0.558899,0.008058,0.083999,0.041079,0.419972,12,15,30,121.579269,HIGH
6,0.21051,0.028557,0.377206,0.205102,0.192932,5,1,0,6.509117,MEDIUM
7,0.169695,0.024655,0.305014,0.194579,0.412047,4,1,2,18.21549,MEDIUM
14,0.50563,0.037077,0.158907,0.088738,0.420952,6,0,8,33.785443,HIGH
1,0.001,0.0044,0.705871,0.588988,0.38762,0,0,1,0.779422,LOW
9,0.161752,0.012802,0.334421,0.243808,0.14713,4,2,3,13.289766,MEDIUM
9,0.206491,0.028069,0.388063,0.228686,0.219612,0,2,7,24.571437,MEDIUM
9,0.139401,0.013019,0.463309,0.300443,0.29635,3,2,4,23.687591,MEDIUM
8,0.08,0.009262,0.48119,0.360526,0.236889,1,7,0,21.923412,MEDIUM
14,0.88644,0.060314,0.005,0.002,0.305118,0,7,7,43.191387,HIGH
6,0.273692,0.050205,0.664484,0.521431,0.221474,3,2,1,7.140723,MEDIUM
30,0.641867,0.02284,0.108985,0.027442,0.229719,2,8,20,90.734266,HIGH
147,0.859132,0.003035,0.163531,0.12366,0.328634,91,38,18,400.0,HIGH
3,0.305826,0.1,0.469453,0.383889,0.268967,2,0,1,3.442146,MEDIUM
16,0.434955,0.026611,0.059853,0.028095,0.185964,3,2,11,35.77702,HIGH
53,0.760265,0.017531,0.242214,0.197979,0.031193,3,46,4,147.35923,HIGH
1,0.039944,0.03148,0.524936,0.327739,0.01499,0,1,0,1.225576,LOW
4,0.015518,0.001,0.590115,0.537383,0.470337,1,0,3,1.789373,LOW
17,0.424669,0.026164,0.134796,0.047302,0.135776,9,2,6,26.753084,HIGH
48,0.732524,0.016964,0.233032,0.215411,0.194731,8,30,10,97.174073,HIGH
8,0.365333,0.045727,0.132911,0.021771,0.373415,4,2,2,12.624601,MEDIUM
21,0.745527,0.038624,0.142136,0.117158,0.159925,7,5,9,43.732912,HIGH
30,0.707849,0.023079,0.005,0.002,0.223593,0,25,5,57.135906,HIGH
4,0.205919,0.05731,0.154205,0.041764,0.401196,0,2,2,9.908893,MEDIUM
12,0.131519,0.005316,0.465888,0.279804,0.165702,2,10,0,25.0,MEDIUM
12,0.362295,0.033035,0.119206,0.02,0.229452,0,12,0,25.0,MEDIUM
1,0.038173,0.029622,0.721825,0.583795,0.192701,0,1,0,0.926417,LOW
9,0.088507,0.0115,0.252494,0.065065,0.491213,0,0,9,24.361839,MEDIUM
11,0.307683,0.033171,0.587628,0.537202,0.264013,3,7,1,18.132239,MEDIUM
5,0.251689,0.053185,0.440711,0.366315,0.250602,2,3,0,13.501083,MEDIUM
5,0.302655,0.065963,0.238541,0.179147,0.39364,0,5,0,14.306338,MEDIUM
0,0.0,0.0,1.0,1.0,0.0,0,0,0,0.0,LOW
11,0.302848,0.033983,0.496087,0.428367,0.451618,3,7,1,18.428019,MEDIUM
0,0.0,0.0,1.0,1.0,0.0,0,0,0,0.0,LOW
10,0.08,0.005355,0.276161,0.145066,0.326411,4,3,3,11.893399,MEDIUM
2,0.06666,0.040599,0.853667,0.783187,0.053642,1,1,0,2.469679,LOW
5,0.245238,0.047851,0.172379,0.046961,0.235027,3,0,2,6.655791,MEDIUM
10,0.234181,0.031878,0.304258,0.112001,0.219768,2,5,3,16.086336,MEDIUM
117,0.603916,0.006729,0.074364,0.010338,0.193272,63,30,24,400.0,HIGH
16,0.474162,0.037106,0.18436,0.135866,0.155502,10,2,4,50.973703,HIGH
4,0.001,0.001,0.838913,0.729914,0.011695,2,1,1,1.495788,LOW
9,0.08,0.009733,0.674701,0.557685,0.423803,6,0,3,20.193951,MEDIUM
3,0.022284,0.007384,0.647536,0.500887,0.480521,1,1,1,3.571751,LOW
17,0.592642,0.033924,0.212354,0.160104,0.066939,0,9,8,45.274501,HIGH
9,0.12138,0.011973,0.642745,0.443211,0.239209,5,1,3,17.499211,MEDIUM
1,0.050886,0.043156,0.403976,0.233794,0.194791,0,0,1,1.140042,LOW
7,0.161198,0.022166,0.394689,0.251409,0.151858,0,4,3,11.25163,MEDIUM
4,0.194659,0.050039,0.053967,0.02,0.295852,1,2,1,4.800637,MEDIUM
26,0.671021,0.024098,0.130161,0.099615,0.267936,0,8,18,44.257842,HIGH
0,0.0,0.0,1.0,1.0,0.0,0,0,0,0.0,LOW
31,0.361475,0.004566,0.19824,0.188192,0.137401,4,16,11,100.078588,HIGH
54,0.271249,0.005045,0.223438,0.135637,0.172744,12,14,28,170.817853,HIGH
10,0.287026,0.021468,0.269884,0.163589,0.331042,2,1,7,11.582466,MEDIUM
4,0.015764,0.010515,0.715,0.656684,0.21955,0,2,2,3.566322,LOW
23,0.57367,0.024909,0.164129,0.132453,0.124641,6,2,15,58.944908,HIGH
12,0.278857,0.025417,0.33212,0.156635,0.305436,2,6,4,25.0,MEDIUM
5,0.167311,0.032592,0.552674,0.471393,0.157983,3,2,0,10.699423,MEDIUM
6,0.262953,0.03981,0.181209,0.102507,0.141104,1,4,1,12.719168,MEDIUM
69,0.621423,0.008407,0.174735,0.120178,0.197035,14,44,11,234.156248,HIGH
1,0.074683,0.071073,0.61472,0.464903,0.398446,0,0,1,0.762844,LOW
22,0.487467,0.021671,0.005,0.002,0.095457,2,8,12,78.031155,HIGH
53,0.863392,0.017909,0.256415,0.220966,0.122241,0,11,42,171.849772,HIGH
5,0.284599,0.053474,0.425956,0.259775,0.151501,3,1,1,5.62912,MEDIUM
4,0.001,0.001,0.451887,0.332002,0.457618,0,4,0,4.244803,LOW
43,0.677521,0.016558,0.113396,0.046106,0.397932,2,32,9,139.773765,HIGH
12,0.08,0.009646,0.452645,0.344917,0.17332,2,2,8,15.662186,MEDIUM
10,0.498728,0.052111,0.193841,0.164536,0.173408,2,6,2,16.353423,HIGH
4,0.069208,0.035679,0.363016,0.300371,0.334662,0,1,3,5.0,LOW
30,0.442013,0.018597,0.264274,0.240433,0.358617,2,10,18,105.28494,HIGH
12,0.25,0.022025,0.272689,0.205809,0.319529,3,8,1,42.197971,HIGH
1,0.065879,0.059253,0.789287,0.64974,0.412973,0,1,0,0.666396,LOW
48,0.620424,0.013439,0.15185,0.085837,0.284334,1,12,35,115.884097,HIGH
7,0.211518,0.036161,0.673571,0.570098,0.316658,5,0,2,9.339299,MEDIUM
26,0.701437,0.029267,0.161157,0.121971,0.387674,3,10,13,61.597994,HIGH
10,0.330459,0.032203,0.698439,0.530451,0.344916,5,4,1,25.0,MEDIUM
53,0.382408,0.004476,0.256356,0.185461,0.205201,25,27,1,121.718187,HIGH
37,0.540614,0.016093,0.042179,0.002,0.207673,4,10,23,106.309277,HIGH
10,0.651757,0.066199,0.190076,0.138519,0.230857,0,1,9,28.994193,HIGH
12,0.08,0.009169,0.3558,0.250339,0.303258,8,1,3,25.0,MEDIUM
2,0.021277,0.019197,0.620162,0.491896,0.389281,1,0,1,2.451217,LOW
59,0.439119,0.002971,0.119856,0.048135,0.145733,45,12,2,191.031791,HIGH
10,0.69649,0.06948,0.130373,0.061746,0.270216,0,10,0,28.886393,HIGH
32,0.497379,0.015836,0.138123,0.118443,0.351553,16,13,3,83.735274,HIGH
123,0.819717,0.005766,0.146195,0.070187,0.074048,23,75,25,201.17113,HIGH
3,0.008877,0.001,0.812402,0.65649,0.068667,1,1,1,3.66835,LOW
3,0.005967,0.00542,1.0,0.751104,0.248702,1,0,2,2.54141,LOW
7,0.220697,0.033121,0.416835,0.325243,0.183268,4,2,1,10.753015,MEDIUM
51,0.755174,0.011704,0.189189,0.125238,0.276907,10,4,37,102.180893,HIGH
3,0.025402,0.015692,0.652357,0.556969,0.462141,0,3,0,2.874797,LOW
6,0.135954,0.014329,0.342177,0.213441,0.287689,2,3,1,12.626846,MEDIUM
8,0.08,0.012188,0.405772,0.229133,0.117281,0,3,5,19.579984,MEDIUM
9,0.419247,0.049965,0.536629,0.390438,0.357874,0,9,0,11.728265,MEDIUM
2,0.04451,0.017073,0.579094,0.40635,0.200139,1,1,0,2.085003,LOW
1,0.029457,0.012182,0.322865,0.128819,0.438068,0,0,1,0.524263,LOW
16,0.417994,0.027845,0.25698,0.203434,0.320234,5,3,8,33.124429,HIGH
17,0.529401,0.033532,0.133114,0.081973,0.278121,7,5,5,38.514784,HIGH
43,0.666962,0.021752,0.035244,0.027186,0.225649,2,21,20,147.717899,HIGH
4,0.147011,0.050248,0.217967,0.067468,0.082252,0,3,1,8.448174,MEDIUM
11,0.262953,0.024233,0.368694,0.199847,0.196181,0,5,6,25.0,MEDIUM
0,0.0,0.0,1.0,1.0,0.0,0,0,0,0.0,LOW
12,0.187458,0.013808,0.385349,0.309644,0.213594,10,2,0,24.787863,MEDIUM
10,0.276261,0.025357,0.552443,0.476776,0.395151,1,8,1,25.0,MEDIUM
9,0.192944,0.024929,0.504256,0.304509,0.314883,1,8,0,10.015914,MEDIUM
5,0.339144,0.075165,0.075611,0.02,0.138905,0,2,3,14.815115,MEDIUM
11,0.284043,0.023662,0.562323,0.512157,0.288086,4,7,0,25.0,MEDIUM
2,0.053901,0.022715,0.830851,0.770661,0.25359,0,2,0,1.477088,LOW
54,0.557325,0.01327,0.017458,0.002,0.179806,28,20,6,165.4611,HIGH
9,0.093362,0.01631,0.558357,0.460003,0.399098,1,3,5,11.387967,MEDIUM
10,0.221469,0.023125,0.344342,0.240949,0.146504,0,4,6,20.182185,MEDIUM
3,0.153121,0.04971,0.318103,0.242061,0.331381,1,2,0,3.351873,MEDIUM
52,0.360803,0.00706,0.285275,0.227272,0.02,17,31,4,134.414925,HIGH
3,0.036321,0.023429,0.941778,0.780249,0.384049,1,0,2,3.893612,LOW
7,0.08,0.006725,0.404364,0.306158,0.169381,1,3,3,15.380288,MEDIUM
3,0.001,0.009063,0.899557,0.810329,0.499081,1,0,2,4.34378,LOW
2,0.017557,0.001,0.356728,0.259141,0.37253,1,0,1,2.200172,LOW
2,0.001662,0.001,0.491297,0.330824,0.328482,0,2,0,2.621545,LOW
85,0.798881,0.012583,0.069145,0.040355,0.290161,0,54,31,311.993191,HIGH
0,0.0,0.0,1.0,1.0,0.0,0,0,0,0.0,LOW
58,0.408114,0.006429,0.17409,0.099033,0.087296,1,52,5,173.908374,HIGH
2,0.042315,0.025376,0.515223,0.383038,0.191516,0,2,0,1.12432,LOW
1,0.049714,0.032055,0.65323,0.575835,0.309754,0,1,0,0.407625,LOW
57,0.495465,0.007683,0.131799,0.12149,0.371544,7,12,38,139.929392,HIGH
12,0.217555,0.015203,0.212043,0.114265,0.142695,5,5,2,14.172191,MEDIUM
2,0.025464,0.001849,0.478555,0.347996,0.322552,0,2,0,1.492368,LOW
5,0.099178,0.023514,0.487348,0.340729,0.123941,0,0,5,9.905622,MEDIUM
7,0.425371,0.057314,0.32703,0.252912,0.226851,0,1,6,19.086299,MEDIUM
3,0.043069,0.016107,0.856108,0.609723,0.232075,0,1,2,2.082415,LOW
43,0.580639,0.017218,0.201137,0.179765,0.25453,6,15,22,140.819915,HIGH
11,0.08,0.009633,0.5033,0.43835,0.124689,1,3,7,25.0,MEDIUM
22,0.545011,0.023172,0.033747,0.019917,0.307276,18,4,0,41.861312,HIGH
12,0.185025,0.018853,0.318243,0.126317,0.437698,1,6,5,25.0,MEDIUM
51,0.484465,0.008686,0.01825,0.002,0.05088,48,1,2,196.80937,HIGH
0,0.0,0.0,1.0,1.0,0.0,0,0,0,0.0,LOW
4,0.168706,0.053692,0.262923,0.200437,0.257333,0,3,1,4.922011,MEDIUM
6,0.18941,0.038517,0.288952,0.151095,0.303099,2,0,4,17.415501,MEDIUM
58,0.758405,0.011729,0.020702,0.002,0.209412,11,31,16,195.749133,HIGH
15,0.568164,0.040398,0.185005,0.094767,0.267755,0,8,7,30.428789,HIGH
27,0.573943,0.023846,0.233502,0.185828,0.224244,16,6,5,70.797531,HIGH
1,0.006182,0.006916,0.923647,0.707332,0.078917,0,1,0,0.700439,LOW
2,0.032354,0.010203,0.766942,0.582163,0.172427,0,1,1,1.00827,LOW
8,0.08,0.009509,0.127069,0.02,0.343148,1,2,5,15.382399,MEDIUM
9,0.08,0.011452,0.159846,0.02,0.107133,0,3,6,14.574041,MEDIUM
6,0.209443,0.031674,0.382296,0.2961,0.372622,0,0,6,8.470716,MEDIUM
3,0.029884,0.012644,0.465927,0.336118,0.436938,0,1,2,3.279855,LOW
33,0.311527,0.008773,0.181532,0.09431,0.225142,13,16,4,106.973497,HIGH
4,0.1362,0.033712,0.521004,0.463696,0.265656,0,1,3,5.151877,MEDIUM
4,0.049129,0.020826,0.47627,0.239594,0.207809,1,1,2,3.937009,LOW
4,0.015426,0.008989,0.594052,0.4796,0.514875,3,0,1,2.029918,LOW
86,0.535695,0.00933,0.181625,0.160378,0.031452,67,16,3,171.870412,HIGH
32,0.536063,0.015888,0.150168,0.092218,0.318231,0,14,18,69.591109,HIGH
64,0.43499,0.004149,0.101179,0.013013,0.375773,1,44,19,165.381743,HIGH
0,0.0,0.0,1.0,1.0,0.0,0,0,0,0.0,LOW
0,0.0,0.0,1.0,1.0,0.0,0,0,0,0.0,LOW
2,0.004384,0.012763,0.689609,0.625131,0.181281,1,1,0,1.973828,LOW
2,0.001,0.015654,0.647679,0.554597,0.267068,1,0,1,1.901312,LOW
3,0.015334,0.04114,0.735543,0.547491,0.287948,0,2,1,4.269873,LOW
15,0.689441,0.052126,0.122392,0.030429,0.319406,8,4,3,49.268182,HIGH
46,0.349313,0.007883,0.239108,0.184029,0.194814,4,26,16,121.564376,HIGH
46,0.431107,0.011119,0.090235,0.07442,0.130319,11,1,34,143.880664,HIGH
22,0.676443,0.033945,0.038524,0.002,0.155372,2,16,4,72.051352,HIGH
0,0.0,0.0,1.0,1.0,0.0,0,0,0,0.0,LOW
5,0.155242,0.036006,0.63115,0.522417,0.44916,0,5,0,5.537243,MEDIUM
43,0.39174,0.007929,0.168822,0.142072,0.130154,33,8,2,146.835361,HIGH
0,0.0,0.0,1.0,1.0,0.0,0,0,0,0.0,LOW
121,0.686471,0.002,0.171776,0.105305,0.220228,31,44,46,400.0,HIGH
3,0.013037,0.010136,0.639714,0.496729,0.017638,1,1,1,4.114345,LOW
42,0.490025,0.015811,0.212348,0.155224,0.02,4,23,15,162.33087,HIGH
5,0.250988,0.047905,0.353406,0.184098,0.085501,0,3,2,13.559544,MEDIUM
52,0.695877,0.013181,0.088786,0.060674,0.122387,14,29,9,121.41957,HIGH
3,0.012506,0.001,0.810605,0.645324,0.296846,2,1,0,3.669439,LOW
11,0.288387,0.022622,0.333026,0.232574,0.196804,3,6,2,25.0,MEDIUM
50,0.833338,0.016692,0.271802,0.207313,0.418856,9,40,1,75.14435,HIGH
4,0.025576,0.019301,0.908634,0.725933,0.149331,2,1,1,3.231153,LOW
3,0.252495,0.071516,0.254206,0.080815,0.394674,1,1,1,7.335147,MEDIUM
5,0.262483,0.049722,0.265165,0.213608,0.129745,2,3,0,12.256749,MEDIUM
0,0.0,0.0,1.0,1.0,0.0,0,0,0,0.0,LOW
49,0.436706,0.005885,0.226855,0.173362,0.104129,5,38,6,172.751629,HIGH
1,0.021471,0.020698,0.766657,0.692808,0.138153,0,0,1,0.307965,LOW
7,0.353521,0.059652,0.496869,0.413464,0.273354,0,0,7,18.176791,MEDIUM
2,0.032294,0.002642,1.0,0.896948,0.293045,1,1,0,2.365268,LOW
2,0.001,0.013294,0.682084,0.531051,0.469702,0,2,0,1.625932,LOW
9,0.133285,0.018837,0.3145,0.118712,0.250576,0,1,8,24.630547,MEDIUM
8,0.08,0.007889,0.666919,0.616563,0.179003,7,0,1,19.056323,MEDIUM
9,0.095261,0.017825,0.464402,0.37229,0.192467,0,1,8,18.028034,MEDIUM
1,0.023987,0.025046,0.612006,0.475834,0.233764,0,1,0,0.940059,LOW
7,0.189345,0.040075,0.198747,0.071441,0.291383,2,1,4,9.283419,MEDIUM
8,0.255029,0.024484,0.16108,0.10445,0.110934,2,5,1,14.829108,MEDIUM
4,0.032923,0.001,0.501164,0.298627,0.095848,0,1,3,5.0,LOW
12,0.334533,0.025664,0.397801,0.270888,0.168105,0,9,3,12.863537,MEDIUM
7,0.176023,0.034491,0.24115,0.176542,0.181712,0,2,5,12.862338,MEDIUM
4,0.011994,0.001,0.523231,0.439264,0.075301,0,1,3,5.0,LOW
36,0.443676,0.010015,0.113755,0.097352,0.25925,21,0,15,63.266846,HIGH
136,0.618711,0.002,0.229807,0.178758,0.468142,4,89,43,400.0,HIGH
3,0.189071,0.062571,0.7,0.55783,0.427337,0,3,0,7.998878,MEDIUM
1,0.023877,0.02924,0.477845,0.423203,0.310627,0,1,0,0.633115,LOW
4,0.012236,0.001,0.738043,0.488803,0.066338,3,1,0,4.419036,LOW
5,0.193565,0.039259,0.460626,0.300803,0.233645,0,2,3,8.662166,MEDIUM
24,0.743716,0.032754,0.116109,0.049042,0.37321,7,9,8,89.454733,HIGH
8,0.157769,0.017156,0.05,0.02,0.327834,1,2,5,23.163248,MEDIUM
12,0.306353,0.027092,0.358404,0.235973,0.264387,5,4,3,25.0,MEDIUM
2,0.04192,0.011325,0.327022,0.099598,0.281549,1,0,1,2.504895,LOW
11,0.237062,0.016724,0.7,0.625149,0.188042,2,5,4,22.75843,MEDIUM
0,0.0,0.0,1.0,1.0,0.0,0,0,0,0.0,LOW
6,0.113086,0.021042,0.26827,0.098564,0.200462,2,0,4,13.827837,MEDIUM
9,0.114842,0.014406,0.402311,0.264515,0.125426,1,8,0,13.6045,MEDIUM
9,0.266472,0.0189,0.180034,0.02,0.369712,1,0,8,14.86684,MEDIUM
1,0.034199,0.051032,0.84633,0.679631,0.195966,0,1,0,1.001697,LOW
0,0.0,0.0,1.0,1.0,0.0,0,0,0,0.0,LOW
3,0.292805,0.1,0.452203,0.280706,0.410806,0,2,1,9.041362,MEDIUM
24,0.513832,0.022534,0.179501,0.136626,0.071513,3,13,8,57.073257,HIGH
25,0.437352,0.021827,0.005,0.002,0.379028,3,15,7,45.700262,HIGH
139,0.724893,0.00738,0.034582,0.020628,0.099849,4,17,118,300.673631,HIGH
46,0.633913,0.01432,0.032221,0.002,0.151291,18,19,9,152.200348,HIGH
2,0.008208,0.016563,0.681229,0.550806,0.113768,1,1,0,2.202887,LOW
11,0.138042,0.018808,0.345955,0.188171,0.394052,3,7,1,12.465313,MEDIUM
7,0.174828,0.010969,0.627313,0.471082,0.294668,4,0,3,19.051378,MEDIUM
3,0.031893,0.009309,0.878474,0.79508,0.322418,2,0,1,2.000544,LOW
4,0.103051,0.021651,0.546858,0.376178,0.166817,0,3,1,5.074053,MEDIUM
3,0.013334,0.004396,0.565452,0.506539,0.288818,0,0,3,2.569418,LOW
7,0.216793,0.026483,0.495095,0.37901,0.424754,3,2,2,7.924708,MEDIUM
10,0.281555,0.02481,0.309117,0.141936,0.211138,3,3,4,25.0,MEDIUM
20,0.642633,0.031183,0.136354,0.089134,0.250226,1,9,10,75.362173,HIGH
15,0.475976,0.026382,0.160395,0.096211,0.100774,0,9,6,38.336986,HIGH
3,0.087944,0.023257,0.733372,0.518334,0.155529,0,2,1,3.607042,LOW
7,0.272679,0.041321,0.37807,0.306297,0.209987,6,0,1,9.538957,MEDIUM
23,0.707122,0.032711,0.278799,0.246937,0.079635,7,10,6,72.23756,HIGH
0,0.0,0.0,1.0,1.0,0.0,0,0,0,0.0,LOW
